2026-04-25 22:25:15,409 [INFO] backend: Stock Intelligence Platform backend v2.0.0 starting (log: C:\Users\mohan\Stock App\stock-intelligence-platform\storage\logs\backend.log)
2026-04-25 22:25:37,142 [INFO] backend: Stock Intelligence Platform backend v2.0.0 starting (log: C:\Users\mohan\Stock App\stock-intelligence-platform\storage\logs\backend.log)
2026-04-25 22:26:59,912 [INFO] backend: POST /api/patterns/scan -> 200 in 66699ms
2026-04-25 22:27:39,509 [INFO] backend: POST /api/patterns/scan -> 200 in 62255ms
2026-04-25 22:28:41,455 [INFO] backend: Backend shutting down
2026-04-25 22:29:04,960 [INFO] backend: Stock Intelligence Platform backend v2.0.0 starting (log: C:\Users\mohan\Stock App\stock-intelligence-platform\storage\logs\backend.log)
2026-04-25 22:29:18,909 [INFO] backend: GET /favicon.ico -> 404 in 1ms
2026-04-25 22:30:29,046 [INFO] backend: POST /api/patterns/scan -> 200 in 58760ms
2026-04-25 22:31:35,091 [INFO] backend: Stock Intelligence Platform backend v2.0.0 starting (log: C:\Users\mohan\Stock App\stock-intelligence-platform\storage\logs\backend.log)
2026-04-25 22:31:43,007 [INFO] backend: GET /api/stocks/RELIANCE/ohlcv -> 422 in 4ms
2026-04-25 22:33:01,269 [INFO] backend: POST /api/patterns/scan -> 200 in 69001ms
2026-04-25 22:33:11,705 [WARNING] services.market_data_service: OHLCV history failed for INVALIDSYMBOLXYZ: 404 Client Error: Not Found for url: https://query1.finance.yahoo.com/v8/finance/chart/INVALIDSYMBOLXYZ.NS?interval=1d&range=1y&includeAdjustedClose=true
2026-04-25 22:33:11,707 [INFO] backend: GET /api/stocks/INVALIDSYMBOLXYZ/chart-analysis -> 404 in 567ms
2026-04-25 22:33:21,451 [INFO] backend: POST /api/positions/calc -> 422 in 6ms
2026-04-25 22:33:22,162 [INFO] backend: POST /api/patterns/scan -> 200 in 66265ms
2026-04-25 22:33:22,388 [INFO] backend: Backend shutting down
2026-04-25 22:33:25,791 [INFO] backend: Stock Intelligence Platform backend v2.0.0 starting (log: C:\Users\mohan\Stock App\stock-intelligence-platform\storage\logs\backend.log)
2026-04-25 22:34:15,827 [INFO] backend: Backend shutting down
2026-04-25 22:34:25,549 [INFO] backend: Stock Intelligence Platform backend v2.0.0 starting (log: C:\Users\mohan\Stock App\stock-intelligence-platform\storage\logs\backend.log)
2026-04-25 22:36:01,182 [INFO] backend: POST /api/patterns/scan -> 200 in 63643ms
2026-04-25 22:40:45,183 [INFO] backend: POST /api/patterns/scan -> 200 in 7408ms
2026-04-25 22:41:57,245 [INFO] backend: POST /api/patterns/scan -> 200 in 59880ms
2026-04-25 22:43:00,326 [INFO] services.screener_service: Screener.in session configured.
2026-04-25 22:43:00,326 [INFO] services.screener_service: Screener.in session configured.
2026-04-25 22:43:00,329 [INFO] services.screener_service: Screener.in session configured.
2026-04-25 22:43:02,886 [INFO] backend: GET /api/stocks/SCHNEIDER/balance-sheet -> 200 in 2578ms
2026-04-25 22:43:03,593 [INFO] backend: GET /api/stocks/SCHNEIDER/quarterly -> 200 in 3294ms
2026-04-25 22:43:03,720 [INFO] backend: GET /api/stocks/SCHNEIDER/fundamentals -> 200 in 3421ms
2026-04-25 22:43:03,876 [INFO] backend: GET /api/stocks/SCHNEIDER/cash-flow -> 200 in 3491ms
2026-04-25 22:43:03,999 [INFO] backend: GET /api/stocks/SCHNEIDER/ratios-history -> 200 in 2325ms
2026-04-25 22:43:04,009 [INFO] backend: GET /api/stocks/SCHNEIDER/verdict -> 200 in 4119ms
2026-04-25 22:43:04,825 [INFO] backend: GET /api/stocks/SCHNEIDER/shareholding -> 200 in 1374ms
2026-04-25 22:43:05,134 [INFO] backend: GET /api/stocks/SCHNEIDER/peers -> 200 in 1148ms
2026-04-25 22:43:05,666 [INFO] backend: GET /api/stocks/SCHNEIDER/chart-analysis -> 200 in 1680ms
2026-04-25 22:43:18,446 [INFO] backend: GET /api/stocks/SCHNEIDER/chart-analysis -> 200 in 1469ms
2026-04-25 22:43:18,450 [INFO] backend: GET /api/stocks/SCHNEIDER/verdict -> 200 in 1490ms
2026-04-25 22:46:08,127 [INFO] backend: POST /api/patterns/scan -> 200 in 68116ms
2026-04-25 22:54:50,857 [INFO] backend: Stock Intelligence Platform backend v2.0.0 starting (log: C:\Users\mohan\Stock App\stock-intelligence-platform\storage\logs\backend.log)
2026-04-25 22:56:56,045 [INFO] backend: POST /api/patterns/scan -> 200 in 57163ms
2026-04-25 22:58:29,312 [INFO] backend: POST /api/patterns/scan -> 200 in 56547ms
2026-04-25 23:01:03,542 [INFO] backend: Backend shutting down
2026-04-25 23:01:08,768 [INFO] backend: Stock Intelligence Platform backend v2.0.0 starting (log: C:\Users\mohan\Stock App\stock-intelligence-platform\storage\logs\backend.log)
2026-04-25 23:01:32,768 [INFO] backend: POST /api/patterns/scan -> 200 in 7121ms
2026-04-25 23:02:51,471 [INFO] backend: POST /api/patterns/scan -> 200 in 63777ms
2026-04-25 23:05:02,671 [INFO] services.screener_service: Screener.in session configured.
2026-04-25 23:05:02,672 [INFO] services.screener_service: Screener.in session configured.
2026-04-25 23:05:05,330 [INFO] backend: GET /api/stocks/AUBANK/quarterly -> 200 in 3366ms
2026-04-25 23:05:06,374 [INFO] backend: GET /api/stocks/AUBANK/fundamentals -> 200 in 4411ms
2026-04-25 23:05:07,325 [INFO] backend: GET /api/stocks/AUBANK/balance-sheet -> 200 in 4124ms
2026-04-25 23:05:07,432 [INFO] backend: GET /api/stocks/AUBANK/ratios-history -> 200 in 3677ms
2026-04-25 23:05:07,806 [INFO] backend: GET /api/stocks/AUBANK/cash-flow -> 200 in 4465ms
2026-04-25 23:05:08,863 [INFO] backend: GET /api/stocks/AUBANK/verdict -> 200 in 6899ms
2026-04-25 23:05:09,095 [INFO] backend: GET /api/stocks/AUBANK/shareholding -> 200 in 2736ms
2026-04-25 23:05:09,107 [INFO] backend: GET /api/stocks/AUBANK/peers -> 200 in 2236ms
2026-04-25 23:05:10,024 [INFO] backend: GET /api/stocks/AUBANK/chart-analysis -> 200 in 1734ms
2026-04-25 23:08:24,336 [INFO] backend: POST /api/scans/run -> 200 in 23238ms
2026-04-25 23:25:11,562 [INFO] backend: Stock Intelligence Platform backend v2.0.0 starting (log: C:\Users\mohan\Stock App\stock-intelligence-platform\storage\logs\backend.log)
2026-04-25 23:25:53,233 [INFO] services.screener_service: Screener.in session configured.
2026-04-25 23:25:54,087 [INFO] backend: GET /api/stocks/RELIANCE/peers -> 200 in 1187ms
2026-04-25 23:29:07,737 [INFO] backend: GET /api/stocks/AUBANK/ohlcv -> 200 in 4677ms
2026-04-25 23:29:08,173 [INFO] backend: GET /api/patterns/detect/AUBANK -> 200 in 5114ms
2026-04-25 23:29:08,357 [INFO] backend: GET /api/stocks/AUBANK/indicators -> 200 in 5332ms
2026-04-25 23:29:08,781 [INFO] backend: GET /api/stocks/AUBANK/fundamentals -> 200 in 5746ms
2026-04-25 23:29:09,577 [INFO] backend: GET /api/stocks/AUBANK/quarterly -> 200 in 6562ms
2026-04-25 23:29:10,021 [INFO] backend: GET /api/stocks/AUBANK/verdict -> 200 in 7083ms
2026-04-25 23:29:10,065 [INFO] backend: Backend shutting down
2026-04-25 23:29:14,421 [INFO] backend: Stock Intelligence Platform backend v2.0.0 starting (log: C:\Users\mohan\Stock App\stock-intelligence-platform\storage\logs\backend.log)
2026-04-25 23:29:18,517 [INFO] services.screener_service: Screener.in session configured.
2026-04-25 23:29:21,198 [INFO] backend: GET /api/stocks/AUBANK/balance-sheet -> 200 in 3084ms
2026-04-25 23:29:21,617 [INFO] backend: GET /api/stocks/AUBANK/shareholding -> 200 in 3502ms
2026-04-25 23:29:21,620 [INFO] backend: GET /api/stocks/AUBANK/cash-flow -> 200 in 3505ms
2026-04-25 23:29:21,625 [INFO] backend: GET /api/stocks/AUBANK/ratios-history -> 200 in 3511ms
2026-04-25 23:29:21,840 [INFO] backend: GET /api/stocks/AUBANK/peers -> 200 in 3725ms
2026-04-25 23:29:22,973 [INFO] backend: GET /api/stocks/AUBANK/chart-analysis -> 200 in 4859ms
2026-04-25 23:29:26,463 [INFO] backend: Stock Intelligence Platform backend v2.0.0 starting (log: C:\Users\mohan\Stock App\stock-intelligence-platform\storage\logs\backend.log)
2026-04-25 23:29:48,576 [INFO] services.screener_service: Screener.in session configured.
2026-04-25 23:29:49,657 [INFO] backend: GET /api/stocks/RELIANCE/peers -> 200 in 1367ms
2026-04-25 23:32:29,162 [INFO] backend: Stock Intelligence Platform backend v2.0.0 starting (log: C:\Users\mohan\Stock App\stock-intelligence-platform\storage\logs\backend.log)
2026-04-25 23:32:35,945 [INFO] services.screener_service: Screener.in session configured.
2026-04-25 23:32:37,073 [WARNING] urllib3.connectionpool: Connection pool is full, discarding connection: www.nseindia.com. Connection pool size: 10
2026-04-25 23:32:37,073 [WARNING] urllib3.connectionpool: Connection pool is full, discarding connection: www.nseindia.com. Connection pool size: 10
2026-04-25 23:32:37,079 [INFO] backend: GET /api/stocks/RELIANCE/peers -> 200 in 1482ms
2026-04-25 23:32:38,059 [WARNING] urllib3.connectionpool: Connection pool is full, discarding connection: www.nseindia.com. Connection pool size: 10
2026-04-25 23:32:38,080 [WARNING] urllib3.connectionpool: Connection pool is full, discarding connection: www.nseindia.com. Connection pool size: 10
2026-04-25 23:34:12,104 [INFO] backend: Backend shutting down
2026-04-25 23:34:16,101 [INFO] backend: Stock Intelligence Platform backend v2.0.0 starting (log: C:\Users\mohan\Stock App\stock-intelligence-platform\storage\logs\backend.log)
2026-04-25 23:34:26,187 [WARNING] urllib3.connectionpool: Connection pool is full, discarding connection: www.nseindia.com. Connection pool size: 10
2026-04-25 23:34:26,190 [WARNING] urllib3.connectionpool: Connection pool is full, discarding connection: www.nseindia.com. Connection pool size: 10
2026-04-25 23:34:26,194 [INFO] backend: GET /api/stocks/RELIANCE/peers -> 200 in 1019ms
2026-04-25 23:34:42,213 [INFO] backend: Stock Intelligence Platform backend v2.0.0 starting (log: C:\Users\mohan\Stock App\stock-intelligence-platform\storage\logs\backend.log)
2026-04-25 23:35:08,581 [INFO] services.screener_service: Screener.in session configured.
2026-04-25 23:35:10,672 [INFO] backend: GET /api/stocks/RELIANCE/peers -> 200 in 2425ms
2026-04-25 23:36:02,231 [INFO] backend: GET /api/stocks/RELIANCE/peers -> 200 in 1245ms
2026-04-25 23:36:03,864 [INFO] backend: GET /api/stocks/RELIANCE/chart-analysis -> 200 in 1126ms
2026-04-25 23:38:24,641 [INFO] backend: Stock Intelligence Platform backend v2.0.0 starting (log: C:\Users\mohan\Stock App\stock-intelligence-platform\storage\logs\backend.log)
2026-04-25 23:39:14,244 [INFO] backend: Backend shutting down
2026-04-25 23:39:17,507 [INFO] backend: Stock Intelligence Platform backend v2.0.0 starting (log: C:\Users\mohan\Stock App\stock-intelligence-platform\storage\logs\backend.log)
2026-04-25 23:39:51,273 [INFO] services.screener_service: Screener.in session configured.
2026-04-25 23:39:52,025 [INFO] backend: GET /api/stocks/RELIANCE/chart-analysis -> 200 in 1891ms
2026-04-25 23:40:37,453 [INFO] services.screener_service: Screener.in session configured.
2026-04-25 23:40:37,457 [INFO] services.screener_service: Screener.in session configured.
2026-04-25 23:40:38,969 [INFO] backend: GET /api/stocks/AUBANK/fundamentals -> 200 in 2956ms
2026-04-25 23:40:39,391 [INFO] backend: GET /api/stocks/AUBANK/quarterly -> 200 in 3379ms
2026-04-25 23:40:40,074 [INFO] backend: GET /api/stocks/AUBANK/balance-sheet -> 200 in 1054ms
2026-04-25 23:40:40,669 [INFO] backend: GET /api/stocks/AUBANK/cash-flow -> 200 in 1184ms
2026-04-25 23:40:42,032 [INFO] backend: GET /api/stocks/AUBANK/shareholding -> 200 in 1204ms
2026-04-25 23:40:42,883 [INFO] backend: GET /api/stocks/AUBANK/ohlcv -> 200 in 6948ms
2026-04-25 23:40:42,902 [INFO] backend: GET /api/patterns/detect/AUBANK -> 200 in 6891ms
2026-04-25 23:40:43,102 [INFO] backend: GET /api/stocks/AUBANK/indicators -> 200 in 7090ms
2026-04-25 23:40:43,378 [INFO] backend: GET /api/stocks/AUBANK/peers -> 200 in 2082ms
2026-04-25 23:40:44,400 [INFO] backend: GET /api/stocks/AUBANK/chart-analysis -> 200 in 2231ms
2026-04-25 23:40:44,403 [INFO] backend: GET /api/stocks/AUBANK/verdict -> 200 in 8393ms
2026-04-25 23:43:26,883 [INFO] backend: GET /api/stocks/AUBANK/quarterly -> 200 in 2410ms
2026-04-25 23:43:27,178 [INFO] backend: GET /api/stocks/AUBANK/fundamentals -> 200 in 2707ms
2026-04-25 23:43:28,174 [INFO] backend: GET /api/stocks/AUBANK/balance-sheet -> 200 in 3052ms
2026-04-25 23:43:28,687 [INFO] backend: GET /api/stocks/AUBANK/verdict -> 200 in 4226ms
2026-04-25 23:43:29,111 [INFO] backend: GET /api/stocks/AUBANK/ratios-history -> 200 in 3396ms
2026-04-25 23:43:29,442 [INFO] backend: GET /api/stocks/AUBANK/cash-flow -> 200 in 3790ms
2026-04-25 23:43:29,675 [INFO] backend: GET /api/stocks/AUBANK/shareholding -> 200 in 2512ms
2026-04-25 23:43:30,711 [INFO] backend: GET /api/stocks/AUBANK/peers -> 200 in 3113ms
2026-04-25 23:43:30,715 [INFO] backend: GET /api/stocks/AUBANK/chart-analysis -> 200 in 1951ms
2026-04-25 23:44:07,033 [INFO] backend: GET /api/stocks/AUBANK/ohlcv -> 200 in 1140ms
2026-04-25 23:44:07,394 [INFO] backend: GET /api/stocks/AUBANK/indicators -> 200 in 1487ms
2026-04-25 23:44:09,018 [INFO] backend: GET /api/stocks/AUBANK/fundamentals -> 200 in 3110ms
2026-04-25 23:44:09,378 [INFO] backend: GET /api/stocks/AUBANK/quarterly -> 200 in 3471ms
2026-04-25 23:44:10,171 [INFO] backend: GET /api/stocks/AUBANK/balance-sheet -> 200 in 2778ms
2026-04-25 23:44:10,595 [INFO] backend: GET /api/stocks/AUBANK/verdict -> 200 in 4698ms
2026-04-25 23:44:10,801 [INFO] backend: GET /api/stocks/AUBANK/ratios-history -> 200 in 3130ms
2026-04-25 23:44:10,941 [INFO] backend: GET /api/stocks/AUBANK/cash-flow -> 200 in 3361ms
2026-04-25 23:44:11,632 [INFO] backend: GET /api/stocks/AUBANK/shareholding -> 200 in 2284ms
2026-04-25 23:44:12,339 [INFO] backend: GET /api/stocks/AUBANK/chart-analysis -> 200 in 1836ms
2026-04-25 23:44:12,458 [INFO] backend: GET /api/stocks/AUBANK/peers -> 200 in 2724ms
2026-04-25 23:44:35,547 [INFO] backend: GET /api/patterns/detect/AUBANK -> 200 in 1084ms
2026-04-25 23:44:35,736 [INFO] backend: GET /api/stocks/AUBANK/indicators -> 200 in 1296ms
2026-04-25 23:44:35,872 [INFO] backend: GET /api/stocks/AUBANK/fundamentals -> 200 in 1426ms
2026-04-25 23:44:35,875 [INFO] backend: GET /api/stocks/AUBANK/quarterly -> 200 in 1416ms
2026-04-25 23:44:39,035 [INFO] backend: GET /api/stocks/AUBANK/cash-flow -> 200 in 3169ms
2026-04-25 23:44:39,294 [INFO] backend: GET /api/stocks/AUBANK/balance-sheet -> 200 in 3431ms
2026-04-25 23:44:39,299 [INFO] backend: GET /api/stocks/AUBANK/shareholding -> 200 in 3416ms
2026-04-25 23:44:39,334 [INFO] backend: GET /api/stocks/AUBANK/ratios-history -> 200 in 3456ms
2026-04-25 23:44:39,354 [INFO] backend: GET /api/stocks/AUBANK/verdict -> 200 in 4915ms
2026-04-25 23:44:40,366 [INFO] backend: GET /api/stocks/AUBANK/peers -> 200 in 4485ms
2026-04-25 23:50:15,873 [INFO] backend: Stock Intelligence Platform backend v2.0.0 starting (log: C:\Users\mohan\Stock App\stock-intelligence-platform\storage\logs\backend.log)
2026-04-25 23:51:20,545 [INFO] services.screener_service: Screener.in session configured.
2026-04-25 23:51:20,546 [INFO] services.screener_service: Screener.in session configured.
2026-04-25 23:51:21,815 [INFO] backend: GET /api/stocks/AUBANK/fundamentals -> 200 in 1834ms
2026-04-25 23:51:21,819 [INFO] backend: GET /api/stocks/AUBANK/quarterly -> 200 in 1837ms
2026-04-25 23:51:22,949 [INFO] backend: GET /api/stocks/AUBANK/balance-sheet -> 200 in 1123ms
2026-04-25 23:51:23,005 [INFO] backend: GET /api/stocks/AUBANK/cash-flow -> 200 in 1177ms
2026-04-25 23:51:24,117 [INFO] backend: GET /api/stocks/AUBANK/ratios-history -> 200 in 1108ms
2026-04-25 23:51:24,298 [INFO] backend: GET /api/stocks/AUBANK/shareholding -> 200 in 1286ms
2026-04-25 23:51:29,836 [INFO] backend: GET /api/patterns/detect/AUBANK -> 200 in 9855ms
2026-04-25 23:51:29,840 [INFO] backend: GET /api/stocks/AUBANK/ohlcv -> 200 in 9872ms
2026-04-25 23:51:30,061 [INFO] backend: GET /api/stocks/AUBANK/peers -> 200 in 5833ms
2026-04-25 23:51:30,067 [INFO] backend: GET /api/stocks/AUBANK/indicators -> 200 in 10085ms
2026-04-25 23:51:31,212 [INFO] backend: GET /api/stocks/AUBANK/chart-analysis -> 200 in 6907ms
2026-04-25 23:51:31,254 [INFO] backend: GET /api/stocks/AUBANK/verdict -> 200 in 11273ms
2026-04-25 23:54:20,895 [INFO] backend: GET /api/stocks/BHEL/ohlcv -> 200 in 1321ms
2026-04-25 23:54:21,083 [INFO] backend: GET /api/stocks/BHEL/indicators -> 200 in 1504ms
2026-04-25 23:54:21,683 [INFO] backend: GET /api/stocks/BHEL/quarterly -> 200 in 2099ms
2026-04-25 23:54:21,902 [INFO] backend: GET /api/stocks/BHEL/fundamentals -> 200 in 2318ms
2026-04-25 23:54:23,695 [INFO] backend: GET /api/stocks/BHEL/verdict -> 200 in 4118ms
2026-04-25 23:54:24,304 [INFO] backend: GET /api/stocks/BHEL/balance-sheet -> 200 in 3237ms
2026-04-25 23:54:25,209 [INFO] backend: GET /api/stocks/BHEL/cash-flow -> 200 in 3622ms
2026-04-25 23:54:25,399 [INFO] backend: GET /api/stocks/BHEL/ratios-history -> 200 in 3764ms
2026-04-25 23:54:25,411 [INFO] backend: GET /api/stocks/BHEL/shareholding -> 200 in 3027ms
2026-04-25 23:54:25,416 [INFO] backend: GET /api/stocks/BHEL/peers -> 200 in 2782ms
2026-04-25 23:54:26,302 [INFO] backend: GET /api/stocks/BHEL/chart-analysis -> 200 in 1124ms
2026-04-26 00:01:03,612 [INFO] backend: GET /api/stocks/RELIANCE/verdict -> 200 in 1208ms
2026-04-26 00:03:02,245 [INFO] backend: Stock Intelligence Platform backend v2.0.0 starting (log: C:\Users\mohan\Stock App\stock-intelligence-platform\storage\logs\backend.log)
2026-04-26 00:05:29,780 [INFO] services.screener_service: Screener.in session configured.
2026-04-26 00:05:30,640 [INFO] backend: GET /api/stocks/RELIANCE/verdict -> 200 in 1934ms
2026-04-26 00:05:32,809 [INFO] backend: GET /api/stocks/TCS/verdict -> 200 in 1012ms
2026-04-26 00:05:34,015 [INFO] backend: GET /api/stocks/HDFCBANK/verdict -> 200 in 1074ms
2026-04-26 00:08:46,246 [INFO] backend: GET /api/stocks/BHEL/ohlcv -> 200 in 1068ms
2026-04-26 00:08:47,130 [INFO] backend: GET /api/patterns/detect/BHEL -> 200 in 1953ms
2026-04-26 00:08:48,725 [INFO] backend: GET /api/stocks/BHEL/indicators -> 200 in 3550ms
2026-04-26 00:08:49,109 [INFO] backend: GET /api/stocks/BHEL/fundamentals -> 200 in 3939ms
2026-04-26 00:08:49,113 [INFO] backend: GET /api/stocks/BHEL/quarterly -> 200 in 3940ms
2026-04-26 00:08:49,149 [INFO] backend: GET /api/stocks/BHEL/verdict -> 200 in 3988ms
2026-04-26 00:08:49,222 [INFO] backend: Backend shutting down
2026-04-26 00:08:53,911 [INFO] backend: Stock Intelligence Platform backend v2.0.0 starting (log: C:\Users\mohan\Stock App\stock-intelligence-platform\storage\logs\backend.log)
2026-04-26 00:08:57,905 [INFO] services.screener_service: Screener.in session configured.
2026-04-26 00:08:57,906 [INFO] services.screener_service: Screener.in session configured.
2026-04-26 00:08:57,911 [INFO] services.screener_service: Screener.in session configured.
2026-04-26 00:08:57,916 [INFO] services.screener_service: Screener.in session configured.
2026-04-26 00:09:01,093 [INFO] backend: GET /api/stocks/BHEL/ratios-history -> 200 in 3578ms
2026-04-26 00:09:01,341 [INFO] backend: GET /api/stocks/BHEL/shareholding -> 200 in 3825ms
2026-04-26 00:09:01,464 [INFO] backend: GET /api/stocks/BHEL/peers -> 200 in 3949ms
2026-04-26 00:09:01,469 [INFO] backend: GET /api/stocks/BHEL/cash-flow -> 200 in 3954ms
2026-04-26 00:09:01,473 [INFO] backend: GET /api/stocks/BHEL/balance-sheet -> 200 in 3957ms
2026-04-26 00:09:02,726 [INFO] backend: GET /api/stocks/BHEL/chart-analysis -> 200 in 5212ms
2026-04-26 00:24:33,254 [INFO] backend: GET /api/stocks/BHEL/ohlcv -> 200 in 2032ms
2026-04-26 00:24:33,926 [INFO] backend: GET /api/patterns/detect/BHEL -> 200 in 2022ms
2026-04-26 00:24:34,114 [INFO] backend: GET /api/stocks/BHEL/indicators -> 200 in 2588ms
2026-04-26 00:24:35,880 [INFO] backend: GET /api/stocks/BHEL/quarterly -> 200 in 3976ms
2026-04-26 00:24:36,077 [INFO] backend: GET /api/stocks/BHEL/fundamentals -> 200 in 4552ms
2026-04-26 00:24:36,263 [INFO] backend: GET /api/stocks/BHEL/verdict -> 200 in 4737ms
2026-04-26 00:25:16,287 [INFO] backend: Backend shutting down
2026-04-26 00:25:23,869 [INFO] backend: Stock Intelligence Platform backend v2.0.0 starting (log: C:\Users\mohan\Stock App\stock-intelligence-platform\storage\logs\backend.log)
2026-04-26 00:25:28,367 [INFO] services.screener_service: Screener.in session configured.
2026-04-26 00:25:28,367 [INFO] services.screener_service: Screener.in session configured.
2026-04-26 00:25:28,368 [INFO] services.screener_service: Screener.in session configured.
2026-04-26 00:25:31,096 [INFO] backend: GET /api/stocks/BHEL/cash-flow -> 200 in 2751ms
2026-04-26 00:25:31,397 [INFO] backend: GET /api/stocks/BHEL/shareholding -> 200 in 3052ms
2026-04-26 00:25:31,399 [INFO] backend: GET /api/stocks/BHEL/balance-sheet -> 200 in 3400ms
2026-04-26 00:25:31,403 [INFO] backend: GET /api/stocks/BHEL/ratios-history -> 200 in 3058ms
2026-04-26 00:25:31,406 [INFO] backend: GET /api/stocks/BHEL/peers -> 200 in 3060ms
2026-04-26 00:25:32,926 [INFO] backend: GET /api/stocks/BHEL/chart-analysis -> 200 in 4580ms
2026-04-26 00:25:54,120 [INFO] backend: GET /api/stocks/BHEL/ohlcv -> 200 in 1219ms
2026-04-26 00:25:54,645 [INFO] backend: GET /api/patterns/detect/BHEL -> 200 in 1713ms
2026-04-26 00:25:54,856 [INFO] backend: GET /api/stocks/BHEL/indicators -> 200 in 1933ms
2026-04-26 00:25:55,043 [INFO] backend: GET /api/stocks/BHEL/fundamentals -> 200 in 2120ms
2026-04-26 00:25:55,398 [INFO] backend: GET /api/stocks/BHEL/quarterly -> 200 in 2474ms
2026-04-26 00:25:56,919 [INFO] backend: GET /api/stocks/BHEL/verdict -> 200 in 4011ms
2026-04-26 00:25:58,126 [INFO] backend: GET /api/stocks/BHEL/balance-sheet -> 200 in 3506ms
2026-04-26 00:25:58,986 [INFO] backend: GET /api/stocks/BHEL/cash-flow -> 200 in 3677ms
2026-04-26 00:25:59,081 [INFO] backend: GET /api/stocks/BHEL/ratios-history -> 200 in 3494ms
2026-04-26 00:25:59,286 [INFO] backend: GET /api/stocks/BHEL/peers -> 200 in 3481ms
2026-04-26 00:25:59,439 [INFO] backend: GET /api/stocks/BHEL/shareholding -> 200 in 3774ms
2026-04-26 00:26:00,473 [INFO] backend: GET /api/stocks/BHEL/chart-analysis -> 200 in 1986ms
2026-04-26 00:35:13,592 [INFO] backend: POST /api/patterns/scan -> 200 in 8582ms
2026-04-26 01:36:21,150 [INFO] backend: POST /api/patterns/scan -> 200 in 157143ms
2026-04-26 01:39:07,847 [INFO] backend: GET /api/market/indices -> 200 in 2041ms
2026-04-26 01:39:09,413 [INFO] backend: GET /api/market/sectors -> 200 in 3606ms
2026-04-26 01:40:29,316 [INFO] backend: POST /api/patterns/scan -> 200 in 149818ms
2026-04-26 10:45:38,629 [INFO] backend: Stock Intelligence Platform backend v2.0.0 starting (log: C:\Users\mohan\Stock App\stock-intelligence-platform\storage\logs\backend.log)
2026-04-26 10:46:02,030 [INFO] backend: GET /api/market/indices -> 200 in 1026ms
2026-04-26 10:46:02,942 [INFO] backend: GET /api/market/sectors -> 200 in 1937ms
2026-04-26 10:46:28,557 [INFO] backend: GET /api/news/market -> 200 in 3655ms
2026-04-26 10:46:43,146 [INFO] backend: GET /api/news/stock/RELIANCE -> 200 in 3760ms
2026-04-26 10:46:54,430 [INFO] backend: GET /api/news/stock/SCHNEIDER -> 200 in 3552ms
2026-04-26 10:47:09,507 [INFO] services.screener_service: Screener.in session configured.
2026-04-26 10:47:09,508 [INFO] services.screener_service: Screener.in session configured.
2026-04-26 10:47:11,122 [INFO] backend: GET /api/stocks/RELIANCE/quarterly -> 200 in 2171ms
2026-04-26 10:47:11,151 [INFO] backend: GET /api/stocks/RELIANCE/fundamentals -> 200 in 2200ms
2026-04-26 10:47:13,061 [INFO] backend: GET /api/stocks/RELIANCE/balance-sheet -> 200 in 1905ms
2026-04-26 10:47:13,110 [INFO] backend: GET /api/stocks/RELIANCE/cash-flow -> 200 in 1951ms
2026-04-26 10:47:14,710 [INFO] backend: GET /api/stocks/RELIANCE/shareholding -> 200 in 1595ms
2026-04-26 10:47:14,782 [INFO] backend: GET /api/stocks/RELIANCE/ratios-history -> 200 in 1671ms
2026-04-26 10:47:16,078 [INFO] backend: GET /api/stocks/RELIANCE/ohlcv -> 200 in 7156ms
2026-04-26 10:47:16,088 [INFO] backend: GET /api/patterns/detect/RELIANCE -> 200 in 7139ms
2026-04-26 10:47:16,303 [INFO] backend: GET /api/stocks/RELIANCE/indicators -> 200 in 7353ms
2026-04-26 10:47:16,848 [INFO] backend: GET /api/stocks/RELIANCE/peers -> 200 in 2063ms
2026-04-26 10:47:18,074 [INFO] backend: GET /api/stocks/RELIANCE/chart-analysis -> 200 in 3285ms
2026-04-26 10:47:18,109 [INFO] backend: GET /api/stocks/RELIANCE/verdict -> 200 in 9162ms
2026-04-26 10:48:59,652 [INFO] backend: POST /api/patterns/scan -> 200 in 9764ms
2026-04-26 10:52:25,516 [INFO] backend: POST /api/patterns/scan -> 200 in 27108ms
2026-04-26 11:03:20,111 [INFO] backend: POST /api/backtests/run -> 200 in 16609ms
2026-04-26 11:03:35,749 [INFO] backend: POST /api/backtests/run -> 200 in 15484ms
2026-04-26 11:04:24,433 [INFO] backend: POST /api/backtests/run -> 200 in 16084ms
2026-04-26 11:05:23,694 [INFO] backend: Backend shutting down
2026-04-26 11:05:29,993 [INFO] backend: Stock Intelligence Platform backend v2.0.0 starting (log: C:\Users\mohan\Stock App\stock-intelligence-platform\storage\logs\backend.log)
2026-04-26 11:07:03,221 [INFO] backend: Stock Intelligence Platform backend v2.0.0 starting (log: C:\Users\mohan\Stock App\stock-intelligence-platform\storage\logs\backend.log)
2026-04-26 11:07:21,962 [INFO] backend: Backend shutting down
2026-04-26 11:07:28,375 [INFO] backend: Stock Intelligence Platform backend v2.0.0 starting (log: C:\Users\mohan\Stock App\stock-intelligence-platform\storage\logs\backend.log)
2026-04-26 11:07:46,332 [INFO] backend: POST /api/backtests/run -> 200 in 26413ms
2026-04-26 11:08:10,793 [INFO] backend: POST /api/backtests/run -> 200 in 24053ms
2026-04-26 11:17:36,679 [INFO] backend: Stock Intelligence Platform backend v2.0.0 starting (log: C:\Users\mohan\Stock App\stock-intelligence-platform\storage\logs\backend.log)
2026-04-26 11:23:15,642 [INFO] backend: POST /api/backtests/run -> 200 in 46764ms
2026-04-26 11:25:08,007 [INFO] backend: POST /api/backtests/run -> 200 in 38325ms
2026-04-26 11:26:21,582 [INFO] backend: POST /api/backtests/run -> 200 in 41987ms
2026-04-26 12:54:43,283 [INFO] backend: GET /api/patterns/library -> 200 in 1210ms
2026-04-26 12:54:43,712 [INFO] backend: GET /api/universe/list -> 200 in 1513ms
2026-04-28 00:51:51,479 [INFO] backend: Backend shutting down
2026-04-28 00:52:27,486 [INFO] backend: Stock Intelligence Platform backend v2.0.0 starting (log: C:\Users\mohan\Stock App\stock-intelligence-platform\storage\logs\backend.log)
2026-04-28 00:53:04,331 [INFO] backend: GET /api/market/indices -> 200 in 1784ms
2026-04-28 00:53:05,099 [INFO] backend: GET /api/market/sectors -> 200 in 2553ms
2026-04-28 00:55:07,426 [INFO] backend: POST /api/patterns/scan -> 200 in 44410ms
2026-04-28 00:55:55,886 [INFO] services.screener_service: Screener.in session configured.
2026-04-28 00:55:56,709 [INFO] backend: GET /api/stocks/RELIANCE/balance-sheet -> 200 in 1360ms
2026-04-28 00:58:00,451 [WARNING] services.nse_service: NSE API /api/equity-stockIndices failed: HTTPSConnectionPool(host='www.nseindia.com', port=443): Read timed out. (read timeout=15)
2026-04-28 00:58:01,078 [INFO] backend: GET /api/market/indices -> 200 in 15705ms
2026-04-28 11:29:31,933 [INFO] backend: Stock Intelligence Platform backend v2.0.0 starting (log: C:\Users\mohan\Stock App\stock-intelligence-platform\storage\logs\backend.log)
2026-04-28 11:29:46,445 [INFO] backend: GET /api/market/sectors -> 200 in 1788ms
2026-04-28 11:32:18,365 [INFO] backend: Stock Intelligence Platform backend v2.0.0 starting (log: C:\Users\mohan\Stock App\stock-intelligence-platform\storage\logs\backend.log)
2026-04-28 11:32:44,563 [INFO] backend: GET /api/market/sectors -> 200 in 1081ms
2026-04-28 11:33:50,398 [INFO] backend: POST /api/patterns/scan -> 200 in 218251ms
2026-04-28 11:33:50,522 [INFO] backend: Backend shutting down
2026-04-28 11:33:54,258 [INFO] backend: Stock Intelligence Platform backend v2.0.0 starting (log: C:\Users\mohan\Stock App\stock-intelligence-platform\storage\logs\backend.log)
2026-04-28 11:37:00,002 [INFO] backend: POST /api/patterns/scan -> 200 in 182932ms
2026-04-28 11:38:52,578 [INFO] backend: Backend shutting down
2026-04-28 11:39:01,426 [INFO] backend: Stock Intelligence Platform backend v2.0.0 starting (log: C:\Users\mohan\Stock App\stock-intelligence-platform\storage\logs\backend.log)
2026-04-28 11:39:29,732 [INFO] backend: Backend shutting down
2026-04-28 11:39:32,912 [INFO] backend: Stock Intelligence Platform backend v2.0.0 starting (log: C:\Users\mohan\Stock App\stock-intelligence-platform\storage\logs\backend.log)
2026-04-28 11:43:05,681 [INFO] backend: Backend shutting down
2026-04-28 11:43:18,223 [INFO] backend: Stock Intelligence Platform backend v2.0.0 starting (log: C:\Users\mohan\Stock App\stock-intelligence-platform\storage\logs\backend.log)
2026-04-28 11:43:33,364 [INFO] backend: Stock Intelligence Platform backend v2.0.0 starting (log: C:\Users\mohan\Stock App\stock-intelligence-platform\storage\logs\backend.log)
2026-04-28 11:52:50,556 [INFO] backend: Stock Intelligence Platform backend v2.0.0 starting (log: C:\Users\mohan\Stock App\stock-intelligence-platform\storage\logs\backend.log)
2026-04-28 11:55:42,376 [INFO] backend: GET /api/market/indices -> 200 in 1750ms
2026-04-28 11:55:44,045 [INFO] backend: GET /api/market/sectors -> 200 in 3421ms
2026-04-28 11:56:23,013 [INFO] services.screener_service: Screener.in session configured.
2026-04-28 11:56:23,013 [INFO] services.screener_service: Screener.in session configured.
2026-04-28 11:56:23,014 [INFO] services.screener_service: Screener.in session configured.
2026-04-28 11:56:26,805 [INFO] backend: GET /api/stocks/RELIANCE/balance-sheet -> 200 in 3845ms
2026-04-28 11:56:27,242 [INFO] backend: GET /api/stocks/RELIANCE/fundamentals -> 200 in 4298ms
2026-04-28 11:56:27,305 [INFO] backend: GET /api/stocks/RELIANCE/quarterly -> 200 in 4360ms
2026-04-28 11:56:27,398 [INFO] backend: GET /api/stocks/RELIANCE/indicators -> 200 in 4499ms
2026-04-28 11:56:27,554 [INFO] backend: GET /api/stocks/RELIANCE/cash-flow -> 200 in 4429ms
2026-04-28 11:56:30,420 [INFO] backend: GET /api/stocks/RELIANCE/ratios-history -> 200 in 3208ms
2026-04-28 11:56:30,805 [INFO] backend: GET /api/stocks/RELIANCE/verdict -> 200 in 8465ms
2026-04-28 11:56:30,881 [INFO] backend: GET /api/stocks/RELIANCE/shareholding -> 200 in 3342ms
2026-04-28 11:56:31,740 [INFO] backend: GET /api/stocks/RELIANCE/chart-analysis -> 200 in 4048ms
2026-04-28 11:56:31,760 [INFO] backend: GET /api/stocks/RELIANCE/peers -> 200 in 4222ms
2026-04-28 11:56:36,395 [INFO] backend: GET /api/stocks/ANGELONE/indicators -> 200 in 1400ms
2026-04-28 11:56:36,876 [INFO] backend: GET /api/patterns/detect/ANGELONE -> 200 in 1872ms
2026-04-28 11:56:37,817 [INFO] backend: GET /api/stocks/ANGELONE/fundamentals -> 200 in 2820ms
2026-04-28 11:56:38,444 [INFO] backend: GET /api/stocks/ANGELONE/quarterly -> 200 in 3439ms
2026-04-28 11:56:39,776 [INFO] backend: GET /api/stocks/ANGELONE/verdict -> 200 in 4783ms
2026-04-28 11:56:41,277 [INFO] backend: GET /api/stocks/ANGELONE/cash-flow -> 200 in 4092ms
2026-04-28 11:56:41,517 [INFO] backend: GET /api/stocks/ANGELONE/balance-sheet -> 200 in 4796ms
2026-04-28 11:56:41,666 [INFO] backend: GET /api/stocks/ANGELONE/ratios-history -> 200 in 4479ms
2026-04-28 11:56:41,869 [INFO] backend: GET /api/stocks/ANGELONE/shareholding -> 200 in 2752ms
2026-04-28 11:56:42,759 [INFO] backend: GET /api/stocks/ANGELONE/chart-analysis -> 200 in 2043ms
2026-04-28 11:56:42,796 [INFO] backend: GET /api/stocks/ANGELONE/peers -> 200 in 3461ms
2026-04-28 12:05:39,984 [INFO] backend: Backend shutting down
2026-04-28 12:05:47,687 [INFO] backend: Stock Intelligence Platform backend v2.0.0 starting (log: C:\Users\mohan\Stock App\stock-intelligence-platform\storage\logs\backend.log)
2026-04-28 12:05:47,763 [INFO] backend: Stock Intelligence Platform backend v2.0.0 starting (log: C:\Users\mohan\Stock App\stock-intelligence-platform\storage\logs\backend.log)
2026-04-28 12:29:09,404 [INFO] backend: GET /api/portfolio -> 200 in 1498ms
2026-04-28 17:25:33,762 [INFO] backend: Backend shutting down
2026-04-28 17:25:37,288 [INFO] backend: Stock Intelligence Platform backend v2.0.0 starting (log: C:\Users\mohan\Stock App\stock-intelligence-platform\storage\logs\backend.log)
2026-04-28 17:25:43,576 [INFO] backend: GET /api/market/sectors -> 200 in 1601ms
2026-04-28 17:25:45,185 [INFO] services.screener_service: Screener.in session configured.
2026-04-28 17:25:45,959 [INFO] backend: GET /api/stocks/RELIANCE/fundamentals -> 200 in 1029ms
2026-04-28 17:25:48,685 [INFO] backend: GET /api/stocks/RELIANCE/chart-analysis -> 200 in 1126ms
2026-04-28 17:25:53,179 [INFO] backend: GET /api/news/market -> 200 in 2757ms
2026-04-28 17:25:55,753 [INFO] backend: GET /api/news/stock/RELIANCE -> 200 in 2568ms
2026-04-28 17:25:58,181 [WARNING] services.market_data_service: OHLCV history failed for TATAMOTORS: 404 Client Error: Not Found for url: https://query1.finance.yahoo.com/v8/finance/chart/TATAMOTORS.NS?interval=1d&range=6mo&includeAdjustedClose=true
2026-04-28 17:34:44,110 [INFO] backend: Backend shutting down
2026-04-28 17:34:49,142 [INFO] backend: Stock Intelligence Platform backend v2.0.0 starting (log: C:\Users\mohan\Stock App\stock-intelligence-platform\storage\logs\backend.log)
2026-04-28 17:36:22,042 [INFO] backend: Stock Intelligence Platform backend v2.0.0 starting (log: C:\Users\mohan\Stock App\stock-intelligence-platform\storage\logs\backend.log)
2026-04-28 17:39:46,957 [INFO] backend: Backend shutting down
2026-04-28 17:39:50,268 [INFO] backend: Stock Intelligence Platform backend v2.0.0 starting (log: C:\Users\mohan\Stock App\stock-intelligence-platform\storage\logs\backend.log)
2026-05-05 23:29:56,389 [INFO] backend: GET /api/patterns/library -> 200 in 2799ms
2026-05-05 23:29:56,407 [INFO] backend: GET /api/universe/list -> 200 in 2835ms
2026-05-06 10:24:27,583 [ERROR] asyncio: Task was destroyed but it is pending!
task: <Task cancelling name='Task-2' coro=<LifespanOn.main() running at C:\Users\mohan\AppData\Local\Programs\Python\Python312\Lib\site-packages\uvicorn\lifespan\on.py:86> wait_for=<Future cancelled>>
2026-05-06 10:24:28,520 [ERROR] asyncio: Task exception was never retrieved
future: <Task finished name='Task-1' coro=<Server.serve() done, defined at C:\Users\mohan\AppData\Local\Programs\Python\Python312\Lib\site-packages\uvicorn\server.py:68> exception=KeyboardInterrupt()>
Traceback (most recent call last):
  File "C:\Users\mohan\AppData\Local\Programs\Python\Python312\Lib\asyncio\runners.py", line 194, in run
    return runner.run(main)
           ^^^^^^^^^^^^^^^^
  File "C:\Users\mohan\AppData\Local\Programs\Python\Python312\Lib\asyncio\runners.py", line 118, in run
    return self._loop.run_until_complete(task)
           ^^^^^^^^^^^^^^^^^^^^^^^^^^^^^^^^^^^
  File "C:\Users\mohan\AppData\Local\Programs\Python\Python312\Lib\asyncio\base_events.py", line 674, in run_until_complete
    self.run_forever()
  File "C:\Users\mohan\AppData\Local\Programs\Python\Python312\Lib\asyncio\base_events.py", line 641, in run_forever
    self._run_once()
  File "C:\Users\mohan\AppData\Local\Programs\Python\Python312\Lib\asyncio\base_events.py", line 1986, in _run_once
    handle._run()
  File "C:\Users\mohan\AppData\Local\Programs\Python\Python312\Lib\asyncio\events.py", line 88, in _run
    self._context.run(self._callback, *self._args)
  File "C:\Users\mohan\AppData\Local\Programs\Python\Python312\Lib\site-packages\uvicorn\server.py", line 69, in serve
    with self.capture_signals():
         ^^^^^^^^^^^^^^^^^^^^^^
  File "C:\Users\mohan\AppData\Local\Programs\Python\Python312\Lib\contextlib.py", line 144, in __exit__
    next(self.gen)
  File "C:\Users\mohan\AppData\Local\Programs\Python\Python312\Lib\site-packages\uvicorn\server.py", line 330, in capture_signals
    signal.raise_signal(captured_signal)
  File "C:\Users\mohan\AppData\Local\Programs\Python\Python312\Lib\asyncio\runners.py", line 157, in _on_sigint
    raise KeyboardInterrupt()
KeyboardInterrupt
2026-05-06 10:24:38,099 [INFO] backend: Stock Intelligence Platform backend v2.0.0 starting (log: C:\Users\mohan\Stock App\stock-intelligence-platform\storage\logs\backend.log)
2026-05-06 10:26:11,768 [WARNING] services.market_data_service: OHLCV history failed for DUMMYVEDL4: 404 Client Error: Not Found for url: https://query1.finance.yahoo.com/v8/finance/chart/DUMMYVEDL4.NS?interval=1d&range=1y&includeAdjustedClose=true
2026-05-06 10:26:11,789 [WARNING] services.market_data_service: OHLCV history failed for DUMMYVEDL2: 404 Client Error: Not Found for url: https://query1.finance.yahoo.com/v8/finance/chart/DUMMYVEDL2.NS?interval=1d&range=1y&includeAdjustedClose=true
2026-05-06 10:26:11,862 [WARNING] services.market_data_service: OHLCV history failed for DUMMYVEDL1: 404 Client Error: Not Found for url: https://query1.finance.yahoo.com/v8/finance/chart/DUMMYVEDL1.NS?interval=1d&range=1y&includeAdjustedClose=true
2026-05-06 10:26:11,898 [WARNING] services.market_data_service: OHLCV history failed for DUMMYVEDL3: 404 Client Error: Not Found for url: https://query1.finance.yahoo.com/v8/finance/chart/DUMMYVEDL3.NS?interval=1d&range=1y&includeAdjustedClose=true
2026-05-06 10:26:12,160 [WARNING] services.market_data_service: OHLCV history failed for DUMMYVEDL4: 404 Client Error: Not Found for url: https://query1.finance.yahoo.com/v8/finance/chart/DUMMYVEDL4.NS?interval=1wk&range=5y&includeAdjustedClose=true
2026-05-06 10:26:12,315 [WARNING] services.market_data_service: OHLCV history failed for DUMMYVEDL2: 404 Client Error: Not Found for url: https://query1.finance.yahoo.com/v8/finance/chart/DUMMYVEDL2.NS?interval=1wk&range=5y&includeAdjustedClose=true
2026-05-06 10:26:12,470 [WARNING] services.market_data_service: OHLCV history failed for DUMMYVEDL1: 404 Client Error: Not Found for url: https://query1.finance.yahoo.com/v8/finance/chart/DUMMYVEDL1.NS?interval=1wk&range=5y&includeAdjustedClose=true
2026-05-06 10:26:12,612 [WARNING] services.market_data_service: OHLCV history failed for DUMMYVEDL3: 404 Client Error: Not Found for url: https://query1.finance.yahoo.com/v8/finance/chart/DUMMYVEDL3.NS?interval=1wk&range=5y&includeAdjustedClose=true
2026-05-06 10:26:12,653 [WARNING] services.market_data_service: OHLCV history failed for DUMMYVEDL4: 404 Client Error: Not Found for url: https://query1.finance.yahoo.com/v8/finance/chart/DUMMYVEDL4.NS?interval=1mo&range=max&includeAdjustedClose=true
2026-05-06 10:26:12,735 [WARNING] services.market_data_service: OHLCV history failed for DUMMYVEDL1: 404 Client Error: Not Found for url: https://query1.finance.yahoo.com/v8/finance/chart/DUMMYVEDL1.NS?interval=1mo&range=max&includeAdjustedClose=true
2026-05-06 10:26:12,814 [WARNING] services.market_data_service: OHLCV history failed for DUMMYVEDL2: 404 Client Error: Not Found for url: https://query1.finance.yahoo.com/v8/finance/chart/DUMMYVEDL2.NS?interval=1mo&range=max&includeAdjustedClose=true
2026-05-06 10:26:13,398 [WARNING] services.market_data_service: OHLCV history failed for DUMMYVEDL3: 404 Client Error: Not Found for url: https://query1.finance.yahoo.com/v8/finance/chart/DUMMYVEDL3.NS?interval=1mo&range=max&includeAdjustedClose=true
2026-05-06 10:28:54,081 [WARNING] services.market_data_service: OHLCV history failed for DUMMYVEDL1: 404 Client Error: Not Found for url: https://query1.finance.yahoo.com/v8/finance/chart/DUMMYVEDL1.NS?interval=1d&range=1y&includeAdjustedClose=true
2026-05-06 10:28:54,140 [WARNING] services.market_data_service: OHLCV history failed for DUMMYVEDL3: 404 Client Error: Not Found for url: https://query1.finance.yahoo.com/v8/finance/chart/DUMMYVEDL3.NS?interval=1d&range=1y&includeAdjustedClose=true
2026-05-06 10:28:54,142 [WARNING] services.market_data_service: OHLCV history failed for DUMMYVEDL2: 404 Client Error: Not Found for url: https://query1.finance.yahoo.com/v8/finance/chart/DUMMYVEDL2.NS?interval=1d&range=1y&includeAdjustedClose=true
2026-05-06 10:28:54,421 [WARNING] services.market_data_service: OHLCV history failed for DUMMYVEDL4: 404 Client Error: Not Found for url: https://query1.finance.yahoo.com/v8/finance/chart/DUMMYVEDL4.NS?interval=1d&range=1y&includeAdjustedClose=true
2026-05-06 10:28:54,593 [WARNING] services.market_data_service: OHLCV history failed for DUMMYVEDL1: 404 Client Error: Not Found for url: https://query1.finance.yahoo.com/v8/finance/chart/DUMMYVEDL1.NS?interval=1wk&range=5y&includeAdjustedClose=true
2026-05-06 10:28:54,600 [WARNING] services.market_data_service: OHLCV history failed for DUMMYVEDL2: 404 Client Error: Not Found for url: https://query1.finance.yahoo.com/v8/finance/chart/DUMMYVEDL2.NS?interval=1wk&range=5y&includeAdjustedClose=true
2026-05-06 10:28:54,632 [WARNING] services.market_data_service: OHLCV history failed for DUMMYVEDL3: 404 Client Error: Not Found for url: https://query1.finance.yahoo.com/v8/finance/chart/DUMMYVEDL3.NS?interval=1wk&range=5y&includeAdjustedClose=true
2026-05-06 10:28:54,924 [WARNING] services.market_data_service: OHLCV history failed for DUMMYVEDL4: 404 Client Error: Not Found for url: https://query1.finance.yahoo.com/v8/finance/chart/DUMMYVEDL4.NS?interval=1wk&range=5y&includeAdjustedClose=true
2026-05-06 10:28:55,371 [WARNING] services.market_data_service: OHLCV history failed for DUMMYVEDL1: 404 Client Error: Not Found for url: https://query1.finance.yahoo.com/v8/finance/chart/DUMMYVEDL1.NS?interval=1mo&range=max&includeAdjustedClose=true
2026-05-06 10:28:55,444 [WARNING] services.market_data_service: OHLCV history failed for DUMMYVEDL3: 404 Client Error: Not Found for url: https://query1.finance.yahoo.com/v8/finance/chart/DUMMYVEDL3.NS?interval=1mo&range=max&includeAdjustedClose=true
2026-05-06 10:28:55,461 [WARNING] services.market_data_service: OHLCV history failed for DUMMYVEDL2: 404 Client Error: Not Found for url: https://query1.finance.yahoo.com/v8/finance/chart/DUMMYVEDL2.NS?interval=1mo&range=max&includeAdjustedClose=true
2026-05-06 10:28:55,515 [WARNING] services.market_data_service: OHLCV history failed for DUMMYVEDL4: 404 Client Error: Not Found for url: https://query1.finance.yahoo.com/v8/finance/chart/DUMMYVEDL4.NS?interval=1mo&range=max&includeAdjustedClose=true
2026-05-10 20:41:26,640 [INFO] backend: Stock Intelligence Platform backend v2.0.0 starting (log: C:\Users\mohan\Stock App\stock-intelligence-platform\storage\logs\backend.log)
2026-05-10 20:41:37,306 [INFO] backend: GET / -> 404 in 2ms
2026-05-10 20:41:37,494 [INFO] backend: GET /favicon.ico -> 404 in 2ms
2026-05-10 20:43:56,310 [INFO] backend: GET /api/market/indices -> 200 in 2053ms
2026-05-10 20:43:56,756 [INFO] backend: GET /api/market/sectors -> 200 in 2507ms
2026-05-10 20:56:26,570 [INFO] backend: OPTIONS /api/patterns/scan/stream -> 400 in 13ms
2026-05-10 20:56:46,813 [INFO] backend: GET /api/news/market -> 200 in 3603ms
2026-05-10 20:56:50,487 [INFO] backend: GET /api/news/market -> 200 in 2652ms
2026-05-10 20:56:53,178 [INFO] backend: Backend shutting down
2026-05-10 20:57:26,422 [INFO] backend: Stock Intelligence Platform backend v2.0.0 starting (log: C:\Users\mohan\Stock App\stock-intelligence-platform\storage\logs\backend.log)
2026-05-10 20:57:41,890 [WARNING] services.universe_sync: Failed to fetch ALL NSE from NSE: Invalid URL 'None': No scheme supplied. Perhaps you meant https://None?. Using fallback.
2026-05-10 20:57:42,704 [INFO] services.screener_service: Screener.in session configured.
2026-05-10 20:57:42,709 [INFO] services.screener_service: Screener.in session configured.
2026-05-10 20:57:44,386 [INFO] backend: GET /api/stocks/RELIANCE/fundamentals -> 200 in 2527ms
2026-05-10 20:57:44,511 [INFO] backend: GET /api/stocks/RELIANCE/quarterly -> 200 in 1868ms
2026-05-10 20:57:46,008 [INFO] backend: GET /api/stocks/RELIANCE/balance-sheet -> 200 in 1501ms
2026-05-10 20:57:46,010 [INFO] backend: GET /api/stocks/RELIANCE/cash-flow -> 200 in 1496ms
2026-05-10 20:57:47,412 [INFO] backend: GET /api/stocks/RELIANCE/ratios-history -> 200 in 1394ms
2026-05-10 20:57:47,516 [INFO] backend: GET /api/stocks/RELIANCE/shareholding -> 200 in 1496ms
2026-05-10 20:57:53,991 [INFO] backend: GET /api/stocks/RELIANCE/ohlcv -> 200 in 12133ms
2026-05-10 20:57:54,102 [INFO] backend: GET /api/patterns/detect/RELIANCE -> 200 in 11444ms
2026-05-10 20:57:54,516 [INFO] backend: GET /api/stocks/RELIANCE/peers -> 200 in 6997ms
2026-05-10 20:57:55,090 [INFO] backend: GET /api/stocks/RELIANCE/indicators -> 200 in 13231ms
2026-05-10 20:57:55,793 [INFO] backend: GET /api/stocks/RELIANCE/fundamentals -> 200 in 1686ms
2026-05-10 20:57:58,031 [INFO] backend: GET /api/stocks/RELIANCE/quarterly -> 200 in 3921ms
2026-05-10 20:57:59,252 [INFO] backend: GET /api/stocks/RELIANCE/verdict -> 200 in 17393ms
2026-05-10 20:57:59,374 [INFO] backend: GET /api/stocks/RELIANCE/cash-flow -> 200 in 3891ms
2026-05-10 20:57:59,654 [INFO] backend: GET /api/stocks/RELIANCE/balance-sheet -> 200 in 4578ms
2026-05-10 20:57:59,855 [INFO] backend: GET /api/stocks/RELIANCE/chart-analysis -> 200 in 12332ms
2026-05-10 20:58:00,154 [INFO] backend: GET /api/stocks/RELIANCE/ratios-history -> 200 in 4017ms
2026-05-10 20:58:00,319 [INFO] backend: GET /api/stocks/RELIANCE/shareholding -> 200 in 1944ms
2026-05-10 20:58:02,214 [INFO] backend: GET /api/stocks/RELIANCE/peers -> 200 in 2091ms
2026-05-10 20:58:02,526 [INFO] backend: GET /api/stocks/RELIANCE/verdict -> 200 in 1779ms
2026-05-10 20:58:02,963 [INFO] backend: GET /api/stocks/RELIANCE/chart-analysis -> 200 in 1822ms
2026-05-10 20:58:35,091 [INFO] backend: GET /api/stocks/RELIANCE/ohlcv -> 200 in 1531ms
2026-05-10 20:58:35,203 [INFO] backend: GET /api/stocks/RELIANCE/indicators -> 200 in 1631ms
2026-05-10 20:58:35,426 [INFO] backend: GET /api/patterns/detect/RELIANCE -> 200 in 1835ms
2026-05-10 20:58:35,588 [INFO] backend: GET /api/stocks/RELIANCE/quarterly -> 200 in 2006ms
2026-05-10 20:58:35,682 [INFO] backend: GET /api/stocks/RELIANCE/fundamentals -> 200 in 2102ms
2026-05-10 20:58:37,121 [INFO] backend: GET /api/stocks/RELIANCE/verdict -> 200 in 3556ms
2026-05-10 20:58:39,116 [INFO] backend: GET /api/stocks/RELIANCE/cash-flow -> 200 in 3574ms
2026-05-10 20:58:39,608 [INFO] backend: GET /api/stocks/RELIANCE/balance-sheet -> 200 in 4067ms
2026-05-10 20:58:39,838 [INFO] backend: GET /api/stocks/RELIANCE/shareholding -> 200 in 3967ms
2026-05-10 20:58:39,840 [INFO] backend: GET /api/stocks/RELIANCE/ratios-history -> 200 in 4171ms
2026-05-10 20:58:41,061 [INFO] backend: GET /api/stocks/RELIANCE/indicators -> 200 in 1161ms
2026-05-10 20:58:42,011 [INFO] backend: GET /api/stocks/RELIANCE/peers -> 200 in 6124ms
2026-05-10 20:58:42,089 [INFO] backend: GET /api/stocks/RELIANCE/quarterly -> 200 in 2182ms
2026-05-10 20:58:42,294 [INFO] backend: GET /api/stocks/RELIANCE/chart-analysis -> 200 in 4380ms
2026-05-10 20:58:42,942 [INFO] backend: GET /api/stocks/RELIANCE/fundamentals -> 200 in 2598ms
2026-05-10 20:58:43,186 [INFO] backend: GET /api/stocks/RELIANCE/cash-flow -> 200 in 1891ms
2026-05-10 20:58:43,878 [INFO] backend: GET /api/stocks/RELIANCE/verdict -> 200 in 2600ms
2026-05-10 20:58:50,787 [INFO] backend: GET /api/stocks/RELIANCE/balance-sheet -> 200 in 3146ms
2026-05-10 20:58:51,148 [INFO] backend: GET /api/stocks/RELIANCE/ratios-history -> 200 in 3502ms
2026-05-10 20:58:51,225 [INFO] backend: GET /api/stocks/RELIANCE/shareholding -> 200 in 3569ms
2026-05-10 20:58:51,602 [INFO] backend: GET /api/stocks/RELIANCE/chart-analysis -> 200 in 3941ms
2026-05-10 20:58:51,900 [INFO] backend: GET /api/stocks/RELIANCE/peers -> 200 in 4244ms
2026-05-10 21:01:01,958 [INFO] backend: Stock Intelligence Platform backend v2.0.0 starting (log: C:\Users\mohan\Stock App\stock-intelligence-platform\storage\logs\backend.log)
2026-05-10 21:01:14,038 [INFO] backend: HEAD /api/universe/all-symbols -> 405 in 1ms
2026-05-10 21:02:15,491 [INFO] backend: GET /api/market/sectors -> 200 in 1501ms
2026-05-10 21:02:17,539 [INFO] backend: GET /api/stocks/RELIANCE/ohlcv -> 200 in 1936ms
2026-05-10 21:02:18,821 [INFO] services.screener_service: Screener.in session configured.
2026-05-10 21:02:19,711 [INFO] backend: GET /api/stocks/RELIANCE/fundamentals -> 200 in 1152ms
2026-05-10 21:02:21,594 [INFO] backend: GET /api/stocks/RELIANCE/verdict -> 200 in 1113ms
2026-05-10 21:02:22,758 [INFO] backend: GET /api/stocks/RELIANCE/chart-analysis -> 200 in 1159ms
2026-05-10 21:02:23,386 [INFO] backend: Backend shutting down
2026-05-10 21:02:27,482 [INFO] backend: Stock Intelligence Platform backend v2.0.0 starting (log: C:\Users\mohan\Stock App\stock-intelligence-platform\storage\logs\backend.log)
2026-05-10 21:02:28,151 [INFO] backend: GET /api/news/market -> 200 in 3159ms
2026-05-10 21:02:31,004 [INFO] backend: GET /api/news/stock/RELIANCE -> 200 in 2849ms
2026-05-10 21:02:32,530 [INFO] backend: GET /api/news/announcements -> 200 in 1522ms
2026-05-10 21:02:38,314 [WARNING] services.market_data_service: OHLCV history failed for TATAMOTORS: 404 Client Error: Not Found for url: https://query1.finance.yahoo.com/v8/finance/chart/TATAMOTORS.NS?interval=1d&range=6mo&includeAdjustedClose=true
2026-05-10 21:02:38,317 [INFO] backend: GET /api/watchlist -> 200 in 4258ms
2026-05-10 21:05:45,864 [INFO] backend: Stock Intelligence Platform backend v2.0.0 starting (log: C:\Users\mohan\Stock App\stock-intelligence-platform\storage\logs\backend.log)
2026-05-10 21:06:12,243 [INFO] backend: GET /api/market/sectors -> 200 in 1498ms
2026-05-10 21:07:50,889 [INFO] backend: GET /api/market/sectors -> 200 in 1702ms
2026-05-10 21:07:50,934 [INFO] backend: Backend shutting down
2026-05-10 21:07:54,919 [INFO] backend: Stock Intelligence Platform backend v2.0.0 starting (log: C:\Users\mohan\Stock App\stock-intelligence-platform\storage\logs\backend.log)
2026-05-10 21:07:54,921 [INFO] backend: Stock Intelligence Platform backend v2.0.0 starting (log: C:\Users\mohan\Stock App\stock-intelligence-platform\storage\logs\backend.log)
2026-05-10 21:11:23,429 [WARNING] services.market_data_service: OHLCV history failed for DUMMYVEDL1: 404 Client Error: Not Found for url: https://query1.finance.yahoo.com/v8/finance/chart/DUMMYVEDL1.NS?interval=1wk&range=5y&includeAdjustedClose=true
2026-05-10 21:11:23,558 [WARNING] services.market_data_service: OHLCV history failed for DUMMYVEDL2: 404 Client Error: Not Found for url: https://query1.finance.yahoo.com/v8/finance/chart/DUMMYVEDL2.NS?interval=1wk&range=5y&includeAdjustedClose=true
2026-05-10 21:11:23,686 [WARNING] services.market_data_service: OHLCV history failed for DUMMYVEDL3: 404 Client Error: Not Found for url: https://query1.finance.yahoo.com/v8/finance/chart/DUMMYVEDL3.NS?interval=1wk&range=5y&includeAdjustedClose=true
2026-05-10 21:11:23,851 [WARNING] services.market_data_service: OHLCV history failed for DUMMYVEDL4: 404 Client Error: Not Found for url: https://query1.finance.yahoo.com/v8/finance/chart/DUMMYVEDL4.NS?interval=1wk&range=5y&includeAdjustedClose=true
2026-05-10 21:11:23,913 [WARNING] services.market_data_service: OHLCV history failed for DUMMYVEDL1: 404 Client Error: Not Found for url: https://query1.finance.yahoo.com/v8/finance/chart/DUMMYVEDL1.NS?interval=1mo&range=max&includeAdjustedClose=true
2026-05-10 21:11:23,958 [WARNING] services.market_data_service: OHLCV history failed for DUMMYVEDL2: 404 Client Error: Not Found for url: https://query1.finance.yahoo.com/v8/finance/chart/DUMMYVEDL2.NS?interval=1mo&range=max&includeAdjustedClose=true
2026-05-10 21:11:24,155 [WARNING] services.market_data_service: OHLCV history failed for DUMMYVEDL3: 404 Client Error: Not Found for url: https://query1.finance.yahoo.com/v8/finance/chart/DUMMYVEDL3.NS?interval=1mo&range=max&includeAdjustedClose=true
2026-05-10 21:11:24,418 [WARNING] services.market_data_service: OHLCV history failed for DUMMYVEDL4: 404 Client Error: Not Found for url: https://query1.finance.yahoo.com/v8/finance/chart/DUMMYVEDL4.NS?interval=1mo&range=max&includeAdjustedClose=true
2026-05-10 21:13:05,092 [WARNING] services.market_data_service: OHLCV history failed for DUMMYVEDL1: 404 Client Error: Not Found for url: https://query1.finance.yahoo.com/v8/finance/chart/DUMMYVEDL1.NS?interval=1wk&range=5y&includeAdjustedClose=true
2026-05-10 21:13:05,108 [WARNING] services.market_data_service: OHLCV history failed for DUMMYVEDL2: 404 Client Error: Not Found for url: https://query1.finance.yahoo.com/v8/finance/chart/DUMMYVEDL2.NS?interval=1wk&range=5y&includeAdjustedClose=true
2026-05-10 21:13:05,463 [WARNING] services.market_data_service: OHLCV history failed for DUMMYVEDL4: 404 Client Error: Not Found for url: https://query1.finance.yahoo.com/v8/finance/chart/DUMMYVEDL4.NS?interval=1wk&range=5y&includeAdjustedClose=true
2026-05-10 21:13:05,489 [WARNING] services.market_data_service: OHLCV history failed for DUMMYVEDL3: 404 Client Error: Not Found for url: https://query1.finance.yahoo.com/v8/finance/chart/DUMMYVEDL3.NS?interval=1wk&range=5y&includeAdjustedClose=true
2026-05-10 21:13:05,592 [WARNING] services.market_data_service: OHLCV history failed for DUMMYVEDL1: 404 Client Error: Not Found for url: https://query1.finance.yahoo.com/v8/finance/chart/DUMMYVEDL1.NS?interval=1mo&range=max&includeAdjustedClose=true
2026-05-10 21:13:05,637 [WARNING] services.market_data_service: OHLCV history failed for DUMMYVEDL2: 404 Client Error: Not Found for url: https://query1.finance.yahoo.com/v8/finance/chart/DUMMYVEDL2.NS?interval=1mo&range=max&includeAdjustedClose=true
2026-05-10 21:13:05,927 [WARNING] services.market_data_service: OHLCV history failed for DUMMYVEDL4: 404 Client Error: Not Found for url: https://query1.finance.yahoo.com/v8/finance/chart/DUMMYVEDL4.NS?interval=1mo&range=max&includeAdjustedClose=true
2026-05-10 21:13:05,975 [WARNING] services.market_data_service: OHLCV history failed for DUMMYVEDL3: 404 Client Error: Not Found for url: https://query1.finance.yahoo.com/v8/finance/chart/DUMMYVEDL3.NS?interval=1mo&range=max&includeAdjustedClose=true
2026-05-10 21:13:06,029 [WARNING] services.market_data_service: OHLCV history failed for DUMMYVEDL1: 404 Client Error: Not Found for url: https://query1.finance.yahoo.com/v8/finance/chart/DUMMYVEDL1.NS?interval=1d&range=1y&includeAdjustedClose=true
2026-05-10 21:13:06,069 [WARNING] services.market_data_service: OHLCV history failed for DUMMYVEDL2: 404 Client Error: Not Found for url: https://query1.finance.yahoo.com/v8/finance/chart/DUMMYVEDL2.NS?interval=1d&range=1y&includeAdjustedClose=true
2026-05-10 21:13:06,486 [WARNING] services.market_data_service: OHLCV history failed for DUMMYVEDL4: 404 Client Error: Not Found for url: https://query1.finance.yahoo.com/v8/finance/chart/DUMMYVEDL4.NS?interval=1d&range=1y&includeAdjustedClose=true
2026-05-10 21:13:06,810 [WARNING] services.market_data_service: OHLCV history failed for DUMMYVEDL3: 404 Client Error: Not Found for url: https://query1.finance.yahoo.com/v8/finance/chart/DUMMYVEDL3.NS?interval=1d&range=1y&includeAdjustedClose=true
2026-05-10 21:18:09,150 [WARNING] services.market_data_service: OHLCV history failed for DUMMYVEDL1: 404 Client Error: Not Found for url: https://query1.finance.yahoo.com/v8/finance/chart/DUMMYVEDL1.NS?interval=1wk&range=5y&includeAdjustedClose=true
2026-05-10 21:18:09,305 [WARNING] services.market_data_service: OHLCV history failed for DUMMYVEDL2: 404 Client Error: Not Found for url: https://query1.finance.yahoo.com/v8/finance/chart/DUMMYVEDL2.NS?interval=1wk&range=5y&includeAdjustedClose=true
2026-05-10 21:18:09,523 [WARNING] services.market_data_service: OHLCV history failed for DUMMYVEDL4: 404 Client Error: Not Found for url: https://query1.finance.yahoo.com/v8/finance/chart/DUMMYVEDL4.NS?interval=1wk&range=5y&includeAdjustedClose=true
2026-05-10 21:18:09,659 [WARNING] services.market_data_service: OHLCV history failed for DUMMYVEDL3: 404 Client Error: Not Found for url: https://query1.finance.yahoo.com/v8/finance/chart/DUMMYVEDL3.NS?interval=1wk&range=5y&includeAdjustedClose=true
2026-05-10 21:18:09,733 [WARNING] services.market_data_service: OHLCV history failed for DUMMYVEDL1: 404 Client Error: Not Found for url: https://query1.finance.yahoo.com/v8/finance/chart/DUMMYVEDL1.NS?interval=1mo&range=max&includeAdjustedClose=true
2026-05-10 21:18:09,921 [WARNING] services.market_data_service: OHLCV history failed for DUMMYVEDL2: 404 Client Error: Not Found for url: https://query1.finance.yahoo.com/v8/finance/chart/DUMMYVEDL2.NS?interval=1mo&range=max&includeAdjustedClose=true
2026-05-10 21:18:10,031 [WARNING] services.market_data_service: OHLCV history failed for DUMMYVEDL3: 404 Client Error: Not Found for url: https://query1.finance.yahoo.com/v8/finance/chart/DUMMYVEDL3.NS?interval=1mo&range=max&includeAdjustedClose=true
2026-05-10 21:18:10,179 [WARNING] services.market_data_service: OHLCV history failed for DUMMYVEDL4: 404 Client Error: Not Found for url: https://query1.finance.yahoo.com/v8/finance/chart/DUMMYVEDL4.NS?interval=1mo&range=max&includeAdjustedClose=true
2026-05-10 21:18:10,217 [WARNING] services.market_data_service: OHLCV history failed for DUMMYVEDL2: 404 Client Error: Not Found for url: https://query1.finance.yahoo.com/v8/finance/chart/DUMMYVEDL2.NS?interval=1d&range=1y&includeAdjustedClose=true
2026-05-10 21:18:10,263 [WARNING] services.market_data_service: OHLCV history failed for DUMMYVEDL1: 404 Client Error: Not Found for url: https://query1.finance.yahoo.com/v8/finance/chart/DUMMYVEDL1.NS?interval=1d&range=1y&includeAdjustedClose=true
2026-05-10 21:18:10,635 [WARNING] services.market_data_service: OHLCV history failed for DUMMYVEDL3: 404 Client Error: Not Found for url: https://query1.finance.yahoo.com/v8/finance/chart/DUMMYVEDL3.NS?interval=1d&range=1y&includeAdjustedClose=true
2026-05-10 21:18:10,647 [WARNING] services.market_data_service: OHLCV history failed for DUMMYVEDL4: 404 Client Error: Not Found for url: https://query1.finance.yahoo.com/v8/finance/chart/DUMMYVEDL4.NS?interval=1d&range=1y&includeAdjustedClose=true
2026-05-10 21:39:10,280 [WARNING] services.market_data_service: OHLCV history failed for DUMMYVEDL2: 404 Client Error: Not Found for url: https://query1.finance.yahoo.com/v8/finance/chart/DUMMYVEDL2.NS?interval=1wk&range=5y&includeAdjustedClose=true
2026-05-10 21:39:10,330 [WARNING] services.market_data_service: OHLCV history failed for DUMMYVEDL3: 404 Client Error: Not Found for url: https://query1.finance.yahoo.com/v8/finance/chart/DUMMYVEDL3.NS?interval=1wk&range=5y&includeAdjustedClose=true
2026-05-10 21:39:10,343 [WARNING] services.market_data_service: OHLCV history failed for DUMMYVEDL1: 404 Client Error: Not Found for url: https://query1.finance.yahoo.com/v8/finance/chart/DUMMYVEDL1.NS?interval=1wk&range=5y&includeAdjustedClose=true
2026-05-10 21:39:10,517 [WARNING] services.market_data_service: OHLCV history failed for DUMMYVEDL4: 404 Client Error: Not Found for url: https://query1.finance.yahoo.com/v8/finance/chart/DUMMYVEDL4.NS?interval=1wk&range=5y&includeAdjustedClose=true
2026-05-10 21:39:10,717 [WARNING] services.market_data_service: OHLCV history failed for DUMMYVEDL2: 404 Client Error: Not Found for url: https://query1.finance.yahoo.com/v8/finance/chart/DUMMYVEDL2.NS?interval=1mo&range=max&includeAdjustedClose=true
2026-05-10 21:39:10,778 [WARNING] services.market_data_service: OHLCV history failed for DUMMYVEDL3: 404 Client Error: Not Found for url: https://query1.finance.yahoo.com/v8/finance/chart/DUMMYVEDL3.NS?interval=1mo&range=max&includeAdjustedClose=true
2026-05-10 21:39:10,780 [WARNING] services.market_data_service: OHLCV history failed for DUMMYVEDL1: 404 Client Error: Not Found for url: https://query1.finance.yahoo.com/v8/finance/chart/DUMMYVEDL1.NS?interval=1mo&range=max&includeAdjustedClose=true
2026-05-10 21:39:11,195 [WARNING] services.market_data_service: OHLCV history failed for DUMMYVEDL2: 404 Client Error: Not Found for url: https://query1.finance.yahoo.com/v8/finance/chart/DUMMYVEDL2.NS?interval=1d&range=1y&includeAdjustedClose=true
2026-05-10 21:39:11,247 [WARNING] services.market_data_service: OHLCV history failed for DUMMYVEDL4: 404 Client Error: Not Found for url: https://query1.finance.yahoo.com/v8/finance/chart/DUMMYVEDL4.NS?interval=1mo&range=max&includeAdjustedClose=true
2026-05-10 21:39:11,360 [WARNING] services.market_data_service: OHLCV history failed for DUMMYVEDL3: 404 Client Error: Not Found for url: https://query1.finance.yahoo.com/v8/finance/chart/DUMMYVEDL3.NS?interval=1d&range=1y&includeAdjustedClose=true
2026-05-10 21:39:11,466 [WARNING] services.market_data_service: OHLCV history failed for DUMMYVEDL1: 404 Client Error: Not Found for url: https://query1.finance.yahoo.com/v8/finance/chart/DUMMYVEDL1.NS?interval=1d&range=1y&includeAdjustedClose=true
2026-05-10 21:39:11,572 [WARNING] services.market_data_service: OHLCV history failed for DUMMYVEDL4: 404 Client Error: Not Found for url: https://query1.finance.yahoo.com/v8/finance/chart/DUMMYVEDL4.NS?interval=1d&range=1y&includeAdjustedClose=true
2026-05-14 22:47:02,375 [INFO] backend: Stock Intelligence Platform backend v2.0.0 starting (log: C:\Users\mohan\Stock App\stock-intelligence-platform\storage\logs\backend.log)
2026-05-14 22:51:15,745 [WARNING] services.market_data_service: OHLCV history failed for DUMMYVEDL4: 404 Client Error: Not Found for url: https://query1.finance.yahoo.com/v8/finance/chart/DUMMYVEDL4.NS?interval=1d&range=1y&includeAdjustedClose=true
2026-05-14 22:51:15,826 [WARNING] services.market_data_service: OHLCV history failed for DUMMYVEDL2: 404 Client Error: Not Found for url: https://query1.finance.yahoo.com/v8/finance/chart/DUMMYVEDL2.NS?interval=1d&range=1y&includeAdjustedClose=true
2026-05-14 22:51:15,937 [WARNING] services.market_data_service: OHLCV history failed for DUMMYVEDL1: 404 Client Error: Not Found for url: https://query1.finance.yahoo.com/v8/finance/chart/DUMMYVEDL1.NS?interval=1d&range=1y&includeAdjustedClose=true
2026-05-14 22:51:16,013 [WARNING] services.market_data_service: OHLCV history failed for DUMMYVEDL3: 404 Client Error: Not Found for url: https://query1.finance.yahoo.com/v8/finance/chart/DUMMYVEDL3.NS?interval=1d&range=1y&includeAdjustedClose=true
2026-05-14 22:51:16,391 [WARNING] services.market_data_service: OHLCV history failed for DUMMYVEDL2: 404 Client Error: Not Found for url: https://query1.finance.yahoo.com/v8/finance/chart/DUMMYVEDL2.NS?interval=1wk&range=5y&includeAdjustedClose=true
2026-05-14 22:51:16,423 [WARNING] services.market_data_service: OHLCV history failed for DUMMYVEDL1: 404 Client Error: Not Found for url: https://query1.finance.yahoo.com/v8/finance/chart/DUMMYVEDL1.NS?interval=1wk&range=5y&includeAdjustedClose=true
2026-05-14 22:51:16,448 [WARNING] services.market_data_service: OHLCV history failed for DUMMYVEDL3: 404 Client Error: Not Found for url: https://query1.finance.yahoo.com/v8/finance/chart/DUMMYVEDL3.NS?interval=1wk&range=5y&includeAdjustedClose=true
2026-05-14 22:51:16,509 [WARNING] services.market_data_service: OHLCV history failed for DUMMYVEDL4: 404 Client Error: Not Found for url: https://query1.finance.yahoo.com/v8/finance/chart/DUMMYVEDL4.NS?interval=1wk&range=5y&includeAdjustedClose=true
2026-05-14 22:51:17,007 [WARNING] services.market_data_service: OHLCV history failed for DUMMYVEDL2: 404 Client Error: Not Found for url: https://query1.finance.yahoo.com/v8/finance/chart/DUMMYVEDL2.NS?interval=1mo&range=max&includeAdjustedClose=true
2026-05-14 22:51:17,084 [WARNING] services.market_data_service: OHLCV history failed for DUMMYVEDL1: 404 Client Error: Not Found for url: https://query1.finance.yahoo.com/v8/finance/chart/DUMMYVEDL1.NS?interval=1mo&range=max&includeAdjustedClose=true
2026-05-14 22:51:17,122 [WARNING] services.market_data_service: OHLCV history failed for DUMMYVEDL3: 404 Client Error: Not Found for url: https://query1.finance.yahoo.com/v8/finance/chart/DUMMYVEDL3.NS?interval=1mo&range=max&includeAdjustedClose=true
2026-05-14 22:51:17,244 [WARNING] services.market_data_service: OHLCV history failed for DUMMYVEDL4: 404 Client Error: Not Found for url: https://query1.finance.yahoo.com/v8/finance/chart/DUMMYVEDL4.NS?interval=1mo&range=max&includeAdjustedClose=true
2026-05-14 22:52:50,616 [WARNING] services.market_data_service: OHLCV history failed for DUMMYVEDL1: 404 Client Error: Not Found for url: https://query1.finance.yahoo.com/v8/finance/chart/DUMMYVEDL1.NS?interval=1d&range=1y&includeAdjustedClose=true
2026-05-14 22:52:50,729 [WARNING] services.market_data_service: OHLCV history failed for DUMMYVEDL2: 404 Client Error: Not Found for url: https://query1.finance.yahoo.com/v8/finance/chart/DUMMYVEDL2.NS?interval=1d&range=1y&includeAdjustedClose=true
2026-05-14 22:52:50,817 [WARNING] services.market_data_service: OHLCV history failed for DUMMYVEDL3: 404 Client Error: Not Found for url: https://query1.finance.yahoo.com/v8/finance/chart/DUMMYVEDL3.NS?interval=1d&range=1y&includeAdjustedClose=true
2026-05-14 22:52:50,848 [WARNING] services.market_data_service: OHLCV history failed for DUMMYVEDL4: 404 Client Error: Not Found for url: https://query1.finance.yahoo.com/v8/finance/chart/DUMMYVEDL4.NS?interval=1d&range=1y&includeAdjustedClose=true
2026-05-14 22:52:51,150 [WARNING] services.market_data_service: OHLCV history failed for DUMMYVEDL2: 404 Client Error: Not Found for url: https://query1.finance.yahoo.com/v8/finance/chart/DUMMYVEDL2.NS?interval=1wk&range=5y&includeAdjustedClose=true
2026-05-14 22:52:51,155 [WARNING] services.market_data_service: OHLCV history failed for DUMMYVEDL1: 404 Client Error: Not Found for url: https://query1.finance.yahoo.com/v8/finance/chart/DUMMYVEDL1.NS?interval=1wk&range=5y&includeAdjustedClose=true
2026-05-14 22:52:51,156 [WARNING] services.market_data_service: OHLCV history failed for DUMMYVEDL4: 404 Client Error: Not Found for url: https://query1.finance.yahoo.com/v8/finance/chart/DUMMYVEDL4.NS?interval=1wk&range=5y&includeAdjustedClose=true
2026-05-14 22:52:51,251 [WARNING] services.market_data_service: OHLCV history failed for DUMMYVEDL3: 404 Client Error: Not Found for url: https://query1.finance.yahoo.com/v8/finance/chart/DUMMYVEDL3.NS?interval=1wk&range=5y&includeAdjustedClose=true
2026-05-14 22:52:51,647 [WARNING] services.market_data_service: OHLCV history failed for DUMMYVEDL1: 404 Client Error: Not Found for url: https://query1.finance.yahoo.com/v8/finance/chart/DUMMYVEDL1.NS?interval=1mo&range=max&includeAdjustedClose=true
2026-05-14 22:52:51,797 [WARNING] services.market_data_service: OHLCV history failed for DUMMYVEDL2: 404 Client Error: Not Found for url: https://query1.finance.yahoo.com/v8/finance/chart/DUMMYVEDL2.NS?interval=1mo&range=max&includeAdjustedClose=true
2026-05-14 22:52:51,801 [WARNING] services.market_data_service: OHLCV history failed for DUMMYVEDL4: 404 Client Error: Not Found for url: https://query1.finance.yahoo.com/v8/finance/chart/DUMMYVEDL4.NS?interval=1mo&range=max&includeAdjustedClose=true
2026-05-14 22:52:51,893 [WARNING] services.market_data_service: OHLCV history failed for DUMMYVEDL3: 404 Client Error: Not Found for url: https://query1.finance.yahoo.com/v8/finance/chart/DUMMYVEDL3.NS?interval=1mo&range=max&includeAdjustedClose=true
2026-05-14 22:53:07,388 [WARNING] services.market_data_service: OHLCV history failed for DUMMYVEDL3: 404 Client Error: Not Found for url: https://query1.finance.yahoo.com/v8/finance/chart/DUMMYVEDL3.NS?interval=1d&range=1y&includeAdjustedClose=true
2026-05-14 22:53:07,394 [WARNING] services.market_data_service: OHLCV history failed for DUMMYVEDL2: 404 Client Error: Not Found for url: https://query1.finance.yahoo.com/v8/finance/chart/DUMMYVEDL2.NS?interval=1d&range=1y&includeAdjustedClose=true
2026-05-14 22:53:07,399 [WARNING] services.market_data_service: OHLCV history failed for DUMMYVEDL1: 404 Client Error: Not Found for url: https://query1.finance.yahoo.com/v8/finance/chart/DUMMYVEDL1.NS?interval=1d&range=1y&includeAdjustedClose=true
2026-05-14 22:53:07,527 [WARNING] services.market_data_service: OHLCV history failed for DUMMYVEDL4: 404 Client Error: Not Found for url: https://query1.finance.yahoo.com/v8/finance/chart/DUMMYVEDL4.NS?interval=1d&range=1y&includeAdjustedClose=true
2026-05-14 22:53:07,919 [WARNING] services.market_data_service: OHLCV history failed for DUMMYVEDL3: 404 Client Error: Not Found for url: https://query1.finance.yahoo.com/v8/finance/chart/DUMMYVEDL3.NS?interval=1wk&range=5y&includeAdjustedClose=true
2026-05-14 22:53:08,027 [WARNING] services.market_data_service: OHLCV history failed for DUMMYVEDL1: 404 Client Error: Not Found for url: https://query1.finance.yahoo.com/v8/finance/chart/DUMMYVEDL1.NS?interval=1wk&range=5y&includeAdjustedClose=true
2026-05-14 22:53:08,040 [WARNING] services.market_data_service: OHLCV history failed for DUMMYVEDL2: 404 Client Error: Not Found for url: https://query1.finance.yahoo.com/v8/finance/chart/DUMMYVEDL2.NS?interval=1wk&range=5y&includeAdjustedClose=true
2026-05-14 22:53:08,130 [WARNING] services.market_data_service: OHLCV history failed for DUMMYVEDL4: 404 Client Error: Not Found for url: https://query1.finance.yahoo.com/v8/finance/chart/DUMMYVEDL4.NS?interval=1wk&range=5y&includeAdjustedClose=true
2026-05-14 22:53:08,363 [WARNING] services.market_data_service: OHLCV history failed for DUMMYVEDL3: 404 Client Error: Not Found for url: https://query1.finance.yahoo.com/v8/finance/chart/DUMMYVEDL3.NS?interval=1mo&range=max&includeAdjustedClose=true
2026-05-14 22:53:08,410 [WARNING] services.market_data_service: OHLCV history failed for DUMMYVEDL1: 404 Client Error: Not Found for url: https://query1.finance.yahoo.com/v8/finance/chart/DUMMYVEDL1.NS?interval=1mo&range=max&includeAdjustedClose=true
2026-05-14 22:53:08,505 [WARNING] services.market_data_service: OHLCV history failed for DUMMYVEDL2: 404 Client Error: Not Found for url: https://query1.finance.yahoo.com/v8/finance/chart/DUMMYVEDL2.NS?interval=1mo&range=max&includeAdjustedClose=true
2026-05-14 22:53:08,731 [WARNING] services.market_data_service: OHLCV history failed for DUMMYVEDL4: 404 Client Error: Not Found for url: https://query1.finance.yahoo.com/v8/finance/chart/DUMMYVEDL4.NS?interval=1mo&range=max&includeAdjustedClose=true
2026-05-14 22:53:39,372 [WARNING] services.market_data_service: OHLCV history failed for DUMMYVEDL1: 404 Client Error: Not Found for url: https://query1.finance.yahoo.com/v8/finance/chart/DUMMYVEDL1.NS?interval=1d&range=1y&includeAdjustedClose=true
2026-05-14 22:53:39,557 [WARNING] services.market_data_service: OHLCV history failed for DUMMYVEDL2: 404 Client Error: Not Found for url: https://query1.finance.yahoo.com/v8/finance/chart/DUMMYVEDL2.NS?interval=1d&range=1y&includeAdjustedClose=true
2026-05-14 22:53:39,579 [WARNING] services.market_data_service: OHLCV history failed for DUMMYVEDL3: 404 Client Error: Not Found for url: https://query1.finance.yahoo.com/v8/finance/chart/DUMMYVEDL3.NS?interval=1d&range=1y&includeAdjustedClose=true
2026-05-14 22:53:39,720 [WARNING] services.market_data_service: OHLCV history failed for DUMMYVEDL4: 404 Client Error: Not Found for url: https://query1.finance.yahoo.com/v8/finance/chart/DUMMYVEDL4.NS?interval=1d&range=1y&includeAdjustedClose=true
2026-05-14 22:53:39,752 [WARNING] services.market_data_service: OHLCV history failed for DUMMYVEDL1: 404 Client Error: Not Found for url: https://query1.finance.yahoo.com/v8/finance/chart/DUMMYVEDL1.NS?interval=1wk&range=5y&includeAdjustedClose=true
2026-05-14 22:53:39,932 [WARNING] services.market_data_service: OHLCV history failed for DUMMYVEDL2: 404 Client Error: Not Found for url: https://query1.finance.yahoo.com/v8/finance/chart/DUMMYVEDL2.NS?interval=1wk&range=5y&includeAdjustedClose=true
2026-05-14 22:53:39,956 [WARNING] services.market_data_service: OHLCV history failed for DUMMYVEDL3: 404 Client Error: Not Found for url: https://query1.finance.yahoo.com/v8/finance/chart/DUMMYVEDL3.NS?interval=1wk&range=5y&includeAdjustedClose=true
2026-05-14 22:53:40,348 [WARNING] services.market_data_service: OHLCV history failed for DUMMYVEDL1: 404 Client Error: Not Found for url: https://query1.finance.yahoo.com/v8/finance/chart/DUMMYVEDL1.NS?interval=1mo&range=max&includeAdjustedClose=true
2026-05-14 22:53:40,444 [WARNING] services.market_data_service: OHLCV history failed for DUMMYVEDL4: 404 Client Error: Not Found for url: https://query1.finance.yahoo.com/v8/finance/chart/DUMMYVEDL4.NS?interval=1wk&range=5y&includeAdjustedClose=true
2026-05-14 22:53:40,538 [WARNING] services.market_data_service: OHLCV history failed for DUMMYVEDL3: 404 Client Error: Not Found for url: https://query1.finance.yahoo.com/v8/finance/chart/DUMMYVEDL3.NS?interval=1mo&range=max&includeAdjustedClose=true
2026-05-14 22:53:40,570 [WARNING] services.market_data_service: OHLCV history failed for DUMMYVEDL2: 404 Client Error: Not Found for url: https://query1.finance.yahoo.com/v8/finance/chart/DUMMYVEDL2.NS?interval=1mo&range=max&includeAdjustedClose=true
2026-05-14 22:53:41,078 [WARNING] services.market_data_service: OHLCV history failed for DUMMYVEDL4: 404 Client Error: Not Found for url: https://query1.finance.yahoo.com/v8/finance/chart/DUMMYVEDL4.NS?interval=1mo&range=max&includeAdjustedClose=true
2026-05-14 22:55:18,971 [WARNING] services.market_data_service: OHLCV history failed for DUMMYVEDL1: 404 Client Error: Not Found for url: https://query1.finance.yahoo.com/v8/finance/chart/DUMMYVEDL1.NS?interval=1d&range=1y&includeAdjustedClose=true
2026-05-14 22:55:18,993 [WARNING] services.market_data_service: OHLCV history failed for DUMMYVEDL2: 404 Client Error: Not Found for url: https://query1.finance.yahoo.com/v8/finance/chart/DUMMYVEDL2.NS?interval=1d&range=1y&includeAdjustedClose=true
2026-05-14 22:55:19,032 [WARNING] services.market_data_service: OHLCV history failed for DUMMYVEDL3: 404 Client Error: Not Found for url: https://query1.finance.yahoo.com/v8/finance/chart/DUMMYVEDL3.NS?interval=1d&range=1y&includeAdjustedClose=true
2026-05-14 22:55:19,033 [WARNING] services.market_data_service: OHLCV history failed for DUMMYVEDL4: 404 Client Error: Not Found for url: https://query1.finance.yahoo.com/v8/finance/chart/DUMMYVEDL4.NS?interval=1d&range=1y&includeAdjustedClose=true
2026-05-14 22:55:19,622 [WARNING] services.market_data_service: OHLCV history failed for DUMMYVEDL2: 404 Client Error: Not Found for url: https://query1.finance.yahoo.com/v8/finance/chart/DUMMYVEDL2.NS?interval=1wk&range=5y&includeAdjustedClose=true
2026-05-14 22:55:19,626 [WARNING] services.market_data_service: OHLCV history failed for DUMMYVEDL1: 404 Client Error: Not Found for url: https://query1.finance.yahoo.com/v8/finance/chart/DUMMYVEDL1.NS?interval=1wk&range=5y&includeAdjustedClose=true
2026-05-14 22:55:19,666 [WARNING] services.market_data_service: OHLCV history failed for DUMMYVEDL4: 404 Client Error: Not Found for url: https://query1.finance.yahoo.com/v8/finance/chart/DUMMYVEDL4.NS?interval=1wk&range=5y&includeAdjustedClose=true
2026-05-14 22:55:19,859 [WARNING] services.market_data_service: OHLCV history failed for DUMMYVEDL3: 404 Client Error: Not Found for url: https://query1.finance.yahoo.com/v8/finance/chart/DUMMYVEDL3.NS?interval=1wk&range=5y&includeAdjustedClose=true
2026-05-14 22:55:19,932 [WARNING] services.market_data_service: OHLCV history failed for DUMMYVEDL2: 404 Client Error: Not Found for url: https://query1.finance.yahoo.com/v8/finance/chart/DUMMYVEDL2.NS?interval=1mo&range=max&includeAdjustedClose=true
2026-05-14 22:55:19,998 [WARNING] services.market_data_service: OHLCV history failed for DUMMYVEDL1: 404 Client Error: Not Found for url: https://query1.finance.yahoo.com/v8/finance/chart/DUMMYVEDL1.NS?interval=1mo&range=max&includeAdjustedClose=true
2026-05-14 22:55:20,236 [WARNING] services.market_data_service: OHLCV history failed for DUMMYVEDL4: 404 Client Error: Not Found for url: https://query1.finance.yahoo.com/v8/finance/chart/DUMMYVEDL4.NS?interval=1mo&range=max&includeAdjustedClose=true
2026-05-14 22:55:20,391 [WARNING] services.market_data_service: OHLCV history failed for DUMMYVEDL3: 404 Client Error: Not Found for url: https://query1.finance.yahoo.com/v8/finance/chart/DUMMYVEDL3.NS?interval=1mo&range=max&includeAdjustedClose=true
2026-05-17 21:05:31,141 [INFO] backend: Backend shutting down
2026-05-17 21:19:17,862 [INFO] backend: Stock Intelligence Platform backend v2.0.0 starting (log: C:\Users\mohan\Stock App\stock-intelligence-platform\storage\logs\backend.log)
2026-05-17 21:33:27,416 [WARNING] services.market_data_service: OHLCV history failed for DUMMYVEDL4: 404 Client Error: Not Found for url: https://query1.finance.yahoo.com/v8/finance/chart/DUMMYVEDL4.NS?interval=1d&range=1y&includeAdjustedClose=true
2026-05-17 21:33:27,418 [WARNING] services.market_data_service: OHLCV history failed for DUMMYVEDL3: 404 Client Error: Not Found for url: https://query1.finance.yahoo.com/v8/finance/chart/DUMMYVEDL3.NS?interval=1d&range=1y&includeAdjustedClose=true
2026-05-17 21:33:27,449 [WARNING] services.market_data_service: OHLCV history failed for DUMMYVEDL1: 404 Client Error: Not Found for url: https://query1.finance.yahoo.com/v8/finance/chart/DUMMYVEDL1.NS?interval=1d&range=1y&includeAdjustedClose=true
2026-05-17 21:33:27,478 [WARNING] services.market_data_service: OHLCV history failed for DUMMYVEDL2: 404 Client Error: Not Found for url: https://query1.finance.yahoo.com/v8/finance/chart/DUMMYVEDL2.NS?interval=1d&range=1y&includeAdjustedClose=true
2026-05-17 21:33:27,735 [WARNING] services.market_data_service: OHLCV history failed for DUMMYVEDL4: 404 Client Error: Not Found for url: https://query1.finance.yahoo.com/v8/finance/chart/DUMMYVEDL4.NS?interval=1wk&range=5y&includeAdjustedClose=true
2026-05-17 21:33:27,846 [WARNING] services.market_data_service: OHLCV history failed for DUMMYVEDL1: 404 Client Error: Not Found for url: https://query1.finance.yahoo.com/v8/finance/chart/DUMMYVEDL1.NS?interval=1wk&range=5y&includeAdjustedClose=true
2026-05-17 21:33:27,922 [WARNING] services.market_data_service: OHLCV history failed for DUMMYVEDL3: 404 Client Error: Not Found for url: https://query1.finance.yahoo.com/v8/finance/chart/DUMMYVEDL3.NS?interval=1wk&range=5y&includeAdjustedClose=true
2026-05-17 21:33:27,928 [WARNING] services.market_data_service: OHLCV history failed for DUMMYVEDL2: 404 Client Error: Not Found for url: https://query1.finance.yahoo.com/v8/finance/chart/DUMMYVEDL2.NS?interval=1wk&range=5y&includeAdjustedClose=true
2026-05-17 21:33:27,997 [WARNING] services.market_data_service: OHLCV history failed for DUMMYVEDL4: 404 Client Error: Not Found for url: https://query1.finance.yahoo.com/v8/finance/chart/DUMMYVEDL4.NS?interval=1mo&range=max&includeAdjustedClose=true
2026-05-17 21:33:28,068 [WARNING] services.market_data_service: OHLCV history failed for DUMMYVEDL1: 404 Client Error: Not Found for url: https://query1.finance.yahoo.com/v8/finance/chart/DUMMYVEDL1.NS?interval=1mo&range=max&includeAdjustedClose=true
2026-05-17 21:33:28,166 [WARNING] services.market_data_service: OHLCV history failed for DUMMYVEDL2: 404 Client Error: Not Found for url: https://query1.finance.yahoo.com/v8/finance/chart/DUMMYVEDL2.NS?interval=1mo&range=max&includeAdjustedClose=true
2026-05-17 21:33:28,212 [WARNING] services.market_data_service: OHLCV history failed for DUMMYVEDL3: 404 Client Error: Not Found for url: https://query1.finance.yahoo.com/v8/finance/chart/DUMMYVEDL3.NS?interval=1mo&range=max&includeAdjustedClose=true
2026-05-17 21:44:04,214 [WARNING] services.market_data_service: OHLCV history failed for DUMMYVEDL1: 404 Client Error: Not Found for url: https://query1.finance.yahoo.com/v8/finance/chart/DUMMYVEDL1.NS?interval=1d&range=1y&includeAdjustedClose=true
2026-05-17 21:44:04,267 [WARNING] services.market_data_service: OHLCV history failed for DUMMYVEDL2: 404 Client Error: Not Found for url: https://query1.finance.yahoo.com/v8/finance/chart/DUMMYVEDL2.NS?interval=1d&range=1y&includeAdjustedClose=true
2026-05-17 21:44:04,366 [WARNING] services.market_data_service: OHLCV history failed for DUMMYVEDL3: 404 Client Error: Not Found for url: https://query1.finance.yahoo.com/v8/finance/chart/DUMMYVEDL3.NS?interval=1d&range=1y&includeAdjustedClose=true
2026-05-17 21:44:04,401 [WARNING] services.market_data_service: OHLCV history failed for DUMMYVEDL4: 404 Client Error: Not Found for url: https://query1.finance.yahoo.com/v8/finance/chart/DUMMYVEDL4.NS?interval=1d&range=1y&includeAdjustedClose=true
2026-05-17 21:44:04,443 [WARNING] services.market_data_service: OHLCV history failed for DUMMYVEDL1: 404 Client Error: Not Found for url: https://query1.finance.yahoo.com/v8/finance/chart/DUMMYVEDL1.NS?interval=1wk&range=5y&includeAdjustedClose=true
2026-05-17 21:44:04,615 [WARNING] services.market_data_service: OHLCV history failed for DUMMYVEDL2: 404 Client Error: Not Found for url: https://query1.finance.yahoo.com/v8/finance/chart/DUMMYVEDL2.NS?interval=1wk&range=5y&includeAdjustedClose=true
2026-05-17 21:44:04,662 [WARNING] services.market_data_service: OHLCV history failed for DUMMYVEDL1: 404 Client Error: Not Found for url: https://query1.finance.yahoo.com/v8/finance/chart/DUMMYVEDL1.NS?interval=1mo&range=max&includeAdjustedClose=true
2026-05-17 21:44:04,664 [WARNING] services.market_data_service: OHLCV history failed for DUMMYVEDL3: 404 Client Error: Not Found for url: https://query1.finance.yahoo.com/v8/finance/chart/DUMMYVEDL3.NS?interval=1wk&range=5y&includeAdjustedClose=true
2026-05-17 21:44:04,666 [WARNING] services.market_data_service: OHLCV history failed for DUMMYVEDL4: 404 Client Error: Not Found for url: https://query1.finance.yahoo.com/v8/finance/chart/DUMMYVEDL4.NS?interval=1wk&range=5y&includeAdjustedClose=true
2026-05-17 21:44:04,914 [WARNING] services.market_data_service: OHLCV history failed for DUMMYVEDL3: 404 Client Error: Not Found for url: https://query1.finance.yahoo.com/v8/finance/chart/DUMMYVEDL3.NS?interval=1mo&range=max&includeAdjustedClose=true
2026-05-17 21:44:04,937 [WARNING] services.market_data_service: OHLCV history failed for DUMMYVEDL2: 404 Client Error: Not Found for url: https://query1.finance.yahoo.com/v8/finance/chart/DUMMYVEDL2.NS?interval=1mo&range=max&includeAdjustedClose=true
2026-05-17 21:44:04,970 [WARNING] services.market_data_service: OHLCV history failed for DUMMYVEDL4: 404 Client Error: Not Found for url: https://query1.finance.yahoo.com/v8/finance/chart/DUMMYVEDL4.NS?interval=1mo&range=max&includeAdjustedClose=true
2026-05-17 22:38:26,134 [INFO] backend: Backend shutting down
2026-05-19 19:37:16,706 [INFO] backend: Stock Intelligence Platform backend v2.0.0 starting (log: C:\Users\mohan\Stock App\stock-intelligence-platform\storage\logs\backend.log)
2026-05-19 19:39:58,816 [INFO] backend: GET /api/market/indices -> 200 in 1029ms
2026-05-19 19:39:59,317 [INFO] backend: GET /api/market/sectors -> 200 in 1513ms
2026-05-24 09:32:50,695 [INFO] backend: Stock Intelligence Platform backend v2.0.0 starting (log: C:\Users\mohan\Stock App\stock-intelligence-platform\storage\logs\backend.log)
2026-05-24 09:39:47,975 [WARNING] services.market_data_service: OHLCV history failed for DUMMYVEDL2: 404 Client Error: Not Found for url: https://query1.finance.yahoo.com/v8/finance/chart/DUMMYVEDL2.NS?interval=1d&range=1y&includeAdjustedClose=true
2026-05-24 09:39:47,990 [WARNING] services.market_data_service: OHLCV history failed for DUMMYVEDL4: 404 Client Error: Not Found for url: https://query1.finance.yahoo.com/v8/finance/chart/DUMMYVEDL4.NS?interval=1d&range=1y&includeAdjustedClose=true
2026-05-24 09:39:48,012 [WARNING] services.market_data_service: OHLCV history failed for DUMMYVEDL1: 404 Client Error: Not Found for url: https://query1.finance.yahoo.com/v8/finance/chart/DUMMYVEDL1.NS?interval=1d&range=1y&includeAdjustedClose=true
2026-05-24 09:39:48,047 [WARNING] services.market_data_service: OHLCV history failed for DUMMYVEDL3: 404 Client Error: Not Found for url: https://query1.finance.yahoo.com/v8/finance/chart/DUMMYVEDL3.NS?interval=1d&range=1y&includeAdjustedClose=true
2026-05-24 09:39:48,375 [WARNING] services.market_data_service: OHLCV history failed for DUMMYVEDL1: 404 Client Error: Not Found for url: https://query1.finance.yahoo.com/v8/finance/chart/DUMMYVEDL1.NS?interval=1wk&range=5y&includeAdjustedClose=true
2026-05-24 09:39:48,377 [WARNING] services.market_data_service: OHLCV history failed for DUMMYVEDL4: 404 Client Error: Not Found for url: https://query1.finance.yahoo.com/v8/finance/chart/DUMMYVEDL4.NS?interval=1wk&range=5y&includeAdjustedClose=true
2026-05-24 09:39:48,397 [WARNING] services.market_data_service: OHLCV history failed for DUMMYVEDL3: 404 Client Error: Not Found for url: https://query1.finance.yahoo.com/v8/finance/chart/DUMMYVEDL3.NS?interval=1wk&range=5y&includeAdjustedClose=true
2026-05-24 09:39:48,453 [WARNING] services.market_data_service: OHLCV history failed for DUMMYVEDL2: 404 Client Error: Not Found for url: https://query1.finance.yahoo.com/v8/finance/chart/DUMMYVEDL2.NS?interval=1wk&range=5y&includeAdjustedClose=true
2026-05-24 09:39:48,663 [WARNING] services.market_data_service: OHLCV history failed for DUMMYVEDL1: 404 Client Error: Not Found for url: https://query1.finance.yahoo.com/v8/finance/chart/DUMMYVEDL1.NS?interval=1mo&range=max&includeAdjustedClose=true
2026-05-24 09:39:48,667 [WARNING] services.market_data_service: OHLCV history failed for DUMMYVEDL4: 404 Client Error: Not Found for url: https://query1.finance.yahoo.com/v8/finance/chart/DUMMYVEDL4.NS?interval=1mo&range=max&includeAdjustedClose=true
2026-05-24 09:39:48,723 [WARNING] services.market_data_service: OHLCV history failed for DUMMYVEDL3: 404 Client Error: Not Found for url: https://query1.finance.yahoo.com/v8/finance/chart/DUMMYVEDL3.NS?interval=1mo&range=max&includeAdjustedClose=true
2026-05-24 09:39:48,757 [WARNING] services.market_data_service: OHLCV history failed for DUMMYVEDL2: 404 Client Error: Not Found for url: https://query1.finance.yahoo.com/v8/finance/chart/DUMMYVEDL2.NS?interval=1mo&range=max&includeAdjustedClose=true
2026-05-24 11:27:03,097 [INFO] backend: Stock Intelligence Platform backend v2.0.0 starting (log: C:\Users\mohan\Stock App\stock-intelligence-platform\storage\logs\backend.log)
2026-05-24 11:29:00,551 [WARNING] services.market_data_service: OHLCV history failed for DUMMYVEDL1: 404 Client Error: Not Found for url: https://query1.finance.yahoo.com/v8/finance/chart/DUMMYVEDL1.NS?interval=1d&range=1y&includeAdjustedClose=true
2026-05-24 11:29:00,683 [WARNING] services.market_data_service: OHLCV history failed for DUMMYVEDL4: 404 Client Error: Not Found for url: https://query1.finance.yahoo.com/v8/finance/chart/DUMMYVEDL4.NS?interval=1d&range=1y&includeAdjustedClose=true
2026-05-24 11:29:00,695 [WARNING] services.market_data_service: OHLCV history failed for DUMMYVEDL3: 404 Client Error: Not Found for url: https://query1.finance.yahoo.com/v8/finance/chart/DUMMYVEDL3.NS?interval=1d&range=1y&includeAdjustedClose=true
2026-05-24 11:29:00,719 [WARNING] services.market_data_service: OHLCV history failed for DUMMYVEDL2: 404 Client Error: Not Found for url: https://query1.finance.yahoo.com/v8/finance/chart/DUMMYVEDL2.NS?interval=1d&range=1y&includeAdjustedClose=true
2026-05-24 11:29:01,024 [WARNING] services.market_data_service: OHLCV history failed for DUMMYVEDL3: 404 Client Error: Not Found for url: https://query1.finance.yahoo.com/v8/finance/chart/DUMMYVEDL3.NS?interval=1wk&range=5y&includeAdjustedClose=true
2026-05-24 11:29:01,072 [WARNING] services.market_data_service: OHLCV history failed for DUMMYVEDL1: 404 Client Error: Not Found for url: https://query1.finance.yahoo.com/v8/finance/chart/DUMMYVEDL1.NS?interval=1wk&range=5y&includeAdjustedClose=true
2026-05-24 11:29:01,104 [WARNING] services.market_data_service: OHLCV history failed for DUMMYVEDL2: 404 Client Error: Not Found for url: https://query1.finance.yahoo.com/v8/finance/chart/DUMMYVEDL2.NS?interval=1wk&range=5y&includeAdjustedClose=true
2026-05-24 11:29:01,229 [WARNING] services.market_data_service: OHLCV history failed for DUMMYVEDL4: 404 Client Error: Not Found for url: https://query1.finance.yahoo.com/v8/finance/chart/DUMMYVEDL4.NS?interval=1wk&range=5y&includeAdjustedClose=true
2026-05-24 11:29:01,579 [WARNING] services.market_data_service: OHLCV history failed for DUMMYVEDL3: 404 Client Error: Not Found for url: https://query1.finance.yahoo.com/v8/finance/chart/DUMMYVEDL3.NS?interval=1mo&range=max&includeAdjustedClose=true
2026-05-24 11:29:01,625 [WARNING] services.market_data_service: OHLCV history failed for DUMMYVEDL1: 404 Client Error: Not Found for url: https://query1.finance.yahoo.com/v8/finance/chart/DUMMYVEDL1.NS?interval=1mo&range=max&includeAdjustedClose=true
2026-05-24 11:29:01,693 [WARNING] services.market_data_service: OHLCV history failed for DUMMYVEDL2: 404 Client Error: Not Found for url: https://query1.finance.yahoo.com/v8/finance/chart/DUMMYVEDL2.NS?interval=1mo&range=max&includeAdjustedClose=true
2026-05-24 11:29:01,695 [WARNING] services.market_data_service: OHLCV history failed for DUMMYVEDL4: 404 Client Error: Not Found for url: https://query1.finance.yahoo.com/v8/finance/chart/DUMMYVEDL4.NS?interval=1mo&range=max&includeAdjustedClose=true
2026-05-24 11:32:53,591 [WARNING] services.market_data_service: OHLCV history failed for DUMMYVEDL1: 404 Client Error: Not Found for url: https://query1.finance.yahoo.com/v8/finance/chart/DUMMYVEDL1.NS?interval=1d&range=1y&includeAdjustedClose=true
2026-05-24 11:32:53,718 [WARNING] services.market_data_service: OHLCV history failed for DUMMYVEDL2: 404 Client Error: Not Found for url: https://query1.finance.yahoo.com/v8/finance/chart/DUMMYVEDL2.NS?interval=1d&range=1y&includeAdjustedClose=true
2026-05-24 11:32:53,722 [WARNING] services.market_data_service: OHLCV history failed for DUMMYVEDL3: 404 Client Error: Not Found for url: https://query1.finance.yahoo.com/v8/finance/chart/DUMMYVEDL3.NS?interval=1d&range=1y&includeAdjustedClose=true
2026-05-24 11:32:53,764 [WARNING] services.market_data_service: OHLCV history failed for DUMMYVEDL4: 404 Client Error: Not Found for url: https://query1.finance.yahoo.com/v8/finance/chart/DUMMYVEDL4.NS?interval=1d&range=1y&includeAdjustedClose=true
2026-05-24 11:32:53,899 [WARNING] services.market_data_service: OHLCV history failed for DUMMYVEDL1: 404 Client Error: Not Found for url: https://query1.finance.yahoo.com/v8/finance/chart/DUMMYVEDL1.NS?interval=1wk&range=5y&includeAdjustedClose=true
2026-05-24 11:32:54,091 [WARNING] services.market_data_service: OHLCV history failed for DUMMYVEDL3: 404 Client Error: Not Found for url: https://query1.finance.yahoo.com/v8/finance/chart/DUMMYVEDL3.NS?interval=1wk&range=5y&includeAdjustedClose=true
2026-05-24 11:32:54,095 [WARNING] services.market_data_service: OHLCV history failed for DUMMYVEDL2: 404 Client Error: Not Found for url: https://query1.finance.yahoo.com/v8/finance/chart/DUMMYVEDL2.NS?interval=1wk&range=5y&includeAdjustedClose=true
2026-05-24 11:32:54,324 [WARNING] services.market_data_service: OHLCV history failed for DUMMYVEDL4: 404 Client Error: Not Found for url: https://query1.finance.yahoo.com/v8/finance/chart/DUMMYVEDL4.NS?interval=1wk&range=5y&includeAdjustedClose=true
2026-05-24 11:32:54,584 [WARNING] services.market_data_service: OHLCV history failed for DUMMYVEDL1: 404 Client Error: Not Found for url: https://query1.finance.yahoo.com/v8/finance/chart/DUMMYVEDL1.NS?interval=1mo&range=max&includeAdjustedClose=true
2026-05-24 11:32:54,635 [WARNING] services.market_data_service: OHLCV history failed for DUMMYVEDL2: 404 Client Error: Not Found for url: https://query1.finance.yahoo.com/v8/finance/chart/DUMMYVEDL2.NS?interval=1mo&range=max&includeAdjustedClose=true
2026-05-24 11:32:54,639 [WARNING] services.market_data_service: OHLCV history failed for DUMMYVEDL3: 404 Client Error: Not Found for url: https://query1.finance.yahoo.com/v8/finance/chart/DUMMYVEDL3.NS?interval=1mo&range=max&includeAdjustedClose=true
2026-05-24 11:32:54,665 [WARNING] services.market_data_service: OHLCV history failed for DUMMYVEDL4: 404 Client Error: Not Found for url: https://query1.finance.yahoo.com/v8/finance/chart/DUMMYVEDL4.NS?interval=1mo&range=max&includeAdjustedClose=true
2026-05-24 11:34:14,628 [WARNING] services.market_data_service: OHLCV history failed for DUMMYVEDL3: 404 Client Error: Not Found for url: https://query1.finance.yahoo.com/v8/finance/chart/DUMMYVEDL3.NS?interval=1d&range=1y&includeAdjustedClose=true
2026-05-24 11:34:14,643 [WARNING] services.market_data_service: OHLCV history failed for DUMMYVEDL2: 404 Client Error: Not Found for url: https://query1.finance.yahoo.com/v8/finance/chart/DUMMYVEDL2.NS?interval=1d&range=1y&includeAdjustedClose=true
2026-05-24 11:34:14,669 [WARNING] services.market_data_service: OHLCV history failed for DUMMYVEDL1: 404 Client Error: Not Found for url: https://query1.finance.yahoo.com/v8/finance/chart/DUMMYVEDL1.NS?interval=1d&range=1y&includeAdjustedClose=true
2026-05-24 11:34:14,804 [WARNING] services.market_data_service: OHLCV history failed for DUMMYVEDL4: 404 Client Error: Not Found for url: https://query1.finance.yahoo.com/v8/finance/chart/DUMMYVEDL4.NS?interval=1d&range=1y&includeAdjustedClose=true
2026-05-24 11:34:14,974 [WARNING] services.market_data_service: OHLCV history failed for DUMMYVEDL1: 404 Client Error: Not Found for url: https://query1.finance.yahoo.com/v8/finance/chart/DUMMYVEDL1.NS?interval=1wk&range=5y&includeAdjustedClose=true
2026-05-24 11:34:15,007 [WARNING] services.market_data_service: OHLCV history failed for DUMMYVEDL2: 404 Client Error: Not Found for url: https://query1.finance.yahoo.com/v8/finance/chart/DUMMYVEDL2.NS?interval=1wk&range=5y&includeAdjustedClose=true
2026-05-24 11:34:15,008 [WARNING] services.market_data_service: OHLCV history failed for DUMMYVEDL3: 404 Client Error: Not Found for url: https://query1.finance.yahoo.com/v8/finance/chart/DUMMYVEDL3.NS?interval=1wk&range=5y&includeAdjustedClose=true
2026-05-24 11:34:15,412 [WARNING] services.market_data_service: OHLCV history failed for DUMMYVEDL4: 404 Client Error: Not Found for url: https://query1.finance.yahoo.com/v8/finance/chart/DUMMYVEDL4.NS?interval=1wk&range=5y&includeAdjustedClose=true
2026-05-24 11:34:15,507 [WARNING] services.market_data_service: OHLCV history failed for DUMMYVEDL1: 404 Client Error: Not Found for url: https://query1.finance.yahoo.com/v8/finance/chart/DUMMYVEDL1.NS?interval=1mo&range=max&includeAdjustedClose=true
2026-05-24 11:34:15,556 [WARNING] services.market_data_service: OHLCV history failed for DUMMYVEDL2: 404 Client Error: Not Found for url: https://query1.finance.yahoo.com/v8/finance/chart/DUMMYVEDL2.NS?interval=1mo&range=max&includeAdjustedClose=true
2026-05-24 11:34:15,619 [WARNING] services.market_data_service: OHLCV history failed for DUMMYVEDL3: 404 Client Error: Not Found for url: https://query1.finance.yahoo.com/v8/finance/chart/DUMMYVEDL3.NS?interval=1mo&range=max&includeAdjustedClose=true
2026-05-24 11:34:16,228 [WARNING] services.market_data_service: OHLCV history failed for DUMMYVEDL4: 404 Client Error: Not Found for url: https://query1.finance.yahoo.com/v8/finance/chart/DUMMYVEDL4.NS?interval=1mo&range=max&includeAdjustedClose=true
2026-05-24 11:36:28,285 [WARNING] services.market_data_service: OHLCV history failed for DUMMYVEDL2: 404 Client Error: Not Found for url: https://query1.finance.yahoo.com/v8/finance/chart/DUMMYVEDL2.NS?interval=1d&range=1y&includeAdjustedClose=true
2026-05-24 11:36:28,322 [WARNING] services.market_data_service: OHLCV history failed for DUMMYVEDL1: 404 Client Error: Not Found for url: https://query1.finance.yahoo.com/v8/finance/chart/DUMMYVEDL1.NS?interval=1d&range=1y&includeAdjustedClose=true
2026-05-24 11:36:28,416 [WARNING] services.market_data_service: OHLCV history failed for DUMMYVEDL3: 404 Client Error: Not Found for url: https://query1.finance.yahoo.com/v8/finance/chart/DUMMYVEDL3.NS?interval=1d&range=1y&includeAdjustedClose=true
2026-05-24 11:36:28,524 [WARNING] services.market_data_service: OHLCV history failed for DUMMYVEDL4: 404 Client Error: Not Found for url: https://query1.finance.yahoo.com/v8/finance/chart/DUMMYVEDL4.NS?interval=1d&range=1y&includeAdjustedClose=true
2026-05-24 11:36:28,631 [WARNING] services.market_data_service: OHLCV history failed for DUMMYVEDL1: 404 Client Error: Not Found for url: https://query1.finance.yahoo.com/v8/finance/chart/DUMMYVEDL1.NS?interval=1wk&range=5y&includeAdjustedClose=true
2026-05-24 11:36:28,658 [WARNING] services.market_data_service: OHLCV history failed for DUMMYVEDL3: 404 Client Error: Not Found for url: https://query1.finance.yahoo.com/v8/finance/chart/DUMMYVEDL3.NS?interval=1wk&range=5y&includeAdjustedClose=true
2026-05-24 11:36:28,668 [WARNING] services.market_data_service: OHLCV history failed for DUMMYVEDL4: 404 Client Error: Not Found for url: https://query1.finance.yahoo.com/v8/finance/chart/DUMMYVEDL4.NS?interval=1wk&range=5y&includeAdjustedClose=true
2026-05-24 11:36:28,730 [WARNING] services.market_data_service: OHLCV history failed for DUMMYVEDL2: 404 Client Error: Not Found for url: https://query1.finance.yahoo.com/v8/finance/chart/DUMMYVEDL2.NS?interval=1wk&range=5y&includeAdjustedClose=true
2026-05-24 11:36:29,193 [WARNING] services.market_data_service: OHLCV history failed for DUMMYVEDL3: 404 Client Error: Not Found for url: https://query1.finance.yahoo.com/v8/finance/chart/DUMMYVEDL3.NS?interval=1mo&range=max&includeAdjustedClose=true
2026-05-24 11:36:29,231 [WARNING] services.market_data_service: OHLCV history failed for DUMMYVEDL1: 404 Client Error: Not Found for url: https://query1.finance.yahoo.com/v8/finance/chart/DUMMYVEDL1.NS?interval=1mo&range=max&includeAdjustedClose=true
2026-05-24 11:36:29,233 [WARNING] services.market_data_service: OHLCV history failed for DUMMYVEDL4: 404 Client Error: Not Found for url: https://query1.finance.yahoo.com/v8/finance/chart/DUMMYVEDL4.NS?interval=1mo&range=max&includeAdjustedClose=true
2026-05-24 11:36:29,285 [WARNING] services.market_data_service: OHLCV history failed for DUMMYVEDL2: 404 Client Error: Not Found for url: https://query1.finance.yahoo.com/v8/finance/chart/DUMMYVEDL2.NS?interval=1mo&range=max&includeAdjustedClose=true
2026-05-26 09:50:06,581 [INFO] backend: Stock Intelligence Platform backend v2.0.0 starting (log: C:\Users\mohan\Stock App\stock-intelligence-platform\storage\logs\backend.log)
2026-05-26 09:51:58,377 [WARNING] services.market_data_service: OHLCV history failed for DUMMYVEDL1: 404 Client Error: Not Found for url: https://query1.finance.yahoo.com/v8/finance/chart/DUMMYVEDL1.NS?interval=1d&range=1y&includeAdjustedClose=true
2026-05-26 09:51:58,399 [WARNING] services.market_data_service: OHLCV history failed for DUMMYVEDL4: 404 Client Error: Not Found for url: https://query1.finance.yahoo.com/v8/finance/chart/DUMMYVEDL4.NS?interval=1d&range=1y&includeAdjustedClose=true
2026-05-26 09:51:58,478 [WARNING] services.market_data_service: OHLCV history failed for DUMMYVEDL3: 404 Client Error: Not Found for url: https://query1.finance.yahoo.com/v8/finance/chart/DUMMYVEDL3.NS?interval=1d&range=1y&includeAdjustedClose=true
2026-05-26 09:51:58,613 [WARNING] services.market_data_service: OHLCV history failed for DUMMYVEDL2: 404 Client Error: Not Found for url: https://query1.finance.yahoo.com/v8/finance/chart/DUMMYVEDL2.NS?interval=1d&range=1y&includeAdjustedClose=true
2026-05-26 09:51:58,630 [WARNING] services.market_data_service: OHLCV history failed for DUMMYVEDL1: 404 Client Error: Not Found for url: https://query1.finance.yahoo.com/v8/finance/chart/DUMMYVEDL1.NS?interval=1wk&range=5y&includeAdjustedClose=true
2026-05-26 09:51:58,738 [WARNING] services.market_data_service: OHLCV history failed for DUMMYVEDL3: 404 Client Error: Not Found for url: https://query1.finance.yahoo.com/v8/finance/chart/DUMMYVEDL3.NS?interval=1wk&range=5y&includeAdjustedClose=true
2026-05-26 09:51:58,779 [WARNING] services.market_data_service: OHLCV history failed for DUMMYVEDL2: 404 Client Error: Not Found for url: https://query1.finance.yahoo.com/v8/finance/chart/DUMMYVEDL2.NS?interval=1wk&range=5y&includeAdjustedClose=true
2026-05-26 09:51:58,847 [WARNING] services.market_data_service: OHLCV history failed for DUMMYVEDL4: 404 Client Error: Not Found for url: https://query1.finance.yahoo.com/v8/finance/chart/DUMMYVEDL4.NS?interval=1wk&range=5y&includeAdjustedClose=true
2026-05-26 09:51:58,949 [WARNING] services.market_data_service: OHLCV history failed for DUMMYVEDL1: 404 Client Error: Not Found for url: https://query1.finance.yahoo.com/v8/finance/chart/DUMMYVEDL1.NS?interval=1mo&range=max&includeAdjustedClose=true
2026-05-26 09:51:59,032 [WARNING] services.market_data_service: OHLCV history failed for DUMMYVEDL3: 404 Client Error: Not Found for url: https://query1.finance.yahoo.com/v8/finance/chart/DUMMYVEDL3.NS?interval=1mo&range=max&includeAdjustedClose=true
2026-05-26 09:51:59,102 [WARNING] services.market_data_service: OHLCV history failed for DUMMYVEDL2: 404 Client Error: Not Found for url: https://query1.finance.yahoo.com/v8/finance/chart/DUMMYVEDL2.NS?interval=1mo&range=max&includeAdjustedClose=true
2026-05-26 09:51:59,103 [WARNING] services.market_data_service: OHLCV history failed for DUMMYVEDL4: 404 Client Error: Not Found for url: https://query1.finance.yahoo.com/v8/finance/chart/DUMMYVEDL4.NS?interval=1mo&range=max&includeAdjustedClose=true
2026-05-26 10:04:20,992 [WARNING] services.market_data_service: OHLCV history failed for DUMMYVEDL1: 404 Client Error: Not Found for url: https://query1.finance.yahoo.com/v8/finance/chart/DUMMYVEDL1.NS?interval=1d&range=1y&includeAdjustedClose=true
2026-05-26 10:04:21,005 [WARNING] services.market_data_service: OHLCV history failed for DUMMYVEDL2: 404 Client Error: Not Found for url: https://query1.finance.yahoo.com/v8/finance/chart/DUMMYVEDL2.NS?interval=1d&range=1y&includeAdjustedClose=true
2026-05-26 10:04:21,049 [WARNING] services.market_data_service: OHLCV history failed for DUMMYVEDL3: 404 Client Error: Not Found for url: https://query1.finance.yahoo.com/v8/finance/chart/DUMMYVEDL3.NS?interval=1d&range=1y&includeAdjustedClose=true
2026-05-26 10:04:21,078 [WARNING] services.market_data_service: OHLCV history failed for DUMMYVEDL4: 404 Client Error: Not Found for url: https://query1.finance.yahoo.com/v8/finance/chart/DUMMYVEDL4.NS?interval=1d&range=1y&includeAdjustedClose=true
2026-05-26 10:04:21,271 [WARNING] services.market_data_service: OHLCV history failed for DUMMYVEDL1: 404 Client Error: Not Found for url: https://query1.finance.yahoo.com/v8/finance/chart/DUMMYVEDL1.NS?interval=1wk&range=5y&includeAdjustedClose=true
2026-05-26 10:04:21,284 [WARNING] services.market_data_service: OHLCV history failed for DUMMYVEDL2: 404 Client Error: Not Found for url: https://query1.finance.yahoo.com/v8/finance/chart/DUMMYVEDL2.NS?interval=1wk&range=5y&includeAdjustedClose=true
2026-05-26 10:04:21,349 [WARNING] services.market_data_service: OHLCV history failed for DUMMYVEDL4: 404 Client Error: Not Found for url: https://query1.finance.yahoo.com/v8/finance/chart/DUMMYVEDL4.NS?interval=1wk&range=5y&includeAdjustedClose=true
2026-05-26 10:04:21,399 [WARNING] services.market_data_service: OHLCV history failed for DUMMYVEDL3: 404 Client Error: Not Found for url: https://query1.finance.yahoo.com/v8/finance/chart/DUMMYVEDL3.NS?interval=1wk&range=5y&includeAdjustedClose=true
2026-05-26 10:04:21,643 [WARNING] services.market_data_service: OHLCV history failed for DUMMYVEDL1: 404 Client Error: Not Found for url: https://query1.finance.yahoo.com/v8/finance/chart/DUMMYVEDL1.NS?interval=1mo&range=max&includeAdjustedClose=true
2026-05-26 10:04:21,692 [WARNING] services.market_data_service: OHLCV history failed for DUMMYVEDL2: 404 Client Error: Not Found for url: https://query1.finance.yahoo.com/v8/finance/chart/DUMMYVEDL2.NS?interval=1mo&range=max&includeAdjustedClose=true
2026-05-26 10:04:21,856 [WARNING] services.market_data_service: OHLCV history failed for DUMMYVEDL4: 404 Client Error: Not Found for url: https://query1.finance.yahoo.com/v8/finance/chart/DUMMYVEDL4.NS?interval=1mo&range=max&includeAdjustedClose=true
2026-05-26 10:04:21,938 [WARNING] services.market_data_service: OHLCV history failed for DUMMYVEDL3: 404 Client Error: Not Found for url: https://query1.finance.yahoo.com/v8/finance/chart/DUMMYVEDL3.NS?interval=1mo&range=max&includeAdjustedClose=true
2026-05-26 10:05:10,373 [WARNING] services.market_data_service: OHLCV history failed for DUMMYVEDL2: 404 Client Error: Not Found for url: https://query1.finance.yahoo.com/v8/finance/chart/DUMMYVEDL2.NS?interval=1d&range=1y&includeAdjustedClose=true
2026-05-26 10:05:10,373 [WARNING] services.market_data_service: OHLCV history failed for DUMMYVEDL3: 404 Client Error: Not Found for url: https://query1.finance.yahoo.com/v8/finance/chart/DUMMYVEDL3.NS?interval=1d&range=1y&includeAdjustedClose=true
2026-05-26 10:05:10,412 [WARNING] services.market_data_service: OHLCV history failed for DUMMYVEDL1: 404 Client Error: Not Found for url: https://query1.finance.yahoo.com/v8/finance/chart/DUMMYVEDL1.NS?interval=1d&range=1y&includeAdjustedClose=true
2026-05-26 10:05:10,558 [WARNING] services.market_data_service: OHLCV history failed for DUMMYVEDL1: 404 Client Error: Not Found for url: https://query1.finance.yahoo.com/v8/finance/chart/DUMMYVEDL1.NS?interval=1wk&range=5y&includeAdjustedClose=true
2026-05-26 10:05:10,606 [WARNING] services.market_data_service: OHLCV history failed for DUMMYVEDL3: 404 Client Error: Not Found for url: https://query1.finance.yahoo.com/v8/finance/chart/DUMMYVEDL3.NS?interval=1wk&range=5y&includeAdjustedClose=true
2026-05-26 10:05:10,767 [WARNING] services.market_data_service: OHLCV history failed for DUMMYVEDL3: 404 Client Error: Not Found for url: https://query1.finance.yahoo.com/v8/finance/chart/DUMMYVEDL3.NS?interval=1mo&range=max&includeAdjustedClose=true
2026-05-26 10:05:10,845 [WARNING] services.market_data_service: OHLCV history failed for DUMMYVEDL1: 404 Client Error: Not Found for url: https://query1.finance.yahoo.com/v8/finance/chart/DUMMYVEDL1.NS?interval=1mo&range=max&includeAdjustedClose=true
2026-05-26 10:05:10,950 [WARNING] services.market_data_service: OHLCV history failed for DUMMYVEDL2: 404 Client Error: Not Found for url: https://query1.finance.yahoo.com/v8/finance/chart/DUMMYVEDL2.NS?interval=1wk&range=5y&includeAdjustedClose=true
2026-05-26 10:05:11,157 [WARNING] services.market_data_service: OHLCV history failed for DUMMYVEDL2: 404 Client Error: Not Found for url: https://query1.finance.yahoo.com/v8/finance/chart/DUMMYVEDL2.NS?interval=1mo&range=max&includeAdjustedClose=true
2026-05-26 10:05:11,414 [WARNING] services.market_data_service: OHLCV history failed for DUMMYVEDL4: 404 Client Error: Not Found for url: https://query1.finance.yahoo.com/v8/finance/chart/DUMMYVEDL4.NS?interval=1d&range=1y&includeAdjustedClose=true
2026-05-26 10:05:11,649 [WARNING] services.market_data_service: OHLCV history failed for DUMMYVEDL4: 404 Client Error: Not Found for url: https://query1.finance.yahoo.com/v8/finance/chart/DUMMYVEDL4.NS?interval=1wk&range=5y&includeAdjustedClose=true
2026-05-26 10:05:11,892 [WARNING] services.market_data_service: OHLCV history failed for DUMMYVEDL4: 404 Client Error: Not Found for url: https://query1.finance.yahoo.com/v8/finance/chart/DUMMYVEDL4.NS?interval=1mo&range=max&includeAdjustedClose=true
2026-05-26 10:51:06,238 [INFO] backend: Stock Intelligence Platform backend v2.0.0 starting (log: C:\Users\mohan\Stock App\stock-intelligence-platform\storage\logs\backend.log)
2026-05-26 10:51:26,028 [WARNING] services.nse_service: NSE API /api/equity-stockIndices → 404
2026-05-26 10:51:26,070 [WARNING] services.nse_service: NSE API /api/equity-stockIndices → 404
2026-05-26 10:51:26,073 [WARNING] services.nse_service: NSE API /api/equity-stockIndices → 404
2026-05-26 10:51:26,150 [WARNING] services.nse_service: NSE API /api/equity-stockIndices → 404
2026-05-26 10:51:26,176 [WARNING] services.nse_service: NSE API /api/equity-stockIndices → 404
2026-05-26 10:51:26,225 [WARNING] services.nse_service: NSE API /api/equity-stockIndices → 404
2026-05-26 10:51:26,225 [WARNING] services.nse_service: NSE API /api/equity-stockIndices → 404
2026-05-26 10:51:26,276 [WARNING] services.nse_service: NSE API /api/equity-stockIndices → 404
2026-05-26 10:51:26,303 [WARNING] services.nse_service: NSE API /api/equity-stockIndices → 404
2026-05-26 10:51:26,326 [WARNING] services.nse_service: NSE API /api/equity-stockIndices → 404
2026-05-26 10:51:26,387 [WARNING] services.nse_service: NSE API /api/equity-stockIndices → 404
2026-05-26 10:51:26,417 [WARNING] services.nse_service: NSE API /api/equity-stockIndices → 404
2026-05-26 10:51:26,473 [WARNING] services.nse_service: NSE API /api/equity-stockIndices → 404
2026-05-26 10:51:26,524 [WARNING] services.nse_service: NSE API /api/equity-stockIndices → 404
2026-05-26 10:51:26,570 [WARNING] services.nse_service: NSE API /api/equity-stockIndices → 404
2026-05-26 10:51:26,619 [WARNING] services.nse_service: NSE API /api/equity-stockIndices → 404
2026-05-26 10:51:26,671 [WARNING] services.nse_service: NSE API /api/equity-stockIndices → 404
2026-05-26 10:51:38,603 [WARNING] services.nse_service: NSE API /api/equity-stockIndices → 404
2026-05-26 11:08:37,323 [INFO] backend: Stock Intelligence Platform backend v2.0.0 starting (log: C:\Users\mohan\Stock App\stock-intelligence-platform\storage\logs\backend.log)
2026-05-26 11:09:43,590 [WARNING] services.nse_service: NSE API /api/equity-stockIndices → 404
2026-05-26 11:09:43,593 [WARNING] services.nse_service: NSE API /api/equity-stockIndices → 404
2026-05-26 11:09:43,884 [WARNING] services.nse_service: NSE API /api/equity-stockIndices → 404
2026-05-26 11:09:43,939 [WARNING] services.nse_service: NSE API /api/equity-stockIndices → 404
2026-05-26 11:09:44,178 [WARNING] services.nse_service: NSE API /api/equity-stockIndices → 404
2026-05-26 11:09:44,233 [WARNING] services.nse_service: NSE API /api/equity-stockIndices → 404
2026-05-26 11:09:44,323 [WARNING] services.nse_service: NSE API /api/equity-stockIndices → 404
2026-05-26 11:09:44,337 [WARNING] services.nse_service: NSE API /api/equity-stockIndices → 404
2026-05-26 11:09:44,378 [WARNING] services.nse_service: NSE API /api/equity-stockIndices → 404
2026-05-26 11:09:44,409 [WARNING] services.nse_service: NSE API /api/equity-stockIndices → 404
2026-05-26 11:09:44,443 [WARNING] services.nse_service: NSE API /api/equity-stockIndices → 404
2026-05-26 11:09:44,464 [WARNING] services.nse_service: NSE API /api/equity-stockIndices → 404
2026-05-26 11:09:44,467 [INFO] backend: GET /api/market/indices -> 200 in 1100ms
2026-05-26 11:09:44,533 [WARNING] services.nse_service: NSE API /api/equity-stockIndices → 404
2026-05-26 11:09:44,587 [WARNING] services.nse_service: NSE API /api/equity-stockIndices → 404
2026-05-26 11:09:44,660 [WARNING] services.nse_service: NSE API /api/equity-stockIndices → 404
2026-05-26 11:09:44,728 [WARNING] services.nse_service: NSE API /api/equity-stockIndices → 404
2026-05-26 11:09:44,777 [WARNING] services.nse_service: NSE API /api/equity-stockIndices → 404
2026-05-26 11:09:44,778 [INFO] backend: GET /api/market/sectors -> 200 in 1411ms
2026-05-26 11:10:30,793 [WARNING] services.nse_service: NSE API /api/equity-stockIndices → 404
2026-05-26 11:10:30,796 [WARNING] services.nse_service: NSE API /api/equity-stockIndices → 404
2026-05-26 11:10:30,822 [WARNING] services.nse_service: NSE API /api/equity-stockIndices → 404
2026-05-26 11:10:30,888 [WARNING] services.nse_service: NSE API /api/equity-stockIndices → 404
2026-05-26 11:10:30,965 [WARNING] services.nse_service: NSE API /api/equity-stockIndices → 404
2026-05-26 11:10:31,021 [WARNING] services.nse_service: NSE API /api/equity-stockIndices → 404
2026-05-26 11:10:31,037 [WARNING] services.nse_service: NSE API /api/equity-stockIndices → 404
2026-05-26 11:10:31,062 [WARNING] services.nse_service: NSE API /api/equity-stockIndices → 404
2026-05-26 11:10:31,077 [WARNING] services.nse_service: NSE API /api/equity-stockIndices → 404
2026-05-26 11:10:31,137 [WARNING] services.nse_service: NSE API /api/equity-stockIndices → 404
2026-05-26 11:10:31,191 [WARNING] services.nse_service: NSE API /api/equity-stockIndices → 404
2026-05-26 11:10:31,253 [WARNING] services.nse_service: NSE API /api/equity-stockIndices → 404
2026-05-26 11:10:31,304 [WARNING] services.nse_service: NSE API /api/equity-stockIndices → 404
2026-05-26 11:10:31,364 [WARNING] services.nse_service: NSE API /api/equity-stockIndices → 404
2026-05-26 11:10:31,427 [WARNING] services.nse_service: NSE API /api/equity-stockIndices → 404
2026-05-26 11:10:31,493 [WARNING] services.nse_service: NSE API /api/equity-stockIndices → 404
2026-05-26 11:10:31,555 [WARNING] services.nse_service: NSE API /api/equity-stockIndices → 404
2026-05-26 11:11:04,559 [WARNING] services.nse_service: NSE API /api/equity-stockIndices → 404
2026-05-26 11:11:04,609 [WARNING] services.nse_service: NSE API /api/equity-stockIndices → 404
2026-05-26 11:11:04,669 [WARNING] services.nse_service: NSE API /api/equity-stockIndices → 404
2026-05-26 11:11:04,721 [WARNING] services.nse_service: NSE API /api/equity-stockIndices → 404
2026-05-26 11:11:04,793 [WARNING] services.nse_service: NSE API /api/equity-stockIndices → 404
2026-05-26 11:11:04,876 [WARNING] services.nse_service: NSE API /api/equity-stockIndices → 404
2026-05-26 11:11:04,882 [WARNING] services.nse_service: NSE API /api/equity-stockIndices → 404
2026-05-26 11:11:05,233 [WARNING] services.nse_service: NSE API /api/equity-stockIndices → 404
2026-05-26 11:11:05,260 [WARNING] services.nse_service: NSE API /api/equity-stockIndices → 404
2026-05-26 11:11:05,321 [WARNING] services.nse_service: NSE API /api/equity-stockIndices → 404
2026-05-26 11:11:05,393 [WARNING] services.nse_service: NSE API /api/equity-stockIndices → 404
2026-05-26 11:11:05,453 [WARNING] services.nse_service: NSE API /api/equity-stockIndices → 404
2026-05-26 11:11:05,536 [WARNING] services.nse_service: NSE API /api/equity-stockIndices → 404
2026-05-26 11:11:05,584 [WARNING] services.nse_service: NSE API /api/equity-stockIndices → 404
2026-05-26 11:11:05,648 [WARNING] services.nse_service: NSE API /api/equity-stockIndices → 404
2026-05-26 11:11:05,701 [WARNING] services.nse_service: NSE API /api/equity-stockIndices → 404
2026-05-26 11:11:05,762 [WARNING] services.nse_service: NSE API /api/equity-stockIndices → 404
2026-05-26 11:11:05,763 [INFO] backend: GET /api/market/sectors -> 200 in 1247ms
2026-05-26 11:11:46,347 [WARNING] services.nse_service: NSE API /api/equity-stockIndices → 404
2026-05-26 11:11:50,095 [INFO] backend: GET /api/news/market -> 200 in 1710ms
2026-05-26 11:11:53,723 [WARNING] services.universe_sync: Failed to fetch ALL NSE from NSE: Invalid URL 'None': No scheme supplied. Perhaps you meant https://None?. Using fallback.
2026-05-26 11:11:54,073 [INFO] services.screener_service: Screener.in session configured.
2026-05-26 11:11:54,933 [INFO] backend: GET /api/stocks/RELIANCE/quarterly -> 200 in 1164ms
2026-05-26 11:11:56,075 [INFO] backend: GET /api/stocks/RELIANCE/cash-flow -> 200 in 1004ms
2026-05-26 11:12:00,420 [INFO] backend: GET /api/stocks/RELIANCE/ohlcv -> 200 in 6693ms
2026-05-26 11:12:00,472 [INFO] backend: GET /api/patterns/detect/RELIANCE -> 200 in 6382ms
2026-05-26 11:12:00,562 [INFO] backend: GET /api/stocks/RELIANCE/indicators -> 200 in 6792ms
2026-05-26 11:12:01,399 [INFO] backend: GET /api/stocks/RELIANCE/verdict -> 200 in 7629ms
2026-05-26 11:12:01,404 [INFO] backend: GET /api/stocks/RELIANCE/peers -> 200 in 5327ms
2026-05-26 11:12:01,407 [INFO] backend: GET /api/stocks/RELIANCE/chart-analysis -> 200 in 4660ms
2026-05-26 11:12:16,291 [INFO] backend: GET /api/stocks/ANGELONE/verdict -> 200 in 2377ms
2026-05-26 11:12:16,293 [INFO] backend: GET /api/stocks/ANGELONE/balance-sheet -> 200 in 1628ms
2026-05-26 11:12:16,294 [INFO] backend: GET /api/stocks/ANGELONE/shareholding -> 200 in 1619ms
2026-05-26 11:12:16,296 [INFO] backend: GET /api/stocks/ANGELONE/cash-flow -> 200 in 1629ms
2026-05-26 11:12:16,725 [INFO] backend: GET /api/stocks/ANGELONE/ratios-history -> 200 in 2054ms
2026-05-26 11:12:17,131 [INFO] backend: GET /api/stocks/ANGELONE/peers -> 200 in 2455ms
2026-05-26 11:13:35,129 [INFO] backend: Backend shutting down
2026-05-26 11:13:37,055 [INFO] backend: Stock Intelligence Platform backend v2.0.0 starting (log: C:\Users\mohan\Stock App\stock-intelligence-platform\storage\logs\backend.log)
2026-05-26 11:15:42,323 [WARNING] services.nse_service: NSE API /api/equity-stockIndices → 404
2026-05-26 11:15:42,413 [WARNING] services.nse_service: NSE API /api/equity-stockIndices → 404
2026-05-26 11:15:42,524 [WARNING] services.nse_service: NSE API /api/equity-stockIndices → 404
2026-05-26 11:15:42,542 [WARNING] services.nse_service: NSE API /api/equity-stockIndices → 404
2026-05-26 11:15:42,573 [WARNING] services.nse_service: NSE API /api/equity-stockIndices → 404
2026-05-26 11:15:42,587 [WARNING] services.nse_service: NSE API /api/equity-stockIndices → 404
2026-05-26 11:15:42,601 [WARNING] services.nse_service: NSE API /api/equity-stockIndices → 404
2026-05-26 11:15:42,631 [WARNING] services.nse_service: NSE API /api/equity-stockIndices → 404
2026-05-26 11:15:42,680 [WARNING] services.nse_service: NSE API /api/equity-stockIndices → 404
2026-05-26 11:15:42,691 [WARNING] services.nse_service: NSE API /api/equity-stockIndices → 404
2026-05-26 11:15:42,731 [WARNING] services.nse_service: NSE API /api/equity-stockIndices → 404
2026-05-26 11:15:42,754 [WARNING] services.nse_service: NSE API /api/equity-stockIndices → 404
2026-05-26 11:15:43,120 [WARNING] services.nse_service: NSE API /api/equity-stockIndices → 404
2026-05-26 11:15:43,207 [WARNING] services.nse_service: NSE API /api/equity-stockIndices → 404
2026-05-26 11:15:43,308 [WARNING] services.nse_service: NSE API /api/equity-stockIndices → 404
2026-05-26 11:15:43,390 [WARNING] services.nse_service: NSE API /api/equity-stockIndices → 404
2026-05-26 11:15:43,477 [WARNING] services.nse_service: NSE API /api/equity-stockIndices → 404
2026-05-26 11:15:43,478 [INFO] backend: GET /api/market/sectors -> 200 in 1270ms
2026-05-26 11:15:48,969 [WARNING] services.nse_service: NSE API /api/equity-stockIndices → 404
2026-05-26 11:16:03,328 [INFO] backend: GET /api/news/market -> 200 in 1487ms
2026-05-26 11:16:21,717 [INFO] backend: Backend shutting down
2026-05-26 11:16:25,619 [INFO] backend: Stock Intelligence Platform backend v2.0.0 starting (log: C:\Users\mohan\Stock App\stock-intelligence-platform\storage\logs\backend.log)
2026-05-26 11:16:34,688 [WARNING] services.nse_service: NSE API /api/equity-stockIndices → 404
2026-05-26 11:16:34,767 [WARNING] services.nse_service: NSE API /api/equity-stockIndices → 404
2026-05-26 11:16:34,851 [WARNING] services.nse_service: NSE API /api/equity-stockIndices → 404
2026-05-26 11:16:34,917 [WARNING] services.nse_service: NSE API /api/equity-stockIndices → 404
2026-05-26 11:16:35,070 [WARNING] services.nse_service: NSE API /api/equity-stockIndices → 404
2026-05-26 11:16:35,151 [WARNING] services.nse_service: NSE API /api/equity-stockIndices → 404
2026-05-26 11:16:35,741 [WARNING] services.nse_service: NSE API /api/equity-stockIndices → 404
2026-05-26 11:16:35,792 [WARNING] services.nse_service: NSE API /api/equity-stockIndices → 404
2026-05-26 11:16:35,826 [WARNING] services.nse_service: NSE API /api/equity-stockIndices → 404
2026-05-26 11:16:35,878 [INFO] backend: GET /api/market/status -> 200 in 1322ms
2026-05-26 11:16:35,933 [WARNING] services.nse_service: NSE API /api/equity-stockIndices → 404
2026-05-26 11:16:36,521 [WARNING] services.nse_service: NSE API /api/equity-stockIndices → 404
2026-05-26 11:16:37,313 [WARNING] services.nse_service: NSE API /api/equity-stockIndices → 404
2026-05-26 11:16:37,401 [WARNING] services.nse_service: NSE API /api/equity-stockIndices → 404
2026-05-26 11:16:37,467 [WARNING] services.nse_service: NSE API /api/equity-stockIndices → 404
2026-05-26 11:16:37,532 [WARNING] services.nse_service: NSE API /api/equity-stockIndices → 404
2026-05-26 11:16:37,599 [WARNING] services.nse_service: NSE API /api/equity-stockIndices → 404
2026-05-26 11:16:37,642 [WARNING] services.nse_service: NSE API /api/equity-stockIndices → 404
2026-05-26 11:16:37,644 [INFO] backend: GET /api/market/sectors -> 200 in 3082ms
2026-05-26 11:16:40,017 [WARNING] services.nse_service: NSE API /api/equity-stockIndices → 404
2026-05-26 11:16:43,133 [INFO] backend: GET /api/news/market -> 200 in 2265ms
2026-05-26 11:16:45,139 [INFO] services.screener_service: Screener.in session configured.
2026-05-26 11:16:45,139 [INFO] services.screener_service: Screener.in session configured.
2026-05-26 11:16:46,052 [INFO] backend: GET /api/stocks/RELIANCE/fundamentals -> 200 in 1238ms
2026-05-26 11:16:47,812 [INFO] backend: GET /api/stocks/RELIANCE/ohlcv -> 200 in 3017ms
2026-05-26 11:16:47,937 [INFO] backend: GET /api/patterns/detect/RELIANCE -> 200 in 2688ms
2026-05-26 11:16:48,226 [INFO] backend: GET /api/stocks/RELIANCE/indicators -> 200 in 3412ms
2026-05-26 11:16:49,060 [INFO] backend: GET /api/stocks/RELIANCE/verdict -> 200 in 4248ms
2026-05-26 11:16:49,064 [INFO] backend: GET /api/stocks/RELIANCE/chart-analysis -> 200 in 1463ms
2026-05-26 11:16:49,435 [INFO] backend: GET /api/stocks/RELIANCE/peers -> 200 in 2016ms
2026-05-26 11:25:08,711 [INFO] backend: GET /api/stocks/RELIANCE/quarterly -> 200 in 1101ms
2026-05-26 11:25:08,811 [INFO] backend: GET /api/patterns/detect/RELIANCE -> 200 in 1200ms
2026-05-26 11:25:08,815 [INFO] backend: GET /api/stocks/RELIANCE/indicators -> 200 in 1214ms
2026-05-26 11:25:08,818 [INFO] backend: GET /api/stocks/RELIANCE/fundamentals -> 200 in 1207ms
2026-05-26 11:25:09,700 [INFO] backend: GET /api/stocks/RELIANCE/balance-sheet -> 200 in 1120ms
2026-05-26 11:25:10,528 [INFO] backend: GET /api/stocks/RELIANCE/cash-flow -> 200 in 1710ms
2026-05-26 11:25:10,959 [INFO] backend: GET /api/stocks/RELIANCE/shareholding -> 200 in 2135ms
2026-05-26 11:25:10,961 [INFO] backend: GET /api/stocks/RELIANCE/verdict -> 200 in 3352ms
2026-05-26 11:25:10,972 [INFO] backend: GET /api/stocks/RELIANCE/ratios-history -> 200 in 2151ms
2026-05-26 11:25:11,411 [INFO] backend: GET /api/stocks/RELIANCE/chart-analysis -> 200 in 1302ms
2026-05-26 11:25:11,866 [INFO] backend: GET /api/stocks/RELIANCE/peers -> 200 in 3037ms
2026-05-26 11:25:43,076 [INFO] backend: GET /api/stocks/RELIANCE/quarterly -> 200 in 1149ms
2026-05-26 11:25:44,433 [INFO] backend: GET /api/stocks/RELIANCE/balance-sheet -> 200 in 1535ms
2026-05-26 11:25:45,359 [INFO] backend: GET /api/stocks/RELIANCE/cash-flow -> 200 in 2406ms
2026-05-26 11:25:45,364 [INFO] backend: GET /api/stocks/RELIANCE/verdict -> 200 in 3445ms
2026-05-26 11:25:45,365 [INFO] backend: GET /api/stocks/RELIANCE/ratios-history -> 200 in 2412ms
2026-05-26 11:25:45,368 [INFO] backend: GET /api/stocks/RELIANCE/shareholding -> 200 in 2352ms
2026-05-26 11:25:46,085 [INFO] backend: GET /api/stocks/RELIANCE/peers -> 200 in 3005ms
2026-05-26 11:26:38,474 [INFO] backend: GET /api/stocks/RELIANCE/indicators -> 200 in 1014ms
2026-05-26 11:26:38,476 [INFO] backend: GET /api/stocks/RELIANCE/quarterly -> 200 in 1011ms
2026-05-26 11:26:38,478 [INFO] backend: GET /api/stocks/RELIANCE/ohlcv -> 200 in 1024ms
2026-05-26 11:26:40,384 [INFO] backend: GET /api/stocks/RELIANCE/balance-sheet -> 200 in 1902ms
2026-05-26 11:26:40,446 [INFO] backend: GET /api/stocks/RELIANCE/verdict -> 200 in 2989ms
2026-05-26 11:26:40,469 [INFO] backend: GET /api/stocks/RELIANCE/ratios-history -> 200 in 1986ms
2026-05-26 11:26:40,474 [INFO] backend: GET /api/stocks/RELIANCE/cash-flow -> 200 in 1991ms
2026-05-26 11:26:40,476 [INFO] backend: GET /api/stocks/RELIANCE/shareholding -> 200 in 1990ms
2026-05-26 11:26:41,154 [INFO] backend: GET /api/stocks/RELIANCE/peers -> 200 in 2667ms
2026-05-26 11:28:42,394 [INFO] backend: GET /api/stocks/RELIANCE/ohlcv -> 200 in 1836ms
2026-05-26 11:28:43,088 [INFO] backend: GET /api/patterns/detect/RELIANCE -> 200 in 2547ms
2026-05-26 11:28:43,120 [INFO] backend: GET /api/stocks/RELIANCE/fundamentals -> 200 in 2596ms
2026-05-26 11:28:43,122 [INFO] backend: GET /api/stocks/RELIANCE/quarterly -> 200 in 2563ms
2026-05-26 11:28:43,124 [INFO] backend: GET /api/stocks/RELIANCE/indicators -> 200 in 2578ms
2026-05-26 11:28:44,819 [INFO] backend: GET /api/stocks/RELIANCE/verdict -> 200 in 4266ms
2026-05-26 11:28:44,912 [INFO] backend: Backend shutting down
2026-05-26 11:28:48,056 [INFO] backend: Stock Intelligence Platform backend v2.0.0 starting (log: C:\Users\mohan\Stock App\stock-intelligence-platform\storage\logs\backend.log)
2026-05-26 11:28:52,020 [INFO] services.screener_service: Screener.in session configured.
2026-05-26 11:28:53,786 [INFO] backend: GET /api/stocks/RELIANCE/balance-sheet -> 200 in 2051ms
2026-05-26 11:28:53,791 [INFO] backend: GET /api/stocks/RELIANCE/shareholding -> 200 in 2055ms
2026-05-26 11:28:53,795 [INFO] backend: GET /api/stocks/RELIANCE/cash-flow -> 200 in 2059ms
2026-05-26 11:28:53,798 [INFO] backend: GET /api/stocks/RELIANCE/ratios-history -> 200 in 2063ms
2026-05-26 11:28:54,616 [INFO] backend: GET /api/stocks/RELIANCE/chart-analysis -> 200 in 2881ms
2026-05-26 11:28:54,652 [INFO] backend: GET /api/stocks/RELIANCE/peers -> 200 in 2916ms
2026-05-26 11:30:11,076 [INFO] backend: GET /api/stocks/RELIANCE/ohlcv -> 200 in 1217ms
2026-05-26 11:30:11,128 [INFO] backend: GET /api/stocks/RELIANCE/quarterly -> 200 in 1275ms
2026-05-26 11:30:11,135 [INFO] backend: GET /api/patterns/detect/RELIANCE -> 200 in 1278ms
2026-05-26 11:30:11,138 [INFO] backend: GET /api/stocks/RELIANCE/indicators -> 200 in 1280ms
2026-05-26 11:30:11,139 [INFO] backend: GET /api/stocks/RELIANCE/fundamentals -> 200 in 1279ms
2026-05-26 11:30:13,256 [INFO] backend: GET /api/stocks/RELIANCE/balance-sheet -> 200 in 2118ms
2026-05-26 11:30:13,414 [INFO] backend: GET /api/stocks/RELIANCE/verdict -> 200 in 3556ms
2026-05-26 11:30:13,415 [INFO] backend: GET /api/stocks/RELIANCE/cash-flow -> 200 in 2274ms
2026-05-26 11:30:13,416 [INFO] backend: GET /api/stocks/RELIANCE/ratios-history -> 200 in 2272ms
2026-05-26 11:30:13,418 [INFO] backend: GET /api/stocks/RELIANCE/shareholding -> 200 in 2272ms
2026-05-26 11:30:15,020 [INFO] backend: GET /api/stocks/RELIANCE/peers -> 200 in 3874ms
2026-05-26 11:30:40,242 [INFO] backend: GET /api/universe/all-symbols -> 200 in 2223ms
2026-05-26 11:30:40,505 [INFO] backend: GET /api/stocks/RELIANCE/balance-sheet -> 200 in 1434ms
2026-05-26 11:30:40,540 [INFO] backend: GET /api/stocks/RELIANCE/ratios-history -> 200 in 1464ms
2026-05-26 11:30:40,540 [INFO] backend: GET /api/stocks/RELIANCE/cash-flow -> 200 in 1467ms
2026-05-26 11:30:40,565 [INFO] backend: GET /api/stocks/RELIANCE/verdict -> 200 in 2451ms
2026-05-26 11:30:41,277 [INFO] backend: GET /api/patterns/detect/RELIANCE -> 200 in 2216ms
2026-05-26 11:30:41,695 [INFO] backend: GET /api/stocks/RELIANCE/chart-analysis -> 200 in 1135ms
2026-05-26 11:30:41,898 [INFO] backend: GET /api/stocks/RELIANCE/peers -> 200 in 1337ms
2026-05-26 11:33:31,676 [INFO] backend: Stock Intelligence Platform backend v2.0.0 starting (log: C:\Users\mohan\Stock App\stock-intelligence-platform\storage\logs\backend.log)
2026-05-26 11:33:53,599 [INFO] services.screener_service: Screener.in session configured.
2026-05-26 11:33:53,599 [INFO] services.screener_service: Screener.in session configured.
2026-05-26 11:33:53,602 [INFO] services.screener_service: Screener.in session configured.
2026-05-26 11:33:53,603 [INFO] services.screener_service: Screener.in session configured.
2026-05-26 11:33:53,606 [INFO] services.screener_service: Screener.in session configured.
2026-05-26 11:33:54,703 [INFO] backend: GET /api/stocks/RELIANCE/cash-flow -> 200 in 1422ms
2026-05-26 11:33:55,722 [INFO] backend: GET /api/stocks/RELIANCE/ratios-history -> 200 in 2442ms
2026-05-26 11:33:55,725 [INFO] backend: GET /api/stocks/RELIANCE/shareholding -> 200 in 2144ms
2026-05-26 11:33:55,727 [INFO] backend: GET /api/stocks/RELIANCE/balance-sheet -> 200 in 2386ms
2026-05-26 11:33:56,197 [INFO] backend: GET /api/patterns/detect/RELIANCE -> 200 in 2917ms
2026-05-26 11:33:56,724 [INFO] backend: GET /api/stocks/RELIANCE/peers -> 200 in 3142ms
2026-05-26 11:33:56,726 [INFO] backend: GET /api/stocks/RELIANCE/chart-analysis -> 200 in 1462ms
2026-05-26 11:34:01,412 [WARNING] services.nse_service: NSE API /api/equity-stockIndices → 404
2026-05-26 11:34:01,445 [WARNING] services.nse_service: NSE API /api/equity-stockIndices → 404
2026-05-26 11:34:01,463 [WARNING] services.nse_service: NSE API /api/equity-stockIndices → 404
2026-05-26 11:34:01,509 [WARNING] services.nse_service: NSE API /api/equity-stockIndices → 404
2026-05-26 11:34:01,527 [WARNING] services.nse_service: NSE API /api/equity-stockIndices → 404
2026-05-26 11:34:01,571 [WARNING] services.nse_service: NSE API /api/equity-stockIndices → 404
2026-05-26 11:34:01,572 [WARNING] services.nse_service: NSE API /api/equity-stockIndices → 404
2026-05-26 11:34:01,649 [WARNING] services.nse_service: NSE API /api/equity-stockIndices → 404
2026-05-26 11:34:01,710 [WARNING] services.nse_service: NSE API /api/equity-stockIndices → 404
2026-05-26 11:34:01,716 [WARNING] services.nse_service: NSE API /api/equity-stockIndices → 404
2026-05-26 11:34:01,772 [WARNING] services.nse_service: NSE API /api/equity-stockIndices → 404
2026-05-26 11:34:01,794 [WARNING] services.nse_service: NSE API /api/equity-stockIndices → 404
2026-05-26 11:34:01,833 [WARNING] services.nse_service: NSE API /api/equity-stockIndices → 404
2026-05-26 11:34:01,885 [WARNING] services.nse_service: NSE API /api/equity-stockIndices → 404
2026-05-26 11:34:01,938 [WARNING] services.nse_service: NSE API /api/equity-stockIndices → 404
2026-05-26 11:34:02,011 [WARNING] services.nse_service: NSE API /api/equity-stockIndices → 404
2026-05-26 11:34:02,079 [WARNING] services.nse_service: NSE API /api/equity-stockIndices → 404
2026-05-26 11:34:08,387 [WARNING] services.nse_service: NSE API /api/equity-stockIndices → 404
2026-05-26 11:34:38,009 [WARNING] services.universe_sync: Failed to fetch S&P 500 from NSE: Invalid URL 'None': No scheme supplied. Perhaps you meant https://None?. Using fallback.
2026-05-26 11:45:27,181 [INFO] backend: Backend shutting down
2026-05-26 11:45:31,018 [INFO] backend: Stock Intelligence Platform backend v2.0.0 starting (log: C:\Users\mohan\Stock App\stock-intelligence-platform\storage\logs\backend.log)
2026-05-26 11:45:36,258 [INFO] backend: Stock Intelligence Platform backend v2.0.0 starting (log: C:\Users\mohan\Stock App\stock-intelligence-platform\storage\logs\backend.log)
2026-05-26 11:48:46,088 [INFO] backend: Backend shutting down
2026-05-26 11:48:50,209 [INFO] backend: Stock Intelligence Platform backend v2.0.0 starting (log: C:\Users\mohan\Stock App\stock-intelligence-platform\storage\logs\backend.log)
2026-05-26 11:50:46,925 [INFO] backend: Backend shutting down
2026-05-26 11:50:52,224 [INFO] backend: Stock Intelligence Platform backend v2.0.0 starting (log: C:\Users\mohan\Stock App\stock-intelligence-platform\storage\logs\backend.log)
2026-05-26 11:52:18,193 [INFO] backend: GET /api/market/universe/S&P 500/quotes -> 200 in 1410ms
2026-05-26 12:06:01,686 [INFO] backend: Backend shutting down
2026-05-26 12:06:03,881 [INFO] backend: Stock Intelligence Platform backend v2.0.0 starting (log: C:\Users\mohan\Stock App\stock-intelligence-platform\storage\logs\backend.log)
2026-05-26 12:06:06,449 [INFO] services.us_market_service: YF session refreshed, crumb=EQylC8…
2026-05-26 12:06:07,984 [INFO] backend: GET /api/market/indices -> 200 in 2415ms
2026-05-26 12:06:28,863 [WARNING] services.market_data_service: OHLCV history failed for AAPL: 404 Client Error: Not Found for url: https://query1.finance.yahoo.com/v8/finance/chart/AAPL.NS?interval=1d&range=1y&includeAdjustedClose=true
2026-05-26 12:06:28,865 [INFO] backend: GET /api/stocks/AAPL/ohlcv -> 404 in 305ms
2026-05-26 12:06:29,050 [WARNING] services.market_data_service: OHLCV history failed for AAPL: 404 Client Error: Not Found for url: https://query1.finance.yahoo.com/v8/finance/chart/AAPL.NS?interval=1d&range=1y&includeAdjustedClose=true
2026-05-26 12:06:29,051 [INFO] backend: GET /api/stocks/AAPL/indicators -> 404 in 167ms
2026-05-26 12:08:03,938 [INFO] backend: Backend shutting down
2026-05-26 12:08:26,046 [INFO] backend: Stock Intelligence Platform backend v2.0.0 starting (log: C:\Users\mohan\Stock App\stock-intelligence-platform\storage\logs\backend.log)
2026-05-26 12:08:41,578 [WARNING] services.nse_service: NSE API /api/equity-stockIndices → 404
2026-05-26 12:08:41,597 [WARNING] services.nse_service: NSE API /api/equity-stockIndices → 404
2026-05-26 12:08:41,603 [WARNING] services.nse_service: NSE API /api/equity-stockIndices → 404
2026-05-26 12:08:41,648 [WARNING] services.nse_service: NSE API /api/equity-stockIndices → 404
2026-05-26 12:08:41,650 [WARNING] services.nse_service: NSE API /api/equity-stockIndices → 404
2026-05-26 12:08:41,699 [WARNING] services.nse_service: NSE API /api/equity-stockIndices → 404
2026-05-26 12:08:41,718 [WARNING] services.nse_service: NSE API /api/equity-stockIndices → 404
2026-05-26 12:08:41,766 [WARNING] services.nse_service: NSE API /api/equity-stockIndices → 404
2026-05-26 12:08:41,772 [WARNING] services.nse_service: NSE API /api/equity-stockIndices → 404
2026-05-26 12:08:41,825 [WARNING] services.nse_service: NSE API /api/equity-stockIndices → 404
2026-05-26 12:08:41,826 [WARNING] services.nse_service: NSE API /api/equity-stockIndices → 404
2026-05-26 12:08:41,891 [WARNING] services.nse_service: NSE API /api/equity-stockIndices → 404
2026-05-26 12:08:41,945 [WARNING] services.nse_service: NSE API /api/equity-stockIndices → 404
2026-05-26 12:08:42,003 [WARNING] services.nse_service: NSE API /api/equity-stockIndices → 404
2026-05-26 12:08:42,055 [WARNING] services.nse_service: NSE API /api/equity-stockIndices → 404
2026-05-26 12:08:42,104 [WARNING] services.nse_service: NSE API /api/equity-stockIndices → 404
2026-05-26 12:08:42,161 [WARNING] services.nse_service: NSE API /api/equity-stockIndices → 404
2026-05-26 12:08:42,331 [INFO] services.us_market_service: YF session refreshed, crumb=Ij3f0m…
2026-05-26 12:08:42,554 [INFO] backend: GET /api/market/status -> 200 in 1113ms
2026-05-26 12:08:43,805 [INFO] backend: GET /api/market/indices -> 200 in 2365ms
2026-05-26 12:09:25,234 [INFO] services.screener_service: Screener.in session configured.
2026-05-26 12:09:25,691 [INFO] backend: GET /api/stocks/RELIANCE/verdict -> 200 in 1328ms
2026-05-26 12:09:35,000 [WARNING] services.market_data_service: OHLCV history failed for AAPL: 404 Client Error: Not Found for url: https://query1.finance.yahoo.com/v8/finance/chart/AAPL.NS?interval=1d&range=1y&includeAdjustedClose=true
2026-05-26 12:09:35,050 [WARNING] services.market_data_service: OHLCV history failed for AAPL: 404 Client Error: Not Found for url: https://query1.finance.yahoo.com/v8/finance/chart/AAPL.NS?interval=1d&range=1y&includeAdjustedClose=true
2026-05-26 12:09:35,051 [INFO] backend: GET /api/stocks/AAPL/ohlcv -> 404 in 300ms
2026-05-26 12:09:35,152 [WARNING] services.market_data_service: OHLCV history failed for AAPL: 404 Client Error: Not Found for url: https://query1.finance.yahoo.com/v8/finance/chart/AAPL.NS?interval=1d&range=1y&includeAdjustedClose=true
2026-05-26 12:09:35,153 [INFO] backend: GET /api/stocks/AAPL/chart-analysis -> 404 in 150ms
2026-05-26 12:09:35,271 [WARNING] services.market_data_service: OHLCV history failed for AAPL: 404 Client Error: Not Found for url: https://query1.finance.yahoo.com/v8/finance/chart/AAPL.NS?interval=1d&range=1y&includeAdjustedClose=true
2026-05-26 12:09:35,273 [INFO] backend: GET /api/stocks/AAPL/indicators -> 404 in 520ms
2026-05-26 12:09:35,459 [WARNING] services.market_data_service: OHLCV history failed for AAPL: 404 Client Error: Not Found for url: https://query1.finance.yahoo.com/v8/finance/chart/AAPL.NS?interval=1d&range=1y&includeAdjustedClose=true
2026-05-26 12:09:36,219 [WARNING] services.market_data_service: OHLCV history failed for AAPL: 404 Client Error: Not Found for url: https://query1.finance.yahoo.com/v8/finance/chart/AAPL.NS?interval=1d&range=1y&includeAdjustedClose=true
2026-05-26 12:09:36,221 [INFO] backend: GET /api/stocks/AAPL/ohlcv -> 404 in 157ms
2026-05-26 12:09:36,327 [WARNING] services.market_data_service: OHLCV history failed for AAPL: 404 Client Error: Not Found for url: https://query1.finance.yahoo.com/v8/finance/chart/AAPL.NS?interval=1d&range=1y&includeAdjustedClose=true
2026-05-26 12:09:36,329 [INFO] backend: GET /api/stocks/AAPL/chart-analysis -> 404 in 171ms
2026-05-26 12:09:36,515 [WARNING] services.market_data_service: OHLCV history failed for AAPL: 404 Client Error: Not Found for url: https://query1.finance.yahoo.com/v8/finance/chart/AAPL.NS?interval=1d&range=1y&includeAdjustedClose=true
2026-05-26 12:09:36,517 [INFO] backend: GET /api/stocks/AAPL/indicators -> 404 in 239ms
2026-05-26 13:22:24,122 [WARNING] services.market_data_service: OHLCV history failed for AAPL: 404 Client Error: Not Found for url: https://query1.finance.yahoo.com/v8/finance/chart/AAPL.NS?interval=1d&range=1y&includeAdjustedClose=true
2026-05-26 13:22:24,140 [WARNING] services.market_data_service: OHLCV history failed for AAPL: 404 Client Error: Not Found for url: https://query1.finance.yahoo.com/v8/finance/chart/AAPL.NS?interval=1d&range=1y&includeAdjustedClose=true
2026-05-26 13:22:24,220 [WARNING] services.market_data_service: OHLCV history failed for AAPL: 404 Client Error: Not Found for url: https://query1.finance.yahoo.com/v8/finance/chart/AAPL.NS?interval=1d&range=1y&includeAdjustedClose=true
2026-05-26 13:22:24,224 [WARNING] services.market_data_service: OHLCV history failed for AAPL: 404 Client Error: Not Found for url: https://query1.finance.yahoo.com/v8/finance/chart/AAPL.NS?interval=1d&range=1y&includeAdjustedClose=true
2026-05-26 13:22:24,237 [INFO] backend: GET /api/stocks/AAPL/indicators -> 404 in 867ms
2026-05-26 13:22:24,257 [INFO] backend: GET /api/stocks/AAPL/ohlcv -> 404 in 989ms
2026-05-26 13:22:24,364 [WARNING] services.market_data_service: OHLCV history failed for AAPL: 404 Client Error: Not Found for url: https://query1.finance.yahoo.com/v8/finance/chart/AAPL.NS?interval=1d&range=1y&includeAdjustedClose=true
2026-05-26 13:22:24,377 [INFO] backend: GET /api/stocks/AAPL/chart-analysis -> 404 in 190ms
2026-05-26 13:22:24,525 [INFO] services.us_market_service: YF session refreshed, crumb=0Benf6…
2026-05-26 13:22:24,981 [INFO] backend: GET /api/stocks/AAPL/fundamentals -> 200 in 1570ms
2026-05-26 13:24:43,239 [WARNING] services.market_data_service: OHLCV history failed for AAPL: 404 Client Error: Not Found for url: https://query1.finance.yahoo.com/v8/finance/chart/AAPL.NS?interval=1d&range=1y&includeAdjustedClose=true
2026-05-26 13:24:43,243 [WARNING] services.market_data_service: OHLCV history failed for AAPL: 404 Client Error: Not Found for url: https://query1.finance.yahoo.com/v8/finance/chart/AAPL.NS?interval=1d&range=1y&includeAdjustedClose=true
2026-05-26 13:24:43,245 [INFO] backend: GET /api/stocks/AAPL/ohlcv -> 404 in 212ms
2026-05-26 13:24:43,249 [INFO] backend: GET /api/stocks/AAPL/indicators -> 404 in 202ms
2026-05-26 13:24:43,360 [WARNING] services.market_data_service: OHLCV history failed for AAPL: 404 Client Error: Not Found for url: https://query1.finance.yahoo.com/v8/finance/chart/AAPL.NS?interval=1d&range=1y&includeAdjustedClose=true
2026-05-26 13:24:43,363 [INFO] backend: GET /api/stocks/AAPL/chart-analysis -> 404 in 315ms
2026-05-26 13:24:48,196 [WARNING] services.nse_service: NSE API /api/equity-stockIndices → 404
2026-05-26 13:24:48,199 [WARNING] services.nse_service: NSE API /api/equity-stockIndices → 404
2026-05-26 13:24:48,232 [WARNING] services.nse_service: NSE API /api/equity-stockIndices → 404
2026-05-26 13:24:48,263 [WARNING] services.nse_service: NSE API /api/equity-stockIndices → 404
2026-05-26 13:24:48,309 [WARNING] services.nse_service: NSE API /api/equity-stockIndices → 404
2026-05-26 13:24:48,317 [WARNING] services.nse_service: NSE API /api/equity-stockIndices → 404
2026-05-26 13:24:48,369 [WARNING] services.nse_service: NSE API /api/equity-stockIndices → 404
2026-05-26 13:24:48,381 [WARNING] services.nse_service: NSE API /api/equity-stockIndices → 404
2026-05-26 13:24:48,414 [WARNING] services.nse_service: NSE API /api/equity-stockIndices → 404
2026-05-26 13:24:48,444 [WARNING] services.nse_service: NSE API /api/equity-stockIndices → 404
2026-05-26 13:24:48,473 [WARNING] services.nse_service: NSE API /api/equity-stockIndices → 404
2026-05-26 13:24:48,493 [WARNING] services.nse_service: NSE API /api/equity-stockIndices → 404
2026-05-26 13:24:48,516 [WARNING] services.nse_service: NSE API /api/equity-stockIndices → 404
2026-05-26 13:24:48,576 [WARNING] services.nse_service: NSE API /api/equity-stockIndices → 404
2026-05-26 13:24:48,638 [WARNING] services.nse_service: NSE API /api/equity-stockIndices → 404
2026-05-26 13:24:48,698 [WARNING] services.nse_service: NSE API /api/equity-stockIndices → 404
2026-05-26 13:24:48,743 [WARNING] services.nse_service: NSE API /api/equity-stockIndices → 404
2026-05-26 13:24:49,500 [INFO] backend: GET /api/market/indices -> 200 in 1540ms
2026-05-26 13:25:10,400 [INFO] backend: GET /api/stocks/RELIANCE/ohlcv -> 200 in 1452ms
2026-05-26 13:25:10,853 [INFO] backend: GET /api/stocks/RELIANCE/indicators -> 200 in 1904ms
2026-05-26 13:25:11,662 [INFO] backend: GET /api/stocks/RELIANCE/fundamentals -> 200 in 2713ms
2026-05-26 13:25:11,694 [INFO] backend: GET /api/stocks/RELIANCE/quarterly -> 200 in 2745ms
2026-05-26 13:25:11,942 [INFO] backend: GET /api/universe/all-symbols -> 200 in 3016ms
2026-05-26 13:25:12,488 [INFO] backend: GET /api/patterns/detect/RELIANCE -> 200 in 1729ms
2026-05-26 13:25:13,410 [INFO] backend: GET /api/stocks/RELIANCE/verdict -> 200 in 4462ms
2026-05-26 13:25:15,255 [INFO] backend: GET /api/stocks/RELIANCE/cash-flow -> 200 in 3360ms
2026-05-26 13:25:16,080 [INFO] backend: GET /api/stocks/RELIANCE/ratios-history -> 200 in 4186ms
2026-05-26 13:25:16,157 [INFO] backend: GET /api/stocks/RELIANCE/shareholding -> 200 in 3905ms
2026-05-26 13:25:16,295 [INFO] backend: GET /api/stocks/RELIANCE/balance-sheet -> 200 in 4648ms
2026-05-26 13:25:17,667 [INFO] backend: GET /api/stocks/RELIANCE/chart-analysis -> 200 in 2884ms
2026-05-26 13:25:18,680 [INFO] backend: GET /api/stocks/ANGELONE/ohlcv -> 200 in 1632ms
2026-05-26 13:25:18,928 [INFO] backend: GET /api/stocks/RELIANCE/peers -> 200 in 5937ms
2026-05-26 13:25:19,272 [INFO] backend: GET /api/stocks/ANGELONE/fundamentals -> 200 in 2195ms
2026-05-26 13:25:19,489 [INFO] backend: GET /api/stocks/ANGELONE/indicators -> 200 in 2413ms
2026-05-26 13:25:20,018 [INFO] backend: GET /api/stocks/ANGELONE/quarterly -> 200 in 2347ms
2026-05-26 13:25:21,447 [INFO] backend: GET /api/patterns/detect/ANGELONE -> 200 in 2331ms
2026-05-26 13:25:22,592 [INFO] backend: GET /api/stocks/ANGELONE/verdict -> 200 in 5516ms
2026-05-26 13:25:22,867 [INFO] backend: GET /api/stocks/ANGELONE/ratios-history -> 200 in 3010ms
2026-05-26 13:25:23,015 [INFO] backend: GET /api/stocks/ANGELONE/balance-sheet -> 200 in 3811ms
2026-05-26 13:25:23,511 [INFO] backend: GET /api/stocks/ANGELONE/cash-flow -> 200 in 3771ms
2026-05-26 13:25:23,929 [INFO] backend: GET /api/stocks/ANGELONE/shareholding -> 200 in 2582ms
2026-05-26 13:25:24,980 [INFO] backend: GET /api/stocks/ANGELONE/chart-analysis -> 200 in 1528ms
2026-05-26 13:25:24,982 [INFO] backend: GET /api/stocks/ANGELONE/peers -> 200 in 3106ms
2026-05-26 13:26:43,957 [INFO] backend: GET /api/stocks/HUDCO/ohlcv -> 200 in 1423ms
2026-05-26 13:26:44,413 [INFO] backend: GET /api/patterns/detect/HUDCO -> 200 in 1849ms
2026-05-26 13:26:44,507 [INFO] backend: GET /api/stocks/HUDCO/indicators -> 200 in 1962ms
2026-05-26 13:26:44,661 [INFO] backend: GET /api/stocks/HUDCO/quarterly -> 200 in 2097ms
2026-05-26 13:26:44,760 [INFO] backend: GET /api/stocks/HUDCO/fundamentals -> 200 in 2195ms
2026-05-26 13:26:45,496 [INFO] backend: GET /api/stocks/HUDCO/verdict -> 200 in 2957ms
2026-05-26 13:26:46,940 [INFO] backend: GET /api/stocks/HUDCO/balance-sheet -> 200 in 2322ms
2026-05-26 13:26:47,987 [INFO] backend: GET /api/stocks/HUDCO/cash-flow -> 200 in 3102ms
2026-05-26 13:26:48,423 [INFO] backend: GET /api/stocks/HUDCO/shareholding -> 200 in 3475ms
2026-05-26 13:26:48,603 [INFO] backend: GET /api/stocks/HUDCO/ratios-history -> 200 in 3655ms
2026-05-26 13:26:49,504 [INFO] backend: GET /api/stocks/HUDCO/chart-analysis -> 200 in 3033ms
2026-05-26 13:26:49,507 [INFO] backend: GET /api/stocks/HUDCO/peers -> 200 in 4558ms
2026-05-26 13:43:22,293 [INFO] backend: GET /api/stocks/RELIANCE/ohlcv -> 200 in 1783ms
2026-05-26 13:43:22,936 [INFO] backend: GET /api/patterns/detect/RELIANCE -> 200 in 2397ms
2026-05-26 13:43:23,342 [INFO] backend: GET /api/stocks/RELIANCE/indicators -> 200 in 2809ms
2026-05-26 13:43:23,404 [INFO] backend: GET /api/stocks/RELIANCE/fundamentals -> 200 in 2878ms
2026-05-26 13:43:23,466 [INFO] backend: GET /api/stocks/RELIANCE/quarterly -> 200 in 2943ms
2026-05-26 13:43:26,450 [INFO] backend: GET /api/stocks/RELIANCE/balance-sheet -> 200 in 3560ms
2026-05-26 13:43:27,095 [INFO] backend: GET /api/stocks/RELIANCE/verdict -> 200 in 6557ms
2026-05-26 13:43:27,656 [INFO] backend: GET /api/stocks/RELIANCE/cash-flow -> 200 in 4259ms
2026-05-26 13:43:27,743 [INFO] backend: GET /api/stocks/RELIANCE/ratios-history -> 200 in 4292ms
2026-05-26 13:43:27,888 [INFO] backend: GET /api/stocks/RELIANCE/shareholding -> 200 in 4051ms
2026-05-26 13:43:28,591 [INFO] backend: GET /api/stocks/RELIANCE/peers -> 200 in 4754ms
2026-05-26 13:43:28,903 [INFO] backend: GET /api/stocks/RELIANCE/chart-analysis -> 200 in 1248ms
2026-05-26 13:43:30,811 [INFO] backend: GET /api/stocks/VEDL/ohlcv -> 200 in 1038ms
2026-05-26 13:43:31,465 [INFO] backend: GET /api/stocks/VEDL/indicators -> 200 in 1663ms
2026-05-26 13:43:31,529 [INFO] backend: GET /api/patterns/detect/VEDL -> 200 in 1711ms
2026-05-26 13:43:32,001 [INFO] backend: GET /api/stocks/VEDL/fundamentals -> 200 in 2199ms
2026-05-26 13:43:32,381 [INFO] backend: GET /api/stocks/VEDL/quarterly -> 200 in 2578ms
2026-05-26 13:43:35,722 [INFO] backend: GET /api/stocks/VEDL/balance-sheet -> 200 in 4272ms
2026-05-26 13:43:37,127 [INFO] backend: GET /api/stocks/VEDL/verdict -> 200 in 7347ms
2026-05-26 13:43:37,300 [INFO] backend: GET /api/stocks/VEDL/cash-flow -> 200 in 5347ms
2026-05-26 13:43:37,501 [INFO] backend: GET /api/stocks/VEDL/shareholding -> 200 in 4742ms
2026-05-26 13:43:37,503 [INFO] backend: GET /api/stocks/VEDL/ratios-history -> 200 in 5549ms
2026-05-26 13:43:37,671 [WARNING] services.market_data_service: OHLCV history failed for DUMMYVEDL2: 404 Client Error: Not Found for url: https://query1.finance.yahoo.com/v8/finance/chart/DUMMYVEDL2.NS?interval=1d&range=3mo&includeAdjustedClose=true
2026-05-26 13:43:37,679 [WARNING] services.market_data_service: OHLCV history failed for DUMMYVEDL1: 404 Client Error: Not Found for url: https://query1.finance.yahoo.com/v8/finance/chart/DUMMYVEDL1.NS?interval=1d&range=3mo&includeAdjustedClose=true
2026-05-26 13:43:37,721 [WARNING] services.market_data_service: OHLCV history failed for DUMMYVEDL3: 404 Client Error: Not Found for url: https://query1.finance.yahoo.com/v8/finance/chart/DUMMYVEDL3.NS?interval=1d&range=3mo&includeAdjustedClose=true
2026-05-26 13:43:37,846 [WARNING] services.market_data_service: OHLCV history failed for DUMMYVEDL4: 404 Client Error: Not Found for url: https://query1.finance.yahoo.com/v8/finance/chart/DUMMYVEDL4.NS?interval=1d&range=3mo&includeAdjustedClose=true
2026-05-26 13:43:38,358 [INFO] backend: GET /api/stocks/VEDL/peers -> 200 in 5535ms
2026-05-26 13:43:38,550 [INFO] backend: GET /api/stocks/VEDL/chart-analysis -> 200 in 1454ms
2026-05-26 15:30:29,982 [INFO] backend: GET /api/stocks/VEDL/ohlcv -> 200 in 2487ms
2026-05-26 15:30:31,083 [INFO] backend: GET /api/stocks/VEDL/indicators -> 200 in 3581ms
2026-05-26 15:30:33,459 [INFO] backend: GET /api/stocks/VEDL/fundamentals -> 200 in 5975ms
2026-05-26 15:30:33,962 [INFO] backend: GET /api/stocks/VEDL/shareholding -> 200 in 6487ms
2026-05-26 15:30:34,875 [INFO] backend: GET /api/patterns/detect/VEDL -> 200 in 3245ms
2026-05-26 15:30:35,927 [INFO] backend: GET /api/stocks/VEDL/verdict -> 200 in 8431ms
2026-05-26 15:30:36,114 [INFO] backend: GET /api/stocks/VEDL/chart-analysis -> 200 in 7749ms
2026-05-26 15:30:36,824 [WARNING] services.market_data_service: OHLCV history failed for DUMMYVEDL2: 404 Client Error: Not Found for url: https://query1.finance.yahoo.com/v8/finance/chart/DUMMYVEDL2.NS?interval=1d&range=3mo&includeAdjustedClose=true
2026-05-26 15:30:36,863 [WARNING] services.market_data_service: OHLCV history failed for DUMMYVEDL1: 404 Client Error: Not Found for url: https://query1.finance.yahoo.com/v8/finance/chart/DUMMYVEDL1.NS?interval=1d&range=3mo&includeAdjustedClose=true
2026-05-26 15:30:36,934 [WARNING] services.market_data_service: OHLCV history failed for DUMMYVEDL3: 404 Client Error: Not Found for url: https://query1.finance.yahoo.com/v8/finance/chart/DUMMYVEDL3.NS?interval=1d&range=3mo&includeAdjustedClose=true
2026-05-26 15:30:36,975 [WARNING] services.market_data_service: OHLCV history failed for DUMMYVEDL4: 404 Client Error: Not Found for url: https://query1.finance.yahoo.com/v8/finance/chart/DUMMYVEDL4.NS?interval=1d&range=3mo&includeAdjustedClose=true
2026-05-26 15:30:37,749 [INFO] backend: GET /api/stocks/VEDL/quarterly -> 200 in 3362ms
2026-05-26 15:30:38,603 [INFO] backend: GET /api/stocks/VEDL/balance-sheet -> 200 in 3132ms
2026-05-26 15:30:38,682 [INFO] backend: GET /api/stocks/VEDL/cash-flow -> 200 in 4040ms
2026-05-26 15:30:38,935 [INFO] backend: GET /api/stocks/VEDL/peers -> 200 in 8391ms
2026-05-26 15:30:39,154 [INFO] backend: GET /api/stocks/VEDL/ratios-history -> 200 in 2806ms
2026-05-26 15:40:15,083 [INFO] backend: Backend shutting down
2026-05-26 15:40:21,364 [INFO] backend: Stock Intelligence Platform backend v2.0.0 starting (log: C:\Users\mohan\Stock App\stock-intelligence-platform\storage\logs\backend.log)
2026-05-26 15:42:12,963 [INFO] backend: Stock Intelligence Platform backend v2.0.0 starting (log: C:\Users\mohan\Stock App\stock-intelligence-platform\storage\logs\backend.log)
2026-05-26 15:43:04,060 [WARNING] services.nse_service: NSE API /api/equity-stockIndices → 404
2026-05-26 15:43:04,088 [WARNING] services.nse_service: NSE API /api/equity-stockIndices → 404
2026-05-26 15:43:04,113 [WARNING] services.nse_service: NSE API /api/equity-stockIndices → 404
2026-05-26 15:43:04,133 [WARNING] services.nse_service: NSE API /api/equity-stockIndices → 404
2026-05-26 15:43:04,173 [WARNING] services.nse_service: NSE API /api/equity-stockIndices → 404
2026-05-26 15:43:04,192 [WARNING] services.nse_service: NSE API /api/equity-stockIndices → 404
2026-05-26 15:43:04,219 [WARNING] services.nse_service: NSE API /api/equity-stockIndices → 404
2026-05-26 15:43:04,239 [WARNING] services.nse_service: NSE API /api/equity-stockIndices → 404
2026-05-26 15:43:04,265 [WARNING] services.nse_service: NSE API /api/equity-stockIndices → 404
2026-05-26 15:43:04,313 [WARNING] services.nse_service: NSE API /api/equity-stockIndices → 404
2026-05-26 15:43:04,326 [WARNING] services.nse_service: NSE API /api/equity-stockIndices → 404
2026-05-26 15:43:04,360 [WARNING] services.nse_service: NSE API /api/equity-stockIndices → 404
2026-05-26 15:43:04,428 [WARNING] services.nse_service: NSE API /api/equity-stockIndices → 404
2026-05-26 15:43:04,486 [WARNING] services.nse_service: NSE API /api/equity-stockIndices → 404
2026-05-26 15:43:04,561 [WARNING] services.nse_service: NSE API /api/equity-stockIndices → 404
2026-05-26 15:43:04,630 [WARNING] services.nse_service: NSE API /api/equity-stockIndices → 404
2026-05-26 15:43:04,699 [WARNING] services.nse_service: NSE API /api/equity-stockIndices → 404
2026-05-26 15:43:14,168 [WARNING] services.nse_service: NSE API /api/equity-stockIndices → 404
2026-05-26 16:17:04,090 [WARNING] services.market_data_service: OHLCV history failed for AAPL: 404 Client Error: Not Found for url: https://query1.finance.yahoo.com/v8/finance/chart/AAPL.NS?interval=1d&range=1y&includeAdjustedClose=true
2026-05-26 16:17:04,092 [WARNING] services.market_data_service: OHLCV history failed for AAPL: 404 Client Error: Not Found for url: https://query1.finance.yahoo.com/v8/finance/chart/AAPL.NS?interval=1d&range=1y&includeAdjustedClose=true
2026-05-26 16:17:04,110 [INFO] backend: GET /api/stocks/AAPL/ohlcv -> 404 in 540ms
2026-05-26 16:17:04,114 [INFO] backend: GET /api/stocks/AAPL/indicators -> 404 in 542ms
2026-05-26 16:17:04,270 [WARNING] services.market_data_service: OHLCV history failed for AAPL: 404 Client Error: Not Found for url: https://query1.finance.yahoo.com/v8/finance/chart/AAPL.NS?interval=1d&range=1y&includeAdjustedClose=true
2026-05-26 16:17:04,426 [INFO] services.us_market_service: YF session refreshed, crumb=Y4ZTen…
2026-05-26 16:17:04,763 [INFO] services.screener_service: Screener.in session configured.
2026-05-26 16:17:04,911 [INFO] backend: GET /api/stocks/AAPL/verdict -> 200 in 1331ms
2026-05-26 16:17:05,044 [INFO] backend: GET /api/stocks/AAPL/fundamentals -> 200 in 1472ms
2026-05-26 16:17:05,266 [WARNING] services.market_data_service: OHLCV history failed for AAPL: 404 Client Error: Not Found for url: https://query1.finance.yahoo.com/v8/finance/chart/AAPL.NS?interval=1d&range=1y&includeAdjustedClose=true
2026-05-26 16:17:05,268 [INFO] backend: GET /api/stocks/AAPL/indicators -> 404 in 141ms
2026-05-26 16:17:05,285 [WARNING] services.market_data_service: OHLCV history failed for AAPL: 404 Client Error: Not Found for url: https://query1.finance.yahoo.com/v8/finance/chart/AAPL.NS?interval=1d&range=1y&includeAdjustedClose=true
2026-05-26 16:17:05,287 [INFO] backend: GET /api/stocks/AAPL/ohlcv -> 404 in 162ms
2026-05-26 16:17:08,416 [WARNING] services.market_data_service: OHLCV history failed for AAPL: 404 Client Error: Not Found for url: https://query1.finance.yahoo.com/v8/finance/chart/AAPL.NS?interval=1d&range=1y&includeAdjustedClose=true
2026-05-26 16:17:08,418 [INFO] backend: GET /api/stocks/AAPL/ohlcv -> 404 in 160ms
2026-05-26 16:17:09,567 [WARNING] services.market_data_service: OHLCV history failed for AAPL: 404 Client Error: Not Found for url: https://query1.finance.yahoo.com/v8/finance/chart/AAPL.NS?interval=1d&range=1y&includeAdjustedClose=true
2026-05-26 16:17:09,569 [INFO] backend: GET /api/stocks/AAPL/ohlcv -> 404 in 142ms
2026-05-26 16:38:45,972 [WARNING] services.market_data_service: OHLCV history failed for HES: 404 Client Error: Not Found for url: https://query1.finance.yahoo.com/v8/finance/chart/HES?interval=1d&range=1y&includeAdjustedClose=true
2026-05-26 16:38:46,120 [WARNING] services.market_data_service: OHLCV history failed for MRO: 404 Client Error: Not Found for url: https://query1.finance.yahoo.com/v8/finance/chart/MRO?interval=1d&range=1y&includeAdjustedClose=true
2026-05-26 16:38:46,213 [WARNING] services.market_data_service: OHLCV history failed for PXD: 404 Client Error: Not Found for url: https://query1.finance.yahoo.com/v8/finance/chart/PXD?interval=1d&range=1y&includeAdjustedClose=true
2026-05-26 16:38:46,240 [WARNING] services.market_data_service: OHLCV history failed for HES: 404 Client Error: Not Found for url: https://query1.finance.yahoo.com/v8/finance/chart/HES?interval=1wk&range=5y&includeAdjustedClose=true
2026-05-26 16:38:46,439 [WARNING] services.market_data_service: OHLCV history failed for MRO: 404 Client Error: Not Found for url: https://query1.finance.yahoo.com/v8/finance/chart/MRO?interval=1wk&range=5y&includeAdjustedClose=true
2026-05-26 16:38:46,453 [WARNING] services.market_data_service: OHLCV history failed for PXD: 404 Client Error: Not Found for url: https://query1.finance.yahoo.com/v8/finance/chart/PXD?interval=1wk&range=5y&includeAdjustedClose=true
2026-05-26 16:38:46,661 [WARNING] services.market_data_service: OHLCV history failed for HES: 404 Client Error: Not Found for url: https://query1.finance.yahoo.com/v8/finance/chart/HES?interval=1mo&range=max&includeAdjustedClose=true
2026-05-26 16:38:46,778 [WARNING] services.market_data_service: OHLCV history failed for MRO: 404 Client Error: Not Found for url: https://query1.finance.yahoo.com/v8/finance/chart/MRO?interval=1mo&range=max&includeAdjustedClose=true
2026-05-26 16:38:46,795 [WARNING] services.market_data_service: OHLCV history failed for PXD: 404 Client Error: Not Found for url: https://query1.finance.yahoo.com/v8/finance/chart/PXD?interval=1mo&range=max&includeAdjustedClose=true
2026-05-26 16:38:52,535 [WARNING] services.market_data_service: OHLCV history failed for RELIANCE: 404 Client Error: Not Found for url: https://query1.finance.yahoo.com/v8/finance/chart/RELIANCE?interval=1d&range=1y&includeAdjustedClose=true
2026-05-26 16:38:52,728 [WARNING] services.market_data_service: OHLCV history failed for RELIANCE: 404 Client Error: Not Found for url: https://query1.finance.yahoo.com/v8/finance/chart/RELIANCE?interval=1d&range=1y&includeAdjustedClose=true
2026-05-26 16:38:52,730 [INFO] backend: GET /api/stocks/RELIANCE/chart-analysis -> 404 in 189ms
2026-05-26 16:38:53,902 [WARNING] services.market_data_service: OHLCV history failed for RELIANCE: 404 Client Error: Not Found for url: https://query1.finance.yahoo.com/v8/finance/chart/RELIANCE?interval=1d&range=1y&includeAdjustedClose=true
2026-05-26 16:38:53,904 [INFO] backend: GET /api/stocks/RELIANCE/chart-analysis -> 404 in 138ms
2026-05-26 16:50:24,498 [INFO] backend: GET /api/market/universe/S&P 500/quotes -> 200 in 1415ms
2026-05-26 16:51:06,155 [WARNING] services.market_data_service: OHLCV history failed for HPQ: 404 Client Error: Not Found for url: https://query1.finance.yahoo.com/v8/finance/chart/HPQ.NS?interval=1d&range=1y&includeAdjustedClose=true
2026-05-26 16:51:06,160 [INFO] backend: GET /api/stocks/HPQ/indicators -> 404 in 220ms
2026-05-26 16:51:06,238 [WARNING] services.market_data_service: OHLCV history failed for HPQ: 404 Client Error: Not Found for url: https://query1.finance.yahoo.com/v8/finance/chart/HPQ.NS?interval=1d&range=1y&includeAdjustedClose=true
2026-05-26 16:51:06,424 [WARNING] services.market_data_service: OHLCV history failed for HPQ: 404 Client Error: Not Found for url: https://query1.finance.yahoo.com/v8/finance/chart/HPQ.NS?interval=1d&range=1y&includeAdjustedClose=true
2026-05-26 16:51:06,469 [INFO] backend: GET /api/stocks/HPQ/ohlcv -> 404 in 567ms
2026-05-26 16:51:07,299 [WARNING] services.market_data_service: OHLCV history failed for HPQ: 404 Client Error: Not Found for url: https://query1.finance.yahoo.com/v8/finance/chart/HPQ.NS?interval=1d&range=1y&includeAdjustedClose=true
2026-05-26 16:51:07,301 [INFO] backend: GET /api/stocks/HPQ/indicators -> 404 in 132ms
2026-05-26 16:51:07,646 [WARNING] services.market_data_service: OHLCV history failed for HPQ: 404 Client Error: Not Found for url: https://query1.finance.yahoo.com/v8/finance/chart/HPQ.NS?interval=1d&range=1y&includeAdjustedClose=true
2026-05-26 16:51:07,648 [INFO] backend: GET /api/stocks/HPQ/ohlcv -> 404 in 146ms
2026-05-26 16:52:39,916 [INFO] backend: GET /api/market/universe/S&P 500/quotes -> 200 in 1267ms
2026-05-26 18:01:54,434 [INFO] services.us_market_service: YF session refreshed, crumb=WJHsxo…
2026-05-26 18:01:55,918 [INFO] backend: GET /api/market/universe/S&P 500/quotes -> 200 in 2824ms
2026-05-27 21:51:28,584 [INFO] backend: Stock Intelligence Platform backend v2.0.0 starting (log: C:\Users\mohan\Stock App\stock-intelligence-platform\storage\logs\backend.log)
2026-05-27 21:55:04,614 [INFO] backend: Stock Intelligence Platform backend v2.0.0 starting (log: C:\Users\mohan\Stock App\stock-intelligence-platform\storage\logs\backend.log)
2026-05-27 21:58:42,373 [INFO] backend: Stock Intelligence Platform backend v2.0.0 starting (log: C:\Users\mohan\Stock App\stock-intelligence-platform\storage\logs\backend.log)
2026-05-27 21:59:45,978 [WARNING] services.nse_service: NSE API /api/equity-stockIndices → 404
2026-05-27 21:59:45,983 [WARNING] services.nse_service: NSE API /api/equity-stockIndices → 404
2026-05-27 21:59:46,053 [WARNING] services.nse_service: NSE API /api/equity-stockIndices → 404
2026-05-27 21:59:46,256 [WARNING] services.nse_service: NSE API /api/equity-stockIndices → 404
2026-05-27 21:59:46,325 [WARNING] services.nse_service: NSE API /api/equity-stockIndices → 404
2026-05-27 21:59:46,348 [WARNING] services.nse_service: NSE API /api/equity-stockIndices → 404
2026-05-27 21:59:46,412 [WARNING] services.nse_service: NSE API /api/equity-stockIndices → 404
2026-05-27 21:59:46,458 [WARNING] services.nse_service: NSE API /api/equity-stockIndices → 404
2026-05-27 21:59:46,506 [WARNING] services.nse_service: NSE API /api/equity-stockIndices → 404
2026-05-27 21:59:46,550 [WARNING] services.nse_service: NSE API /api/equity-stockIndices → 404
2026-05-27 21:59:46,561 [WARNING] services.nse_service: NSE API /api/equity-stockIndices → 404
2026-05-27 21:59:46,564 [INFO] backend: GET /api/market/indices -> 200 in 1317ms
2026-05-27 21:59:46,601 [WARNING] services.nse_service: NSE API /api/equity-stockIndices → 404
2026-05-27 21:59:46,650 [WARNING] services.nse_service: NSE API /api/equity-stockIndices → 404
2026-05-27 21:59:46,708 [WARNING] services.nse_service: NSE API /api/equity-stockIndices → 404
2026-05-27 21:59:46,755 [WARNING] services.nse_service: NSE API /api/equity-stockIndices → 404
2026-05-27 21:59:46,799 [WARNING] services.nse_service: NSE API /api/equity-stockIndices → 404
2026-05-27 21:59:47,331 [WARNING] services.nse_service: NSE API /api/equity-stockIndices → 404
2026-05-27 21:59:47,351 [WARNING] services.nse_service: NSE API /api/equity-stockIndices → 404
2026-05-27 21:59:47,358 [WARNING] services.nse_service: NSE API /api/equity-stockIndices → 404
2026-05-27 21:59:47,378 [WARNING] services.nse_service: NSE API /api/equity-stockIndices → 404
2026-05-27 21:59:47,380 [INFO] backend: GET /api/market/indices -> 200 in 1924ms
2026-05-27 21:59:47,430 [WARNING] services.nse_service: NSE API /api/equity-stockIndices → 404
2026-05-27 21:59:47,463 [WARNING] services.nse_service: NSE API /api/equity-stockIndices → 404
2026-05-27 21:59:47,512 [WARNING] services.nse_service: NSE API /api/equity-stockIndices → 404
2026-05-27 21:59:48,097 [WARNING] services.nse_service: NSE API /api/equity-stockIndices → 404
2026-05-27 21:59:48,134 [WARNING] services.nse_service: NSE API /api/equity-stockIndices → 404
2026-05-27 21:59:48,949 [WARNING] services.nse_service: NSE API /api/equity-stockIndices → 404
2026-05-27 21:59:49,129 [WARNING] services.nse_service: NSE API /api/equity-stockIndices → 404
2026-05-27 21:59:49,295 [WARNING] services.nse_service: NSE API /api/equity-stockIndices → 404
2026-05-27 21:59:49,328 [WARNING] services.nse_service: NSE API /api/equity-stockIndices → 404
2026-05-27 21:59:49,514 [WARNING] services.nse_service: NSE API /api/equity-stockIndices → 404
2026-05-27 21:59:49,520 [INFO] backend: GET /api/market/sectors -> 200 in 3501ms
2026-05-27 21:59:49,661 [WARNING] services.nse_service: NSE API /api/equity-stockIndices → 404
2026-05-27 21:59:49,693 [WARNING] services.nse_service: NSE API /api/equity-stockIndices → 404
2026-05-27 21:59:49,714 [WARNING] services.nse_service: NSE API /api/equity-stockIndices → 404
2026-05-27 21:59:49,762 [WARNING] services.nse_service: NSE API /api/equity-stockIndices → 404
2026-05-27 21:59:49,762 [INFO] backend: GET /api/market/sectors -> 200 in 4523ms
2026-05-27 22:03:40,440 [WARNING] services.market_data_service: OHLCV history failed for DUMMYVEDL3: 404 Client Error: Not Found for url: https://query1.finance.yahoo.com/v8/finance/chart/DUMMYVEDL3.NS?interval=1d&range=1y&includeAdjustedClose=true
2026-05-27 22:03:40,588 [WARNING] services.market_data_service: OHLCV history failed for DUMMYVEDL3: 404 Client Error: Not Found for url: https://query1.finance.yahoo.com/v8/finance/chart/DUMMYVEDL3.NS?interval=1wk&range=5y&includeAdjustedClose=true
2026-05-27 22:03:40,672 [WARNING] services.market_data_service: OHLCV history failed for DUMMYVEDL1: 404 Client Error: Not Found for url: https://query1.finance.yahoo.com/v8/finance/chart/DUMMYVEDL1.NS?interval=1d&range=1y&includeAdjustedClose=true
2026-05-27 22:03:40,740 [WARNING] services.market_data_service: OHLCV history failed for DUMMYVEDL4: 404 Client Error: Not Found for url: https://query1.finance.yahoo.com/v8/finance/chart/DUMMYVEDL4.NS?interval=1d&range=1y&includeAdjustedClose=true
2026-05-27 22:03:40,823 [WARNING] services.market_data_service: OHLCV history failed for DUMMYVEDL3: 404 Client Error: Not Found for url: https://query1.finance.yahoo.com/v8/finance/chart/DUMMYVEDL3.NS?interval=1mo&range=max&includeAdjustedClose=true
2026-05-27 22:03:40,853 [WARNING] services.market_data_service: OHLCV history failed for DUMMYVEDL4: 404 Client Error: Not Found for url: https://query1.finance.yahoo.com/v8/finance/chart/DUMMYVEDL4.NS?interval=1wk&range=5y&includeAdjustedClose=true
2026-05-27 22:03:40,904 [WARNING] services.market_data_service: OHLCV history failed for DUMMYVEDL1: 404 Client Error: Not Found for url: https://query1.finance.yahoo.com/v8/finance/chart/DUMMYVEDL1.NS?interval=1wk&range=5y&includeAdjustedClose=true
2026-05-27 22:03:40,968 [WARNING] services.market_data_service: OHLCV history failed for DUMMYVEDL4: 404 Client Error: Not Found for url: https://query1.finance.yahoo.com/v8/finance/chart/DUMMYVEDL4.NS?interval=1mo&range=max&includeAdjustedClose=true
2026-05-27 22:03:41,021 [WARNING] services.market_data_service: OHLCV history failed for DUMMYVEDL2: 404 Client Error: Not Found for url: https://query1.finance.yahoo.com/v8/finance/chart/DUMMYVEDL2.NS?interval=1d&range=1y&includeAdjustedClose=true
2026-05-27 22:03:41,063 [WARNING] services.market_data_service: OHLCV history failed for DUMMYVEDL1: 404 Client Error: Not Found for url: https://query1.finance.yahoo.com/v8/finance/chart/DUMMYVEDL1.NS?interval=1mo&range=max&includeAdjustedClose=true
2026-05-27 22:03:41,350 [WARNING] services.market_data_service: OHLCV history failed for DUMMYVEDL2: 404 Client Error: Not Found for url: https://query1.finance.yahoo.com/v8/finance/chart/DUMMYVEDL2.NS?interval=1wk&range=5y&includeAdjustedClose=true
2026-05-27 22:03:41,488 [WARNING] services.market_data_service: OHLCV history failed for DUMMYVEDL2: 404 Client Error: Not Found for url: https://query1.finance.yahoo.com/v8/finance/chart/DUMMYVEDL2.NS?interval=1mo&range=max&includeAdjustedClose=true
2026-05-27 22:07:13,341 [WARNING] services.market_data_service: OHLCV history failed for TKO: ('Connection aborted.', RemoteDisconnected('Remote end closed connection without response'))
2026-05-27 22:07:13,468 [WARNING] services.market_data_service: OHLCV history failed for TYL: ('Connection aborted.', RemoteDisconnected('Remote end closed connection without response'))
2026-05-27 22:19:18,518 [WARNING] services.market_data_service: OHLCV history failed for WBA: 404 Client Error: Not Found for url: https://query1.finance.yahoo.com/v8/finance/chart/WBA?interval=1d&range=1y&includeAdjustedClose=true
2026-05-27 22:19:18,758 [WARNING] services.market_data_service: OHLCV history failed for WBA: 404 Client Error: Not Found for url: https://query1.finance.yahoo.com/v8/finance/chart/WBA?interval=1wk&range=5y&includeAdjustedClose=true
2026-05-27 22:19:19,223 [WARNING] services.market_data_service: OHLCV history failed for WBA: 404 Client Error: Not Found for url: https://query1.finance.yahoo.com/v8/finance/chart/WBA?interval=1mo&range=max&includeAdjustedClose=true
2026-05-27 22:33:56,928 [WARNING] services.market_data_service: OHLCV history failed for ESSEN-RE3: 404 Client Error: Not Found for url: https://query1.finance.yahoo.com/v8/finance/chart/ESSEN-RE3.NS?interval=1d&range=1y&includeAdjustedClose=true
2026-05-27 22:33:57,224 [WARNING] services.market_data_service: OHLCV history failed for ESSEN-RE3: 404 Client Error: Not Found for url: https://query1.finance.yahoo.com/v8/finance/chart/ESSEN-RE3.NS?interval=1wk&range=5y&includeAdjustedClose=true
2026-05-27 22:33:57,708 [WARNING] services.market_data_service: OHLCV history failed for ESSEN-RE3: 404 Client Error: Not Found for url: https://query1.finance.yahoo.com/v8/finance/chart/ESSEN-RE3.NS?interval=1mo&range=max&includeAdjustedClose=true
2026-05-27 22:36:01,488 [WARNING] services.market_data_service: OHLCV history failed for TCIEXP: HTTPSConnectionPool(host='query1.finance.yahoo.com', port=443): Read timed out. (read timeout=15)
2026-05-27 22:40:16,413 [INFO] backend: Backend shutting down
2026-05-29 21:50:20,431 [INFO] backend: Stock Intelligence Platform backend v2.0.0 starting (log: C:\Users\mohan\Stock App\stock-intelligence-platform\storage\logs\backend.log)
2026-05-29 21:50:56,432 [WARNING] services.nse_service: NSE API /api/equity-stockIndices → 404
2026-05-29 21:50:56,445 [WARNING] services.nse_service: NSE API /api/equity-stockIndices → 404
2026-05-29 21:50:56,532 [WARNING] services.nse_service: NSE API /api/equity-stockIndices → 404
2026-05-29 21:50:56,645 [WARNING] services.nse_service: NSE API /api/equity-stockIndices → 404
2026-05-29 21:50:56,666 [WARNING] services.nse_service: NSE API /api/equity-stockIndices → 404
2026-05-29 21:50:56,749 [WARNING] services.nse_service: NSE API /api/equity-stockIndices → 404
2026-05-29 21:50:56,766 [WARNING] services.nse_service: NSE API /api/equity-stockIndices → 404
2026-05-29 21:50:56,805 [INFO] backend: GET /api/market/status -> 200 in 8629ms
2026-05-29 21:50:56,834 [WARNING] services.nse_service: NSE API /api/equity-stockIndices → 404
2026-05-29 21:50:56,934 [WARNING] services.nse_service: NSE API /api/equity-stockIndices → 404
2026-05-29 21:50:56,934 [WARNING] services.nse_service: NSE API /api/equity-stockIndices → 404
2026-05-29 21:50:56,936 [INFO] backend: GET /api/market/fii-dii -> 200 in 8750ms
2026-05-29 21:50:57,015 [WARNING] services.nse_service: NSE API /api/equity-stockIndices → 404
2026-05-29 21:50:57,086 [WARNING] services.nse_service: NSE API /api/equity-stockIndices → 404
2026-05-29 21:50:57,089 [WARNING] services.nse_service: NSE API /api/equity-stockIndices → 404
2026-05-29 21:50:57,190 [WARNING] services.nse_service: NSE API /api/equity-stockIndices → 404
2026-05-29 21:50:57,250 [WARNING] services.nse_service: NSE API /api/equity-stockIndices → 404
2026-05-29 21:50:57,251 [INFO] backend: GET /api/market/indices -> 200 in 9066ms
2026-05-29 21:50:57,308 [WARNING] services.nse_service: NSE API /api/equity-stockIndices → 404
2026-05-29 21:50:57,403 [WARNING] services.nse_service: NSE API /api/equity-stockIndices → 404
2026-05-29 21:50:57,405 [INFO] backend: GET /api/market/sectors -> 200 in 9219ms
2026-05-29 21:51:03,552 [WARNING] services.nse_service: NSE API /api/equity-stockIndices → 404
2026-05-29 21:51:18,220 [WARNING] services.universe_sync: Failed to fetch ALL NSE from NSE: Invalid URL 'None': No scheme supplied. Perhaps you meant https://None?. Using fallback.
2026-05-29 21:51:18,628 [INFO] services.screener_service: Screener.in session configured.
2026-05-29 21:51:18,628 [INFO] services.screener_service: Screener.in session configured.
2026-05-29 21:51:19,521 [INFO] backend: GET /api/stocks/RELIANCE/fundamentals -> 200 in 1308ms
2026-05-29 21:51:20,426 [INFO] backend: GET /api/stocks/RELIANCE/balance-sheet -> 200 in 1118ms
2026-05-29 21:51:24,918 [INFO] backend: GET /api/stocks/RELIANCE/ohlcv -> 200 in 6731ms
2026-05-29 21:51:24,920 [INFO] backend: GET /api/patterns/detect/RELIANCE -> 200 in 6313ms
2026-05-29 21:51:25,034 [INFO] backend: GET /api/stocks/RELIANCE/indicators -> 200 in 6821ms
2026-05-29 21:51:25,467 [INFO] backend: GET /api/stocks/RELIANCE/chart-analysis -> 200 in 4254ms
2026-05-29 21:51:25,735 [INFO] backend: GET /api/stocks/RELIANCE/peers -> 200 in 4524ms
2026-05-29 21:51:26,455 [INFO] backend: GET /api/stocks/RELIANCE/verdict -> 200 in 8242ms
2026-05-29 21:52:39,622 [WARNING] services.market_data_service: OHLCV history failed for DUMMYVEDL1: 404 Client Error: Not Found for url: https://query1.finance.yahoo.com/v8/finance/chart/DUMMYVEDL1.NS?interval=1d&range=1y&includeAdjustedClose=true
2026-05-29 21:52:39,624 [WARNING] services.market_data_service: OHLCV history failed for DUMMYVEDL2: 404 Client Error: Not Found for url: https://query1.finance.yahoo.com/v8/finance/chart/DUMMYVEDL2.NS?interval=1d&range=1y&includeAdjustedClose=true
2026-05-29 21:52:39,805 [WARNING] services.market_data_service: OHLCV history failed for DUMMYVEDL3: 404 Client Error: Not Found for url: https://query1.finance.yahoo.com/v8/finance/chart/DUMMYVEDL3.NS?interval=1d&range=1y&includeAdjustedClose=true
2026-05-29 21:52:39,922 [WARNING] services.market_data_service: OHLCV history failed for DUMMYVEDL4: 404 Client Error: Not Found for url: https://query1.finance.yahoo.com/v8/finance/chart/DUMMYVEDL4.NS?interval=1d&range=1y&includeAdjustedClose=true
2026-05-29 21:52:39,941 [WARNING] services.market_data_service: OHLCV history failed for DUMMYVEDL1: 404 Client Error: Not Found for url: https://query1.finance.yahoo.com/v8/finance/chart/DUMMYVEDL1.NS?interval=1wk&range=5y&includeAdjustedClose=true
2026-05-29 21:52:39,993 [WARNING] services.market_data_service: OHLCV history failed for DUMMYVEDL2: 404 Client Error: Not Found for url: https://query1.finance.yahoo.com/v8/finance/chart/DUMMYVEDL2.NS?interval=1wk&range=5y&includeAdjustedClose=true
2026-05-29 21:52:40,201 [WARNING] services.market_data_service: OHLCV history failed for DUMMYVEDL3: 404 Client Error: Not Found for url: https://query1.finance.yahoo.com/v8/finance/chart/DUMMYVEDL3.NS?interval=1wk&range=5y&includeAdjustedClose=true
2026-05-29 21:52:40,362 [WARNING] services.market_data_service: OHLCV history failed for DUMMYVEDL2: 404 Client Error: Not Found for url: https://query1.finance.yahoo.com/v8/finance/chart/DUMMYVEDL2.NS?interval=1mo&range=max&includeAdjustedClose=true
2026-05-29 21:52:40,363 [WARNING] services.market_data_service: OHLCV history failed for DUMMYVEDL1: 404 Client Error: Not Found for url: https://query1.finance.yahoo.com/v8/finance/chart/DUMMYVEDL1.NS?interval=1mo&range=max&includeAdjustedClose=true
2026-05-29 21:52:40,365 [WARNING] services.market_data_service: OHLCV history failed for DUMMYVEDL4: 404 Client Error: Not Found for url: https://query1.finance.yahoo.com/v8/finance/chart/DUMMYVEDL4.NS?interval=1wk&range=5y&includeAdjustedClose=true
2026-05-29 21:52:40,550 [WARNING] services.market_data_service: OHLCV history failed for DUMMYVEDL3: 404 Client Error: Not Found for url: https://query1.finance.yahoo.com/v8/finance/chart/DUMMYVEDL3.NS?interval=1mo&range=max&includeAdjustedClose=true
2026-05-29 21:52:40,725 [WARNING] services.market_data_service: OHLCV history failed for DUMMYVEDL4: 404 Client Error: Not Found for url: https://query1.finance.yahoo.com/v8/finance/chart/DUMMYVEDL4.NS?interval=1mo&range=max&includeAdjustedClose=true
2026-05-29 21:54:34,159 [WARNING] services.market_data_service: OHLCV history failed for PHM: 500 Server Error: INKApi Error for url: https://query1.finance.yahoo.com/v8/finance/chart/PHM?interval=1d&range=1y&includeAdjustedClose=true
2026-05-29 22:10:54,423 [WARNING] services.nse_service: NSE API /api/quote-equity → 403
2026-05-29 22:10:54,432 [WARNING] services.nse_service: NSE API /api/quote-equity → 403
2026-05-29 22:10:54,437 [WARNING] services.nse_service: NSE API /api/quote-equity → 403
2026-05-29 22:10:54,476 [WARNING] services.nse_service: NSE API /api/quote-equity → 403
2026-05-29 22:10:54,478 [WARNING] services.nse_service: NSE API /api/quote-equity → 403
2026-05-29 22:10:54,479 [WARNING] services.nse_service: NSE API /api/quote-equity → 403
2026-05-29 22:10:54,479 [WARNING] services.nse_service: NSE API /api/quote-equity → 403
2026-05-29 22:10:54,483 [WARNING] services.nse_service: NSE API /api/quote-equity → 403
2026-05-29 22:10:54,850 [WARNING] services.market_data_service: OHLCV history failed for TATAMOTORS: 404 Client Error: Not Found for url: https://query1.finance.yahoo.com/v8/finance/chart/TATAMOTORS.NS?interval=1d&range=6mo&includeAdjustedClose=true
2026-05-29 22:10:55,213 [INFO] backend: GET /api/watchlist -> 200 in 1268ms
2026-05-29 22:11:18,565 [WARNING] services.nse_service: NSE API /api/quote-equity → 403
2026-05-29 22:11:18,607 [WARNING] services.nse_service: NSE API /api/quote-equity → 403
2026-05-29 22:11:18,609 [WARNING] services.nse_service: NSE API /api/quote-equity → 403
2026-05-29 22:11:18,618 [WARNING] services.nse_service: NSE API /api/quote-equity → 403
2026-05-29 22:11:18,622 [WARNING] services.nse_service: NSE API /api/quote-equity → 403
2026-05-29 22:11:18,630 [WARNING] services.nse_service: NSE API /api/quote-equity → 403
2026-05-29 22:11:18,660 [WARNING] services.nse_service: NSE API /api/quote-equity → 403
2026-05-29 22:11:18,795 [WARNING] services.market_data_service: OHLCV history failed for TATAMOTORS: 404 Client Error: Not Found for url: https://query1.finance.yahoo.com/v8/finance/chart/TATAMOTORS.NS?interval=1d&range=6mo&includeAdjustedClose=true
2026-05-29 22:11:20,446 [WARNING] services.nse_service: NSE API /api/quote-equity → 403
2026-05-29 22:11:20,447 [WARNING] services.nse_service: NSE API /api/quote-equity → 403
2026-05-29 22:11:20,448 [WARNING] services.nse_service: NSE API /api/quote-equity → 403
2026-05-29 22:11:20,452 [WARNING] services.nse_service: NSE API /api/quote-equity → 403
2026-05-29 22:11:20,478 [WARNING] services.nse_service: NSE API /api/quote-equity → 403
2026-05-29 22:11:20,479 [WARNING] services.nse_service: NSE API /api/quote-equity → 403
2026-05-29 22:11:20,635 [WARNING] services.market_data_service: OHLCV history failed for TATAMOTORS: 404 Client Error: Not Found for url: https://query1.finance.yahoo.com/v8/finance/chart/TATAMOTORS.NS?interval=1d&range=6mo&includeAdjustedClose=true
2026-05-29 22:11:21,277 [WARNING] services.nse_service: NSE API /api/quote-equity → 403
2026-05-29 22:11:21,284 [WARNING] services.nse_service: NSE API /api/quote-equity → 403
2026-05-29 22:11:21,292 [WARNING] services.nse_service: NSE API /api/quote-equity → 403
2026-05-29 22:11:21,306 [WARNING] services.nse_service: NSE API /api/quote-equity → 403
2026-05-29 22:11:21,310 [WARNING] services.nse_service: NSE API /api/quote-equity → 403
2026-05-29 22:11:21,595 [WARNING] services.market_data_service: OHLCV history failed for TATAMOTORS: 404 Client Error: Not Found for url: https://query1.finance.yahoo.com/v8/finance/chart/TATAMOTORS.NS?interval=1d&range=6mo&includeAdjustedClose=true
2026-05-29 22:11:22,171 [WARNING] services.nse_service: NSE API /api/quote-equity → 403
2026-05-29 22:11:22,172 [WARNING] services.nse_service: NSE API /api/quote-equity → 403
2026-05-29 22:11:22,173 [WARNING] services.nse_service: NSE API /api/quote-equity → 403
2026-05-29 22:11:22,174 [WARNING] services.nse_service: NSE API /api/quote-equity → 403
2026-05-29 22:11:22,339 [WARNING] services.market_data_service: OHLCV history failed for TATAMOTORS: 404 Client Error: Not Found for url: https://query1.finance.yahoo.com/v8/finance/chart/TATAMOTORS.NS?interval=1d&range=6mo&includeAdjustedClose=true
2026-05-29 22:11:22,945 [WARNING] services.nse_service: NSE API /api/quote-equity → 403
2026-05-29 22:11:22,946 [WARNING] services.nse_service: NSE API /api/quote-equity → 403
2026-05-29 22:11:22,947 [WARNING] services.nse_service: NSE API /api/quote-equity → 403
2026-05-29 22:11:23,114 [WARNING] services.market_data_service: OHLCV history failed for TATAMOTORS: 404 Client Error: Not Found for url: https://query1.finance.yahoo.com/v8/finance/chart/TATAMOTORS.NS?interval=1d&range=6mo&includeAdjustedClose=true
2026-05-29 22:11:23,595 [WARNING] services.nse_service: NSE API /api/quote-equity → 403
2026-05-29 22:11:23,595 [WARNING] services.nse_service: NSE API /api/quote-equity → 403
2026-05-29 22:11:24,444 [WARNING] services.nse_service: NSE API /api/quote-equity → 403
2026-05-29 22:11:33,261 [WARNING] services.nse_service: NSE API /api/quote-equity → 403
2026-05-29 22:11:33,498 [WARNING] services.market_data_service: OHLCV history failed for TSLA: 404 Client Error: Not Found for url: https://query1.finance.yahoo.com/v8/finance/chart/TSLA.NS?interval=1d&range=6mo&includeAdjustedClose=true
2026-05-29 22:11:53,874 [WARNING] services.nse_service: NSE API /api/quote-equity → 403
2026-05-29 22:11:53,875 [WARNING] services.nse_service: NSE API /api/quote-equity → 403
2026-05-29 22:11:54,034 [WARNING] services.market_data_service: OHLCV history failed for ADBE: 404 Client Error: Not Found for url: https://query1.finance.yahoo.com/v8/finance/chart/ADBE.NS?interval=1d&range=6mo&includeAdjustedClose=true
2026-05-29 22:11:54,035 [WARNING] services.market_data_service: OHLCV history failed for TSLA: 404 Client Error: Not Found for url: https://query1.finance.yahoo.com/v8/finance/chart/TSLA.NS?interval=1d&range=6mo&includeAdjustedClose=true
2026-05-29 22:14:37,315 [WARNING] services.nse_service: NSE API /api/quote-equity → 403
2026-05-29 22:14:37,316 [WARNING] services.nse_service: NSE API /api/quote-equity → 403
2026-05-29 22:14:37,319 [WARNING] services.nse_service: NSE API /api/quote-equity → 403
2026-05-29 22:14:37,483 [WARNING] services.market_data_service: OHLCV history failed for DXCM: 404 Client Error: Not Found for url: https://query1.finance.yahoo.com/v8/finance/chart/DXCM.NS?interval=1d&range=6mo&includeAdjustedClose=true
2026-05-29 22:14:37,498 [WARNING] services.market_data_service: OHLCV history failed for TSLA: 404 Client Error: Not Found for url: https://query1.finance.yahoo.com/v8/finance/chart/TSLA.NS?interval=1d&range=6mo&includeAdjustedClose=true
2026-05-29 22:14:37,506 [WARNING] services.market_data_service: OHLCV history failed for ADBE: 404 Client Error: Not Found for url: https://query1.finance.yahoo.com/v8/finance/chart/ADBE.NS?interval=1d&range=6mo&includeAdjustedClose=true
2026-05-29 22:16:55,396 [WARNING] services.nse_service: NSE API /api/quote-equity → 403
2026-05-29 22:16:55,403 [WARNING] services.nse_service: NSE API /api/quote-equity → 403
2026-05-29 22:16:55,408 [WARNING] services.nse_service: NSE API /api/quote-equity → 403
2026-05-29 22:16:55,417 [WARNING] services.nse_service: NSE API /api/quote-equity → 403
2026-05-29 22:16:55,569 [WARNING] services.market_data_service: OHLCV history failed for ADBE: 404 Client Error: Not Found for url: https://query1.finance.yahoo.com/v8/finance/chart/ADBE.NS?interval=1d&range=6mo&includeAdjustedClose=true
2026-05-29 22:16:55,621 [WARNING] services.market_data_service: OHLCV history failed for MSFT: 404 Client Error: Not Found for url: https://query1.finance.yahoo.com/v8/finance/chart/MSFT.NS?interval=1d&range=6mo&includeAdjustedClose=true
2026-05-29 22:16:55,623 [WARNING] services.market_data_service: OHLCV history failed for TSLA: 404 Client Error: Not Found for url: https://query1.finance.yahoo.com/v8/finance/chart/TSLA.NS?interval=1d&range=6mo&includeAdjustedClose=true
2026-05-29 22:16:55,980 [WARNING] services.market_data_service: OHLCV history failed for DXCM: 404 Client Error: Not Found for url: https://query1.finance.yahoo.com/v8/finance/chart/DXCM.NS?interval=1d&range=6mo&includeAdjustedClose=true
2026-05-29 22:18:23,098 [WARNING] services.nse_service: NSE API /api/quote-equity → 403
2026-05-29 22:18:23,112 [WARNING] services.nse_service: NSE API /api/quote-equity → 403
2026-05-29 22:18:23,113 [WARNING] services.nse_service: NSE API /api/quote-equity → 403
2026-05-29 22:18:23,116 [WARNING] services.nse_service: NSE API /api/quote-equity → 403
2026-05-29 22:18:23,164 [WARNING] services.nse_service: NSE API /api/quote-equity → 403
2026-05-29 22:18:23,289 [WARNING] services.market_data_service: OHLCV history failed for DXCM: 404 Client Error: Not Found for url: https://query1.finance.yahoo.com/v8/finance/chart/DXCM.NS?interval=1d&range=6mo&includeAdjustedClose=true
2026-05-29 22:18:23,303 [WARNING] services.market_data_service: OHLCV history failed for ADBE: 404 Client Error: Not Found for url: https://query1.finance.yahoo.com/v8/finance/chart/ADBE.NS?interval=1d&range=6mo&includeAdjustedClose=true
2026-05-29 22:18:23,315 [WARNING] services.market_data_service: OHLCV history failed for MSFT: 404 Client Error: Not Found for url: https://query1.finance.yahoo.com/v8/finance/chart/MSFT.NS?interval=1d&range=6mo&includeAdjustedClose=true
2026-05-29 22:18:23,408 [WARNING] services.market_data_service: OHLCV history failed for TSLA: 404 Client Error: Not Found for url: https://query1.finance.yahoo.com/v8/finance/chart/TSLA.NS?interval=1d&range=6mo&includeAdjustedClose=true
2026-05-29 22:18:23,452 [WARNING] services.market_data_service: OHLCV history failed for PLTR: 404 Client Error: Not Found for url: https://query1.finance.yahoo.com/v8/finance/chart/PLTR.NS?interval=1d&range=6mo&includeAdjustedClose=true
2026-05-29 22:19:54,130 [WARNING] services.market_data_service: OHLCV history failed for WBA: 404 Client Error: Not Found for url: https://query1.finance.yahoo.com/v8/finance/chart/WBA?interval=1d&range=1y&includeAdjustedClose=true
2026-05-29 22:21:05,214 [WARNING] services.market_data_service: OHLCV history failed for WBA: 404 Client Error: Not Found for url: https://query1.finance.yahoo.com/v8/finance/chart/WBA?interval=1d&range=1y&includeAdjustedClose=true
2026-05-29 22:21:15,218 [WARNING] services.market_data_service: OHLCV history failed for WBA: 404 Client Error: Not Found for url: https://query1.finance.yahoo.com/v8/finance/chart/WBA?interval=1d&range=1y&includeAdjustedClose=true
2026-05-29 22:21:28,742 [WARNING] services.market_data_service: OHLCV history failed for DUMMYVEDL1: 404 Client Error: Not Found for url: https://query1.finance.yahoo.com/v8/finance/chart/DUMMYVEDL1.NS?interval=1d&range=1y&includeAdjustedClose=true
2026-05-29 22:21:28,776 [WARNING] services.market_data_service: OHLCV history failed for DUMMYVEDL4: 404 Client Error: Not Found for url: https://query1.finance.yahoo.com/v8/finance/chart/DUMMYVEDL4.NS?interval=1d&range=1y&includeAdjustedClose=true
2026-05-29 22:21:28,813 [WARNING] services.market_data_service: OHLCV history failed for DUMMYVEDL3: 404 Client Error: Not Found for url: https://query1.finance.yahoo.com/v8/finance/chart/DUMMYVEDL3.NS?interval=1d&range=1y&includeAdjustedClose=true
2026-05-29 22:21:28,902 [WARNING] services.market_data_service: OHLCV history failed for DUMMYVEDL2: 404 Client Error: Not Found for url: https://query1.finance.yahoo.com/v8/finance/chart/DUMMYVEDL2.NS?interval=1d&range=1y&includeAdjustedClose=true
2026-05-29 22:41:44,733 [INFO] backend: Backend shutting down
2026-05-29 22:41:48,724 [INFO] backend: Stock Intelligence Platform backend v2.0.0 starting (log: C:\Users\mohan\Stock App\stock-intelligence-platform\storage\logs\backend.log)
2026-05-29 22:46:47,100 [INFO] backend: Backend shutting down
2026-05-29 22:46:50,558 [INFO] backend: Stock Intelligence Platform backend v2.0.0 starting (log: C:\Users\mohan\Stock App\stock-intelligence-platform\storage\logs\backend.log)
2026-05-29 22:48:07,980 [INFO] backend: Backend shutting down
2026-05-29 22:48:09,763 [INFO] backend: Stock Intelligence Platform backend v2.0.0 starting (log: C:\Users\mohan\Stock App\stock-intelligence-platform\storage\logs\backend.log)
2026-05-29 22:48:16,928 [INFO] backend: Backend shutting down
2026-05-29 22:56:21,063 [INFO] backend: Stock Intelligence Platform backend v2.0.0 starting (log: C:\Users\mohan\Stock App\stock-intelligence-platform\storage\logs\backend.log)
2026-05-29 22:56:57,442 [WARNING] services.nse_service: NSE API /api/equity-stockIndices → 404
2026-05-29 22:56:57,453 [WARNING] services.nse_service: NSE API /api/equity-stockIndices → 404
2026-05-29 22:56:57,479 [WARNING] services.nse_service: NSE API /api/equity-stockIndices → 404
2026-05-29 22:56:57,506 [WARNING] services.nse_service: NSE API /api/equity-stockIndices → 404
2026-05-29 22:56:57,530 [WARNING] services.nse_service: NSE API /api/equity-stockIndices → 404
2026-05-29 22:56:57,575 [WARNING] services.nse_service: NSE API /api/equity-stockIndices → 404
2026-05-29 22:56:57,604 [WARNING] services.nse_service: NSE API /api/equity-stockIndices → 404
2026-05-29 22:56:57,635 [WARNING] services.nse_service: NSE API /api/equity-stockIndices → 404
2026-05-29 22:56:57,649 [WARNING] services.nse_service: NSE API /api/equity-stockIndices → 404
2026-05-29 22:56:57,687 [WARNING] services.nse_service: NSE API /api/equity-stockIndices → 404
2026-05-29 22:56:57,721 [WARNING] services.nse_service: NSE API /api/equity-stockIndices → 404
2026-05-29 22:56:57,766 [WARNING] services.nse_service: NSE API /api/equity-stockIndices → 404
2026-05-29 22:56:57,831 [WARNING] services.nse_service: NSE API /api/equity-stockIndices → 404
2026-05-29 22:56:57,895 [WARNING] services.nse_service: NSE API /api/equity-stockIndices → 404
2026-05-29 22:56:57,961 [WARNING] services.nse_service: NSE API /api/equity-stockIndices → 404
2026-05-29 22:56:58,031 [WARNING] services.nse_service: NSE API /api/equity-stockIndices → 404
2026-05-29 22:56:58,104 [WARNING] services.nse_service: NSE API /api/equity-stockIndices → 404
2026-05-29 22:57:20,855 [WARNING] services.nse_service: NSE API /api/equity-stockIndices → 404
2026-05-29 22:57:22,148 [INFO] backend: GET /api/market/status -> 200 in 1640ms
2026-05-29 22:57:22,154 [WARNING] services.nse_service: NSE API /api/equity-stockIndices → 404
2026-05-29 22:57:22,170 [INFO] backend: GET /api/market/fii-dii -> 200 in 1653ms
2026-05-29 22:57:22,206 [WARNING] services.nse_service: NSE API /api/equity-stockIndices → 404
2026-05-29 22:57:22,209 [WARNING] services.nse_service: NSE API /api/equity-stockIndices → 404
2026-05-29 22:57:22,275 [WARNING] services.nse_service: NSE API /api/equity-stockIndices → 404
2026-05-29 22:57:22,282 [WARNING] services.nse_service: NSE API /api/equity-stockIndices → 404
2026-05-29 22:57:22,314 [WARNING] services.nse_service: NSE API /api/equity-stockIndices → 404
2026-05-29 22:57:22,342 [WARNING] services.nse_service: NSE API /api/equity-stockIndices → 404
2026-05-29 22:57:22,357 [WARNING] services.nse_service: NSE API /api/equity-stockIndices → 404
2026-05-29 22:57:22,402 [WARNING] services.nse_service: NSE API /api/equity-stockIndices → 404
2026-05-29 22:57:22,430 [WARNING] services.nse_service: NSE API /api/equity-stockIndices → 404
2026-05-29 22:57:22,431 [INFO] backend: GET /api/market/indices -> 200 in 1916ms
2026-05-29 22:57:22,466 [WARNING] services.nse_service: NSE API /api/equity-stockIndices → 404
2026-05-29 22:57:22,537 [WARNING] services.nse_service: NSE API /api/equity-stockIndices → 404
2026-05-29 22:57:22,597 [WARNING] services.nse_service: NSE API /api/equity-stockIndices → 404
2026-05-29 22:57:22,663 [WARNING] services.nse_service: NSE API /api/equity-stockIndices → 404
2026-05-29 22:57:22,764 [WARNING] services.nse_service: NSE API /api/equity-stockIndices → 404
2026-05-29 22:57:22,810 [WARNING] services.nse_service: NSE API /api/equity-stockIndices → 404
2026-05-29 22:57:22,812 [INFO] backend: GET /api/market/sectors -> 200 in 2296ms
2026-05-29 22:57:33,865 [INFO] services.us_market_service: YF session refreshed, crumb=ZgxhxD…
2026-05-29 22:57:34,044 [INFO] backend: GET /api/market/sectors -> 200 in 1137ms
2026-05-29 22:57:34,064 [INFO] backend: GET /api/market/status -> 200 in 1165ms
2026-05-29 22:57:35,212 [INFO] backend: GET /api/market/indices -> 200 in 2305ms
2026-05-29 23:09:55,811 [INFO] backend: GET /api/market/fii-dii -> 200 in 4585ms
2026-05-29 23:09:55,814 [WARNING] services.nse_service: NSE API /api/equity-stockIndices → 404
2026-05-29 23:09:55,830 [INFO] backend: GET /api/market/status -> 200 in 4572ms
2026-05-29 23:09:55,835 [WARNING] services.nse_service: NSE API /api/equity-stockIndices → 404
2026-05-29 23:09:55,863 [WARNING] services.nse_service: NSE API /api/equity-stockIndices → 404
2026-05-29 23:09:55,938 [WARNING] services.nse_service: NSE API /api/equity-stockIndices → 404
2026-05-29 23:09:55,939 [WARNING] services.nse_service: NSE API /api/equity-stockIndices → 404
2026-05-29 23:09:56,018 [WARNING] services.nse_service: NSE API /api/equity-stockIndices → 404
2026-05-29 23:09:56,024 [WARNING] services.nse_service: NSE API /api/equity-stockIndices → 404
2026-05-29 23:09:56,093 [WARNING] services.nse_service: NSE API /api/equity-stockIndices → 404
2026-05-29 23:09:56,151 [WARNING] services.nse_service: NSE API /api/equity-stockIndices → 404
2026-05-29 23:09:56,157 [WARNING] services.nse_service: NSE API /api/equity-stockIndices → 404
2026-05-29 23:09:56,218 [WARNING] services.nse_service: NSE API /api/equity-stockIndices → 404
2026-05-29 23:09:56,220 [WARNING] services.nse_service: NSE API /api/equity-stockIndices → 404
2026-05-29 23:09:56,223 [INFO] backend: GET /api/market/indices -> 200 in 4965ms
2026-05-29 23:09:56,294 [WARNING] services.nse_service: NSE API /api/equity-stockIndices → 404
2026-05-29 23:09:56,395 [WARNING] services.nse_service: NSE API /api/equity-stockIndices → 404
2026-05-29 23:09:56,485 [WARNING] services.nse_service: NSE API /api/equity-stockIndices → 404
2026-05-29 23:09:56,562 [WARNING] services.nse_service: NSE API /api/equity-stockIndices → 404
2026-05-29 23:09:56,654 [WARNING] services.nse_service: NSE API /api/equity-stockIndices → 404
2026-05-29 23:09:56,655 [INFO] backend: GET /api/market/sectors -> 200 in 5397ms
2026-05-29 23:21:35,202 [INFO] backend: Stock Intelligence Platform backend v2.0.0 starting (log: C:\Users\mohan\Stock App\stock-intelligence-platform\storage\logs\backend.log)
2026-05-29 23:21:56,400 [WARNING] services.nse_service: NSE API /api/equity-stockIndices → 404
2026-05-29 23:21:56,494 [WARNING] services.nse_service: NSE API /api/equity-stockIndices → 404
2026-05-29 23:21:56,581 [WARNING] services.nse_service: NSE API /api/equity-stockIndices → 404
2026-05-29 23:21:56,818 [WARNING] services.nse_service: NSE API /api/equity-stockIndices → 404
2026-05-29 23:21:56,835 [WARNING] services.nse_service: NSE API /api/equity-stockIndices → 404
2026-05-29 23:21:57,258 [WARNING] services.nse_service: NSE API /api/equity-stockIndices → 404
2026-05-29 23:21:57,302 [WARNING] services.nse_service: NSE API /api/equity-stockIndices → 404
2026-05-29 23:21:57,343 [WARNING] services.nse_service: NSE API /api/equity-stockIndices → 404
2026-05-29 23:21:57,410 [WARNING] services.nse_service: NSE API /api/equity-stockIndices → 404
2026-05-29 23:21:57,414 [INFO] backend: GET /api/market/indices -> 200 in 1185ms
2026-05-29 23:21:57,425 [WARNING] services.nse_service: NSE API /api/equity-stockIndices → 404
2026-05-29 23:21:57,526 [WARNING] services.nse_service: NSE API /api/equity-stockIndices → 404
2026-05-29 23:21:57,594 [WARNING] services.nse_service: NSE API /api/equity-stockIndices → 404
2026-05-29 23:21:57,675 [WARNING] services.nse_service: NSE API /api/equity-stockIndices → 404
2026-05-29 23:21:57,787 [WARNING] services.nse_service: NSE API /api/equity-stockIndices → 404
2026-05-29 23:21:57,858 [WARNING] services.nse_service: NSE API /api/equity-stockIndices → 404
2026-05-29 23:21:57,927 [WARNING] services.nse_service: NSE API /api/equity-stockIndices → 404
2026-05-29 23:21:58,033 [WARNING] services.nse_service: NSE API /api/equity-stockIndices → 404
2026-05-29 23:21:58,034 [INFO] backend: GET /api/market/sectors -> 200 in 1367ms
2026-05-29 23:21:58,181 [WARNING] services.nse_service: NSE API /api/equity-stockIndices → 404
2026-05-29 23:21:58,249 [WARNING] services.nse_service: NSE API /api/equity-stockIndices → 404
2026-05-29 23:21:58,252 [WARNING] services.nse_service: NSE API /api/equity-stockIndices → 404
2026-05-29 23:21:58,308 [WARNING] services.nse_service: NSE API /api/equity-stockIndices → 404
2026-05-29 23:21:58,309 [WARNING] services.nse_service: NSE API /api/equity-stockIndices → 404
2026-05-29 23:21:58,377 [WARNING] services.nse_service: NSE API /api/equity-stockIndices → 404
2026-05-29 23:21:58,396 [WARNING] services.nse_service: NSE API /api/equity-stockIndices → 404
2026-05-29 23:21:58,444 [WARNING] services.nse_service: NSE API /api/equity-stockIndices → 404
2026-05-29 23:21:58,458 [WARNING] services.nse_service: NSE API /api/equity-stockIndices → 404
2026-05-29 23:21:58,509 [WARNING] services.nse_service: NSE API /api/equity-stockIndices → 404
2026-05-29 23:21:58,520 [WARNING] services.nse_service: NSE API /api/equity-stockIndices → 404
2026-05-29 23:21:58,594 [WARNING] services.nse_service: NSE API /api/equity-stockIndices → 404
2026-05-29 23:21:58,650 [WARNING] services.nse_service: NSE API /api/equity-stockIndices → 404
2026-05-29 23:21:58,717 [WARNING] services.nse_service: NSE API /api/equity-stockIndices → 404
2026-05-29 23:21:58,771 [WARNING] services.nse_service: NSE API /api/equity-stockIndices → 404
2026-05-29 23:21:58,834 [WARNING] services.nse_service: NSE API /api/equity-stockIndices → 404
2026-05-29 23:21:58,905 [WARNING] services.nse_service: NSE API /api/equity-stockIndices → 404
2026-05-29 23:22:05,699 [INFO] backend: GET /api/fno/allIndices -> 404 in 2ms
2026-05-29 23:22:05,712 [INFO] backend: GET /api/fno/quote-derivative -> 404 in 1ms
2026-05-29 23:22:05,731 [INFO] backend: GET /api/fno/option-chain-indices -> 404 in 1ms
2026-05-29 23:22:05,744 [INFO] backend: GET /api/fno/option-chain-indices -> 404 in 1ms
2026-05-29 23:22:05,746 [INFO] backend: GET /api/fno/option-chain-indices -> 404 in 3ms
2026-05-29 23:22:05,750 [INFO] backend: GET /api/fno/live-analysis-oi-spurts-underlyings -> 404 in 1ms
2026-05-29 23:22:05,766 [INFO] backend: GET /api/fno/quote-derivative -> 404 in 1ms
2026-05-29 23:22:05,781 [INFO] backend: GET /api/fno/quote-derivative -> 404 in 1ms
2026-05-29 23:22:06,729 [INFO] backend: GET /api/fno/allIndices -> 404 in 1ms
2026-05-29 23:22:06,757 [INFO] backend: GET /api/fno/option-chain-indices -> 404 in 1ms
2026-05-29 23:22:06,768 [INFO] backend: GET /api/fno/option-chain-indices -> 404 in 1ms
2026-05-29 23:22:06,774 [INFO] backend: GET /api/fno/option-chain-indices -> 404 in 1ms
2026-05-29 23:22:22,441 [INFO] backend: GET /api/fno/option-chain-indices -> 404 in 2ms
2026-05-29 23:22:23,479 [INFO] backend: GET /api/fno/option-chain-indices -> 404 in 1ms
2026-05-29 23:22:33,198 [INFO] backend: GET /api/fno/option-chain-indices -> 404 in 2ms
2026-05-29 23:22:33,202 [INFO] backend: GET /api/fno/option-chain-indices -> 404 in 1ms
2026-05-29 23:22:33,207 [INFO] backend: GET /api/fno/option-chain-indices -> 404 in 1ms
2026-05-29 23:22:33,210 [INFO] backend: GET /api/fno/allIndices -> 404 in 1ms
2026-05-29 23:22:34,224 [INFO] backend: GET /api/fno/option-chain-indices -> 404 in 1ms
2026-05-29 23:22:34,237 [INFO] backend: GET /api/fno/option-chain-indices -> 404 in 1ms
2026-05-29 23:22:34,240 [INFO] backend: GET /api/fno/allIndices -> 404 in 1ms
2026-05-29 23:22:34,241 [INFO] backend: GET /api/fno/option-chain-indices -> 404 in 2ms
2026-05-29 23:23:34,257 [INFO] backend: GET /api/fno/option-chain-indices -> 404 in 1ms
2026-05-29 23:23:34,272 [INFO] backend: GET /api/fno/option-chain-indices -> 404 in 1ms
2026-05-29 23:23:34,274 [INFO] backend: GET /api/fno/allIndices -> 404 in 1ms
2026-05-29 23:23:34,284 [INFO] backend: GET /api/fno/option-chain-indices -> 404 in 1ms
2026-05-29 23:23:35,282 [INFO] backend: GET /api/fno/option-chain-indices -> 404 in 0ms
2026-05-29 23:23:35,298 [INFO] backend: GET /api/fno/option-chain-indices -> 404 in 1ms
2026-05-29 23:23:35,307 [INFO] backend: GET /api/fno/allIndices -> 404 in 1ms
2026-05-29 23:23:35,308 [INFO] backend: GET /api/fno/option-chain-indices -> 404 in 1ms
2026-05-29 23:24:35,306 [INFO] backend: GET /api/fno/option-chain-indices -> 404 in 1ms
2026-05-29 23:24:35,320 [INFO] backend: GET /api/fno/option-chain-indices -> 404 in 1ms
2026-05-29 23:24:35,332 [INFO] backend: GET /api/fno/allIndices -> 404 in 1ms
2026-05-29 23:24:35,334 [INFO] backend: GET /api/fno/option-chain-indices -> 404 in 3ms
2026-05-29 23:24:36,333 [INFO] backend: GET /api/fno/option-chain-indices -> 404 in 1ms
2026-05-29 23:24:36,336 [INFO] backend: GET /api/fno/option-chain-indices -> 404 in 1ms
2026-05-29 23:24:36,348 [INFO] backend: GET /api/fno/allIndices -> 404 in 1ms
2026-05-29 23:24:36,351 [INFO] backend: GET /api/fno/option-chain-indices -> 404 in 1ms
2026-05-29 23:25:36,349 [INFO] backend: GET /api/fno/option-chain-indices -> 404 in 1ms
2026-05-29 23:25:36,352 [INFO] backend: GET /api/fno/option-chain-indices -> 404 in 1ms
2026-05-29 23:25:36,365 [INFO] backend: GET /api/fno/allIndices -> 404 in 1ms
2026-05-29 23:25:36,368 [INFO] backend: GET /api/fno/option-chain-indices -> 404 in 1ms
2026-05-29 23:25:37,365 [INFO] backend: GET /api/fno/option-chain-indices -> 404 in 0ms
2026-05-29 23:25:37,378 [INFO] backend: GET /api/fno/option-chain-indices -> 404 in 1ms
2026-05-29 23:25:37,386 [INFO] backend: GET /api/fno/allIndices -> 404 in 1ms
2026-05-29 23:25:37,390 [INFO] backend: GET /api/fno/option-chain-indices -> 404 in 2ms
2026-05-29 23:26:37,385 [INFO] backend: GET /api/fno/option-chain-indices -> 404 in 1ms
2026-05-29 23:26:37,398 [INFO] backend: GET /api/fno/option-chain-indices -> 404 in 1ms
2026-05-29 23:26:37,403 [INFO] backend: GET /api/fno/allIndices -> 404 in 0ms
2026-05-29 23:26:37,410 [INFO] backend: GET /api/fno/option-chain-indices -> 404 in 1ms
2026-05-29 23:26:38,400 [INFO] backend: GET /api/fno/option-chain-indices -> 404 in 1ms
2026-05-29 23:26:38,414 [INFO] backend: GET /api/fno/option-chain-indices -> 404 in 1ms
2026-05-29 23:26:38,434 [INFO] backend: GET /api/fno/allIndices -> 404 in 4ms
2026-05-29 23:26:38,443 [INFO] backend: GET /api/fno/option-chain-indices -> 404 in 3ms
2026-05-29 23:27:44,013 [INFO] backend: GET /api/fno/allIndices -> 404 in 0ms
2026-05-29 23:29:30,928 [INFO] backend: GET /api/fno/allIndices -> 404 in 5ms
2026-05-29 23:35:11,729 [INFO] backend: Backend shutting down
2026-05-29 23:35:14,377 [INFO] backend: Stock Intelligence Platform backend v2.0.0 starting (log: C:\Users\mohan\Stock App\stock-intelligence-platform\storage\logs\backend.log)
2026-05-29 23:41:32,110 [WARNING] services.fno_data_service: FNO NSE API /api/allIndices failed: Expecting value: line 1 column 1 (char 0)
2026-05-29 23:41:51,696 [WARNING] services.fno_data_service: FNO NSE API /api/allIndices failed: Expecting value: line 1 column 1 (char 0)
2026-05-29 23:41:53,912 [WARNING] services.fno_data_service: FNO NSE API /api/allIndices failed: Expecting value: line 1 column 1 (char 0)
2026-05-29 23:44:32,553 [INFO] backend: Backend shutting down
2026-05-29 23:44:35,069 [INFO] backend: Stock Intelligence Platform backend v2.0.0 starting (log: C:\Users\mohan\Stock App\stock-intelligence-platform\storage\logs\backend.log)
2026-05-29 23:53:20,391 [INFO] backend: GET /api/fno/vix -> 200 in 1279ms
2026-05-29 23:53:20,480 [INFO] backend: Backend shutting down
2026-05-29 23:53:22,346 [INFO] backend: Stock Intelligence Platform backend v2.0.0 starting (log: C:\Users\mohan\Stock App\stock-intelligence-platform\storage\logs\backend.log)
2026-05-29 23:53:25,212 [INFO] backend: GET /api/fno/oi-spurts -> 200 in 1316ms
2026-05-29 23:54:07,624 [INFO] backend: Backend shutting down
2026-05-29 23:54:12,999 [INFO] backend: Stock Intelligence Platform backend v2.0.0 starting (log: C:\Users\mohan\Stock App\stock-intelligence-platform\storage\logs\backend.log)
2026-05-29 23:54:33,291 [INFO] backend: GET /api/fno/option-chain-indices -> 404 in 4ms
2026-05-29 23:54:33,293 [INFO] backend: GET /api/fno/option-chain-indices -> 404 in 4ms
2026-05-29 23:54:33,296 [INFO] backend: GET /api/fno/option-chain-indices -> 404 in 5ms
2026-05-29 23:54:33,297 [INFO] backend: GET /api/fno/allIndices -> 404 in 6ms
2026-05-29 23:54:34,318 [INFO] backend: GET /api/fno/option-chain-indices -> 404 in 1ms
2026-05-29 23:54:34,333 [INFO] backend: GET /api/fno/option-chain-indices -> 404 in 1ms
2026-05-29 23:54:34,336 [INFO] backend: GET /api/fno/allIndices -> 404 in 2ms
2026-05-29 23:54:34,338 [INFO] backend: GET /api/fno/option-chain-indices -> 404 in 4ms
2026-05-29 23:54:45,744 [WARNING] services.fno_data_service: FNO NSE API /api/option-chain-indices → 404
2026-05-29 23:54:45,749 [INFO] backend: GET /api/fno/pcr -> 200 in 1494ms
2026-05-29 23:54:45,782 [WARNING] services.fno_data_service: FNO NSE API /api/option-chain-indices → 404
2026-05-29 23:54:45,782 [WARNING] services.fno_data_service: FNO NSE API /api/option-chain-indices → 404
2026-05-29 23:54:45,786 [INFO] backend: GET /api/fno/pcr -> 200 in 1511ms
2026-05-29 23:54:45,788 [INFO] backend: GET /api/fno/pcr -> 200 in 1515ms
2026-05-29 23:54:45,884 [INFO] backend: GET /api/fno/vix -> 200 in 1608ms
2026-05-29 23:55:08,085 [WARNING] services.fno_data_service: FNO NSE API /api/option-chain-indices → 404
2026-05-29 23:55:16,075 [WARNING] services.fno_data_service: FNO NSE API /api/option-chain-indices → 404
2026-05-29 23:55:29,139 [WARNING] services.fno_data_service: FNO NSE API /api/option-chain-indices → 404
2026-05-29 23:55:29,159 [WARNING] services.fno_data_service: FNO NSE API /api/option-chain-indices → 404
2026-05-29 23:55:29,160 [WARNING] services.fno_data_service: FNO NSE API /api/option-chain-indices → 404
2026-05-29 23:55:29,206 [WARNING] services.fno_data_service: FNO NSE API /api/option-chain-indices → 404
2026-05-29 23:55:29,282 [WARNING] services.fno_data_service: FNO NSE API /api/option-chain-indices → 404
2026-05-29 23:55:29,286 [WARNING] services.fno_data_service: FNO NSE API /api/option-chain-indices → 404
2026-05-29 23:55:31,869 [WARNING] services.fno_data_service: FNO NSE API /api/option-chain-indices → 404
2026-05-29 23:55:31,881 [WARNING] services.fno_data_service: FNO NSE API /api/option-chain-indices → 404
2026-05-29 23:55:31,894 [WARNING] services.fno_data_service: FNO NSE API /api/option-chain-indices → 404
2026-05-29 23:55:31,906 [WARNING] services.fno_data_service: FNO NSE API /api/option-chain-indices → 404
2026-05-29 23:55:31,947 [WARNING] services.fno_data_service: FNO NSE API /api/option-chain-indices → 404
2026-05-29 23:55:31,999 [WARNING] services.fno_data_service: FNO NSE API /api/option-chain-indices → 404
2026-05-29 23:55:32,930 [WARNING] services.fno_data_service: FNO NSE API /api/option-chain-indices → 404
2026-05-29 23:55:32,953 [WARNING] services.fno_data_service: FNO NSE API /api/option-chain-indices → 404
2026-05-29 23:55:32,972 [WARNING] services.fno_data_service: FNO NSE API /api/option-chain-indices → 404
2026-05-29 23:55:32,973 [WARNING] services.fno_data_service: FNO NSE API /api/option-chain-indices → 404
2026-05-29 23:55:33,040 [WARNING] services.fno_data_service: FNO NSE API /api/option-chain-indices → 404
2026-05-29 23:55:33,041 [WARNING] services.fno_data_service: FNO NSE API /api/option-chain-indices → 404
2026-05-29 23:55:39,213 [WARNING] services.fno_data_service: FNO NSE API /api/option-chain-indices → 404
2026-05-29 23:55:39,214 [WARNING] services.fno_data_service: FNO NSE API /api/option-chain-indices → 404
2026-05-29 23:55:39,223 [WARNING] services.fno_data_service: FNO NSE API /api/option-chain-indices → 404
2026-05-29 23:55:39,244 [WARNING] services.fno_data_service: FNO NSE API /api/option-chain-indices → 404
2026-05-29 23:55:39,295 [WARNING] services.fno_data_service: FNO NSE API /api/option-chain-indices → 404
2026-05-29 23:55:39,320 [WARNING] services.fno_data_service: FNO NSE API /api/option-chain-indices → 404
2026-05-29 23:55:52,422 [WARNING] services.fno_data_service: FNO NSE API /api/option-chain-indices → 404
2026-05-29 23:55:52,470 [WARNING] services.fno_data_service: FNO NSE API /api/option-chain-indices → 404
2026-05-29 23:55:52,488 [WARNING] services.fno_data_service: FNO NSE API /api/option-chain-indices → 404
2026-05-29 23:55:52,539 [WARNING] services.fno_data_service: FNO NSE API /api/option-chain-indices → 404
2026-05-29 23:55:52,608 [WARNING] services.fno_data_service: FNO NSE API /api/option-chain-indices → 404
2026-05-29 23:55:52,628 [WARNING] services.fno_data_service: FNO NSE API /api/option-chain-indices → 404
2026-05-29 23:55:58,456 [WARNING] services.fno_data_service: FNO NSE API /api/option-chain-indices → 404
2026-05-29 23:56:13,512 [WARNING] services.fno_data_service: FNO NSE API /api/option-chain-indices → 404
2026-05-29 23:56:13,609 [WARNING] services.fno_data_service: FNO NSE API /api/option-chain-indices → 404
2026-05-29 23:56:13,610 [WARNING] services.fno_data_service: FNO NSE API /api/option-chain-indices → 404
2026-05-29 23:56:13,610 [WARNING] services.fno_data_service: FNO NSE API /api/option-chain-indices → 404
2026-05-29 23:56:13,692 [WARNING] services.fno_data_service: FNO NSE API /api/option-chain-indices → 404
2026-05-29 23:56:13,700 [WARNING] services.fno_data_service: FNO NSE API /api/option-chain-indices → 404
2026-05-29 23:56:33,490 [WARNING] services.fno_data_service: FNO NSE API /api/option-chain-indices → 404
2026-05-29 23:56:39,818 [WARNING] services.fno_data_service: FNO NSE API /api/option-chain-indices → 404
2026-05-29 23:57:12,147 [WARNING] services.fno_data_service: FNO NSE API /api/option-chain-indices → 404
2026-05-29 23:57:24,859 [WARNING] services.fno_data_service: FNO NSE API /api/option-chain-indices → 404
2026-05-29 23:57:24,881 [WARNING] services.fno_data_service: FNO NSE API /api/option-chain-indices → 404
2026-05-29 23:57:24,923 [WARNING] services.fno_data_service: FNO NSE API /api/option-chain-indices → 404
2026-05-29 23:57:36,336 [WARNING] services.fno_data_service: FNO NSE API /api/option-chain-indices → 404
2026-05-29 23:57:48,702 [WARNING] services.fno_data_service: FNO NSE API /api/option-chain-indices → 404
2026-05-29 23:57:58,964 [WARNING] services.fno_data_service: FNO NSE API /api/quote-derivative?symbol=NIFTY → 404
2026-05-29 23:57:58,978 [WARNING] services.fno_data_service: FNO NSE API /api/option-chain-indices → 404
2026-05-29 23:57:58,980 [WARNING] services.fno_data_service: FNO NSE API /api/quote-derivative?symbol=BANKNIFTY → 404
2026-05-29 23:57:59,025 [WARNING] services.fno_data_service: FNO NSE API /api/quote-derivative?symbol=FINNIFTY → 404
2026-05-29 23:57:59,059 [WARNING] services.fno_data_service: FNO NSE API /api/option-chain-indices → 404
2026-05-29 23:57:59,232 [WARNING] services.fno_data_service: FNO NSE API /api/option-chain-indices → 404
2026-05-29 23:57:59,319 [WARNING] services.fno_data_service: FNO NSE API /api/quote-derivative?symbol=MIDCPNIFTY → 404
2026-05-30 00:01:45,595 [INFO] backend: GET /api/fno/scan -> 404 in 12ms
2026-05-30 00:01:45,824 [INFO] backend: Backend shutting down
2026-05-30 00:01:47,893 [INFO] backend: Stock Intelligence Platform backend v2.0.0 starting (log: C:\Users\mohan\Stock App\stock-intelligence-platform\storage\logs\backend.log)
2026-05-30 00:01:52,961 [INFO] backend: GET /api/fno/scan -> 200 in 1292ms
2026-05-30 00:09:26,123 [INFO] backend: GET /api/fno/scan -> 200 in 1864ms
2026-05-30 00:09:58,624 [INFO] backend: Backend shutting down
2026-05-30 00:10:06,875 [INFO] backend: Stock Intelligence Platform backend v2.0.0 starting (log: C:\Users\mohan\Stock App\stock-intelligence-platform\storage\logs\backend.log)
2026-05-30 00:10:30,422 [INFO] backend: GET /api/fno/vix -> 200 in 1681ms
2026-05-30 00:10:30,451 [WARNING] services.fno_data_service: FNO NSE API /api/option-chain-indices → 404
2026-05-30 00:10:30,454 [INFO] backend: GET /api/fno/pcr -> 200 in 1698ms
2026-05-30 00:10:30,472 [WARNING] services.fno_data_service: FNO NSE API /api/quote-derivative?symbol=NIFTY → 404
2026-05-30 00:10:30,473 [WARNING] services.fno_data_service: FNO NSE API /api/quote-derivative?symbol=BANKNIFTY → 404
2026-05-30 00:10:30,490 [WARNING] services.fno_data_service: FNO NSE API /api/quote-derivative?symbol=FINNIFTY → 404
2026-05-30 00:10:30,504 [WARNING] services.fno_data_service: FNO NSE API /api/quote-derivative?symbol=MIDCPNIFTY → 404
2026-05-30 00:10:30,504 [WARNING] services.fno_data_service: FNO NSE API /api/option-chain-indices → 404
2026-05-30 00:10:30,506 [WARNING] services.fno_data_service: FNO NSE API /api/option-chain-indices → 404
2026-05-30 00:10:30,515 [INFO] backend: GET /api/fno/pcr -> 200 in 1758ms
2026-05-30 00:10:30,522 [INFO] backend: GET /api/fno/index-futures -> 200 in 1767ms
2026-05-30 00:10:30,526 [INFO] backend: GET /api/fno/pcr -> 200 in 1768ms
2026-05-30 00:10:30,544 [INFO] backend: GET /api/fno/oi-spurts -> 200 in 1788ms
2026-05-30 00:10:52,870 [WARNING] services.nse_service: NSE API /api/equity-stockIndices → 404
2026-05-30 00:10:52,879 [WARNING] services.nse_service: NSE API /api/equity-stockIndices → 404
2026-05-30 00:10:52,901 [WARNING] services.nse_service: NSE API /api/equity-stockIndices → 404
2026-05-30 00:10:52,922 [WARNING] services.nse_service: NSE API /api/equity-stockIndices → 404
2026-05-30 00:10:52,926 [WARNING] services.nse_service: NSE API /api/equity-stockIndices → 404
2026-05-30 00:10:52,976 [WARNING] services.nse_service: NSE API /api/equity-stockIndices → 404
2026-05-30 00:10:52,977 [WARNING] services.nse_service: NSE API /api/equity-stockIndices → 404
2026-05-30 00:10:53,038 [WARNING] services.nse_service: NSE API /api/equity-stockIndices → 404
2026-05-30 00:10:53,040 [WARNING] services.nse_service: NSE API /api/equity-stockIndices → 404
2026-05-30 00:10:53,096 [WARNING] services.nse_service: NSE API /api/equity-stockIndices → 404
2026-05-30 00:10:53,102 [WARNING] services.nse_service: NSE API /api/equity-stockIndices → 404
2026-05-30 00:10:53,156 [WARNING] services.nse_service: NSE API /api/equity-stockIndices → 404
2026-05-30 00:10:53,205 [WARNING] services.nse_service: NSE API /api/equity-stockIndices → 404
2026-05-30 00:10:53,248 [WARNING] services.nse_service: NSE API /api/equity-stockIndices → 404
2026-05-30 00:10:53,299 [WARNING] services.nse_service: NSE API /api/equity-stockIndices → 404
2026-05-30 00:10:53,375 [WARNING] services.nse_service: NSE API /api/equity-stockIndices → 404
2026-05-30 00:10:53,422 [WARNING] services.nse_service: NSE API /api/equity-stockIndices → 404
2026-05-30 00:11:00,507 [WARNING] services.fno_data_service: FNO NSE API /api/option-chain-indices → 404
2026-05-30 00:11:00,510 [WARNING] services.fno_data_service: FNO NSE API /api/quote-derivative?symbol=NIFTY → 404
2026-05-30 00:11:00,511 [WARNING] services.fno_data_service: FNO NSE API /api/quote-derivative?symbol=BANKNIFTY → 404
2026-05-30 00:11:00,514 [WARNING] services.fno_data_service: FNO NSE API /api/quote-derivative?symbol=MIDCPNIFTY → 404
2026-05-30 00:11:00,524 [WARNING] services.fno_data_service: FNO NSE API /api/quote-derivative?symbol=FINNIFTY → 404
2026-05-30 00:11:00,544 [WARNING] services.fno_data_service: FNO NSE API /api/option-chain-indices → 404
2026-05-30 00:11:00,548 [WARNING] services.fno_data_service: FNO NSE API /api/option-chain-indices → 404
2026-05-30 00:11:06,176 [WARNING] services.fno_data_service: FNO NSE API /api/option-chain-indices → 404
2026-05-30 00:11:15,791 [WARNING] services.fno_data_service: FNO NSE API /api/option-chain-indices → 404
2026-05-30 00:11:17,661 [WARNING] services.fno_data_service: FNO NSE API /api/option-chain-indices → 404
2026-05-30 00:11:24,562 [WARNING] services.fno_data_service: FNO NSE API /api/option-chain-indices → 404
2026-05-30 00:28:27,486 [WARNING] services.fno_data_service: FNO NSE API /api/option-chain-indices → 404
2026-05-30 00:28:27,754 [INFO] backend: GET /api/fno/option-chain -> 200 in 2945ms
2026-05-30 00:28:27,941 [INFO] backend: Backend shutting down
2026-05-30 00:28:39,995 [INFO] backend: Stock Intelligence Platform backend v2.0.0 starting (log: C:\Users\mohan\Stock App\stock-intelligence-platform\storage\logs\backend.log)
2026-05-30 03:27:48,371 [WARNING] services.fno_data_service: FNO NSE API /api/option-chain-indices → 404
2026-05-30 03:27:48,566 [INFO] backend: GET /api/fno/option-chain -> 200 in 2049ms
2026-05-30 03:27:58,305 [WARNING] services.fno_data_service: FNO NSE API /api/option-chain-indices → 404
2026-05-30 03:27:58,565 [WARNING] services.fno_data_service: FNO NSE API /api/quote-derivative?symbol=FINNIFTY → 404
2026-05-30 03:27:58,568 [WARNING] services.fno_data_service: FNO NSE API /api/quote-derivative?symbol=MIDCPNIFTY → 404
2026-05-30 03:27:58,572 [WARNING] services.fno_data_service: FNO NSE API /api/quote-derivative?symbol=BANKNIFTY → 404
2026-05-30 03:27:58,620 [WARNING] services.fno_data_service: FNO NSE API /api/quote-derivative?symbol=NIFTY → 404
2026-05-30 03:29:41,701 [WARNING] services.fno_data_service: FNO NSE API /api/quote-derivative?symbol=FINNIFTY → 404
2026-05-30 03:29:41,716 [WARNING] services.fno_data_service: FNO NSE API /api/quote-derivative?symbol=BANKNIFTY → 404
2026-05-30 03:29:41,719 [WARNING] services.fno_data_service: FNO NSE API /api/quote-derivative?symbol=NIFTY → 404
2026-05-30 03:29:41,728 [WARNING] services.fno_data_service: FNO NSE API /api/quote-derivative?symbol=MIDCPNIFTY → 404
2026-05-30 03:29:46,351 [WARNING] services.fno_data_service: FNO NSE API /api/option-chain-indices → 404
2026-05-30 03:29:50,602 [WARNING] services.fno_data_service: FNO NSE API /api/option-chain-indices → 404
2026-05-30 03:29:52,742 [WARNING] services.fno_data_service: FNO NSE API /api/option-chain-indices → 404
2026-05-30 03:30:22,799 [WARNING] services.fno_data_service: FNO NSE API /api/option-chain-indices → 404
2026-05-30 03:30:23,060 [INFO] backend: Backend shutting down
2026-05-30 03:30:26,738 [INFO] backend: Stock Intelligence Platform backend v2.0.0 starting (log: C:\Users\mohan\Stock App\stock-intelligence-platform\storage\logs\backend.log)
2026-05-30 03:31:01,949 [WARNING] services.fno_data_service: FNO NSE API /api/option-chain-indices → 404
2026-05-30 03:31:01,992 [INFO] backend: GET /api/fno/pcr -> 200 in 1286ms
2026-05-30 03:31:22,790 [WARNING] services.fno_data_service: FNO NSE API /api/quote-derivative?symbol=NIFTY → 404
2026-05-30 03:31:22,793 [WARNING] services.fno_data_service: FNO NSE API /api/quote-derivative?symbol=FINNIFTY → 404
2026-05-30 03:31:22,803 [WARNING] services.fno_data_service: FNO NSE API /api/quote-derivative?symbol=MIDCPNIFTY → 404
2026-05-30 03:31:22,849 [WARNING] services.fno_data_service: FNO NSE API /api/quote-derivative?symbol=BANKNIFTY → 404
2026-05-30 03:31:27,507 [WARNING] services.fno_data_service: FNO NSE API /api/option-chain-indices → 404
2026-05-30 03:31:31,791 [WARNING] services.fno_data_service: FNO NSE API /api/option-chain-indices → 404
2026-05-30 03:31:33,919 [WARNING] services.fno_data_service: FNO NSE API /api/option-chain-indices → 404
2026-05-30 03:32:04,993 [INFO] backend: Backend shutting down
2026-05-30 03:32:12,238 [INFO] backend: Stock Intelligence Platform backend v2.0.0 starting (log: C:\Users\mohan\Stock App\stock-intelligence-platform\storage\logs\backend.log)
2026-05-30 03:32:54,526 [WARNING] services.fno_data_service: FNO NSE API /api/option-chain-indices → 404
2026-05-30 03:32:54,612 [INFO] backend: GET /api/fno/option-chain -> 200 in 3803ms
2026-05-30 03:35:42,229 [WARNING] services.fno_data_service: FNO NSE API /api/quote-derivative?symbol=NIFTY → 404
2026-05-30 03:35:42,329 [WARNING] services.fno_data_service: FNO NSE API /api/option-chain-indices → 404
2026-05-30 03:35:42,335 [WARNING] services.fno_data_service: FNO NSE API /api/option-chain-indices → 404
2026-05-30 03:35:42,345 [WARNING] services.fno_data_service: FNO NSE API /api/option-chain-indices → 404
2026-05-30 03:35:42,346 [WARNING] services.fno_data_service: FNO NSE API /api/quote-derivative?symbol=FINNIFTY → 404
2026-05-30 03:35:42,360 [WARNING] services.fno_data_service: FNO NSE API /api/quote-derivative?symbol=MIDCPNIFTY → 404
2026-05-30 03:35:42,360 [WARNING] services.fno_data_service: FNO NSE API /api/quote-derivative?symbol=BANKNIFTY → 404
2026-05-30 03:36:12,543 [WARNING] services.fno_data_service: FNO NSE API /api/quote-derivative?symbol=FINNIFTY → 404
2026-05-30 03:36:12,546 [WARNING] services.fno_data_service: FNO NSE API /api/quote-derivative?symbol=MIDCPNIFTY → 404
2026-05-30 03:36:12,549 [WARNING] services.fno_data_service: FNO NSE API /api/quote-derivative?symbol=NIFTY → 404
2026-05-30 03:36:12,553 [WARNING] services.fno_data_service: FNO NSE API /api/quote-derivative?symbol=BANKNIFTY → 404
2026-05-30 03:36:25,480 [WARNING] services.fno_data_service: FNO NSE API /api/option-chain-indices → 404
2026-05-30 03:37:05,032 [WARNING] services.fno_data_service: FNO NSE API /api/option-chain-indices → 404
2026-05-30 03:38:14,373 [WARNING] services.fno_data_service: FNO NSE API /api/option-chain-indices → 404
2026-05-30 03:38:14,419 [INFO] backend: GET /api/fno/option-chain -> 200 in 1451ms
2026-05-30 03:40:07,654 [WARNING] services.nse_service: NSE API /api/quote-equity → 403
2026-05-30 03:40:07,656 [WARNING] services.nse_service: NSE API /api/quote-equity → 403
2026-05-30 03:40:07,658 [WARNING] services.nse_service: NSE API /api/quote-equity → 403
2026-05-30 03:40:07,660 [WARNING] services.nse_service: NSE API /api/quote-equity → 403
2026-05-30 03:40:07,672 [WARNING] services.nse_service: NSE API /api/quote-equity → 403
2026-05-30 03:40:07,849 [WARNING] services.market_data_service: OHLCV history failed for DXCM: 404 Client Error: Not Found for url: https://query1.finance.yahoo.com/v8/finance/chart/DXCM.NS?interval=1d&range=6mo&includeAdjustedClose=true
2026-05-30 03:40:07,851 [WARNING] services.market_data_service: OHLCV history failed for ADBE: 404 Client Error: Not Found for url: https://query1.finance.yahoo.com/v8/finance/chart/ADBE.NS?interval=1d&range=6mo&includeAdjustedClose=true
2026-05-30 03:40:07,854 [WARNING] services.market_data_service: OHLCV history failed for MSFT: 404 Client Error: Not Found for url: https://query1.finance.yahoo.com/v8/finance/chart/MSFT.NS?interval=1d&range=6mo&includeAdjustedClose=true
2026-05-30 03:40:07,866 [WARNING] services.market_data_service: OHLCV history failed for TSLA: 404 Client Error: Not Found for url: https://query1.finance.yahoo.com/v8/finance/chart/TSLA.NS?interval=1d&range=6mo&includeAdjustedClose=true
2026-05-30 03:40:07,867 [WARNING] services.market_data_service: OHLCV history failed for PLTR: 404 Client Error: Not Found for url: https://query1.finance.yahoo.com/v8/finance/chart/PLTR.NS?interval=1d&range=6mo&includeAdjustedClose=true
2026-05-30 10:58:06,627 [INFO] backend: GET /api/universe/all-symbols -> 200 in 1547ms
2026-05-30 10:58:07,154 [WARNING] services.nse_service: NSE API /api/quote-equity → 403
2026-05-30 10:58:07,160 [WARNING] services.nse_service: NSE API /api/quote-equity → 403
2026-05-30 10:58:07,164 [WARNING] services.nse_service: NSE API /api/quote-equity → 403
2026-05-30 10:58:07,168 [WARNING] services.nse_service: NSE API /api/quote-equity → 403
2026-05-30 10:58:07,189 [WARNING] services.nse_service: NSE API /api/quote-equity → 403
2026-05-30 10:58:07,409 [WARNING] services.market_data_service: OHLCV history failed for TSLA: 404 Client Error: Not Found for url: https://query1.finance.yahoo.com/v8/finance/chart/TSLA.NS?interval=1d&range=6mo&includeAdjustedClose=true
2026-05-30 10:58:07,430 [WARNING] services.market_data_service: OHLCV history failed for PLTR: 404 Client Error: Not Found for url: https://query1.finance.yahoo.com/v8/finance/chart/PLTR.NS?interval=1d&range=6mo&includeAdjustedClose=true
2026-05-30 10:58:07,432 [WARNING] services.market_data_service: OHLCV history failed for ADBE: 404 Client Error: Not Found for url: https://query1.finance.yahoo.com/v8/finance/chart/ADBE.NS?interval=1d&range=6mo&includeAdjustedClose=true
2026-05-30 10:58:07,433 [WARNING] services.market_data_service: OHLCV history failed for DXCM: 404 Client Error: Not Found for url: https://query1.finance.yahoo.com/v8/finance/chart/DXCM.NS?interval=1d&range=6mo&includeAdjustedClose=true
2026-05-30 10:58:07,443 [WARNING] services.market_data_service: OHLCV history failed for MSFT: 404 Client Error: Not Found for url: https://query1.finance.yahoo.com/v8/finance/chart/MSFT.NS?interval=1d&range=6mo&includeAdjustedClose=true
2026-05-30 10:58:07,457 [INFO] backend: GET /api/watchlist -> 200 in 2852ms
2026-05-30 11:27:04,680 [INFO] backend: Backend shutting down
2026-05-30 11:27:11,002 [INFO] backend: Stock Intelligence Platform backend v2.0.0 starting (log: C:\Users\mohan\Stock App\stock-intelligence-platform\storage\logs\backend.log)
2026-05-30 11:27:22,160 [INFO] backend: Stock Intelligence Platform backend v2.0.0 starting (log: C:\Users\mohan\Stock App\stock-intelligence-platform\storage\logs\backend.log)
2026-05-30 11:32:20,283 [INFO] backend: Backend shutting down
2026-05-30 11:32:24,709 [INFO] backend: Stock Intelligence Platform backend v2.0.0 starting (log: C:\Users\mohan\Stock App\stock-intelligence-platform\storage\logs\backend.log)
2026-05-30 11:37:22,608 [INFO] backend: Backend shutting down
2026-05-30 11:37:25,987 [INFO] backend: Stock Intelligence Platform backend v2.0.0 starting (log: C:\Users\mohan\Stock App\stock-intelligence-platform\storage\logs\backend.log)
2026-05-30 11:38:08,119 [INFO] backend: Backend shutting down
2026-05-30 11:38:10,742 [INFO] backend: Stock Intelligence Platform backend v2.0.0 starting (log: C:\Users\mohan\Stock App\stock-intelligence-platform\storage\logs\backend.log)
2026-05-30 11:38:54,868 [WARNING] services.market_data_service: OHLCV history failed for ADI: 400 Client Error: Bad Request for url: https://query1.finance.yahoo.com/v8/finance/chart/ADI?interval=1d&range=1y&includeAdjustedClose=true
2026-05-30 11:38:56,117 [WARNING] services.market_data_service: OHLCV history failed for ARES: 400 Client Error: Bad Request for url: https://query1.finance.yahoo.com/v8/finance/chart/ARES?interval=1wk&range=5y&includeAdjustedClose=true
2026-05-30 11:38:56,391 [WARNING] services.market_data_service: OHLCV history failed for AEE: 400 Client Error: Bad Request for url: https://query1.finance.yahoo.com/v8/finance/chart/AEE?interval=1mo&range=max&includeAdjustedClose=true
2026-05-30 11:38:56,896 [WARNING] services.market_data_service: OHLCV history failed for APO: 400 Client Error: Bad Request for url: https://query1.finance.yahoo.com/v8/finance/chart/APO?interval=1mo&range=max&includeAdjustedClose=true
2026-05-30 11:38:59,288 [WARNING] services.market_data_service: OHLCV history failed for BSX: 400 Client Error: Bad Request for url: https://query1.finance.yahoo.com/v8/finance/chart/BSX?interval=1wk&range=5y&includeAdjustedClose=true
2026-05-30 11:38:59,743 [WARNING] services.market_data_service: OHLCV history failed for BIIB: 400 Client Error: Bad Request for url: https://query1.finance.yahoo.com/v8/finance/chart/BIIB?interval=1mo&range=max&includeAdjustedClose=true
2026-05-30 11:39:01,618 [WARNING] services.market_data_service: OHLCV history failed for CAH: 400 Client Error: Bad Request for url: https://query1.finance.yahoo.com/v8/finance/chart/CAH?interval=1wk&range=5y&includeAdjustedClose=true
2026-05-30 11:39:07,607 [WARNING] services.market_data_service: OHLCV history failed for CSX: 400 Client Error: Bad Request for url: https://query1.finance.yahoo.com/v8/finance/chart/CSX?interval=1wk&range=5y&includeAdjustedClose=true
2026-05-30 11:39:08,116 [WARNING] services.market_data_service: OHLCV history failed for COP: 400 Client Error: Bad Request for url: https://query1.finance.yahoo.com/v8/finance/chart/COP?interval=1mo&range=max&includeAdjustedClose=true
2026-05-30 11:39:08,507 [WARNING] services.market_data_service: OHLCV history failed for CTVA: 400 Client Error: Bad Request for url: https://query1.finance.yahoo.com/v8/finance/chart/CTVA?interval=1mo&range=max&includeAdjustedClose=true
2026-05-30 11:39:08,906 [WARNING] services.market_data_service: OHLCV history failed for DELL: 400 Client Error: Bad Request for url: https://query1.finance.yahoo.com/v8/finance/chart/DELL?interval=1d&range=1y&includeAdjustedClose=true
2026-05-30 11:39:09,182 [WARNING] services.market_data_service: OHLCV history failed for DLTR: 400 Client Error: Bad Request for url: https://query1.finance.yahoo.com/v8/finance/chart/DLTR?interval=1d&range=1y&includeAdjustedClose=true
2026-05-30 11:39:09,213 [WARNING] services.market_data_service: OHLCV history failed for DOW: 400 Client Error: Bad Request for url: https://query1.finance.yahoo.com/v8/finance/chart/DOW?interval=1d&range=1y&includeAdjustedClose=true
2026-05-30 11:39:10,243 [WARNING] services.market_data_service: OHLCV history failed for DHI: 400 Client Error: Bad Request for url: https://query1.finance.yahoo.com/v8/finance/chart/DHI?interval=1wk&range=5y&includeAdjustedClose=true
2026-05-30 11:39:10,544 [WARNING] services.market_data_service: OHLCV history failed for EIX: 400 Client Error: Bad Request for url: https://query1.finance.yahoo.com/v8/finance/chart/EIX?interval=1d&range=1y&includeAdjustedClose=true
2026-05-30 11:39:10,706 [WARNING] services.market_data_service: OHLCV history failed for DOW: 400 Client Error: Bad Request for url: https://query1.finance.yahoo.com/v8/finance/chart/DOW?interval=1mo&range=max&includeAdjustedClose=true
2026-05-30 11:39:11,562 [WARNING] services.market_data_service: OHLCV history failed for DD: 400 Client Error: Bad Request for url: https://query1.finance.yahoo.com/v8/finance/chart/DD?interval=1mo&range=max&includeAdjustedClose=true
2026-05-30 11:39:12,685 [WARNING] services.market_data_service: OHLCV history failed for ETR: 400 Client Error: Bad Request for url: https://query1.finance.yahoo.com/v8/finance/chart/ETR?interval=1wk&range=5y&includeAdjustedClose=true
2026-05-30 11:39:19,563 [WARNING] services.market_data_service: OHLCV history failed for HSY: 400 Client Error: Bad Request for url: https://query1.finance.yahoo.com/v8/finance/chart/HSY?interval=1wk&range=5y&includeAdjustedClose=true
2026-05-30 11:39:21,051 [WARNING] services.market_data_service: OHLCV history failed for HUM: 400 Client Error: Bad Request for url: https://query1.finance.yahoo.com/v8/finance/chart/HUM?interval=1wk&range=5y&includeAdjustedClose=true
2026-05-30 11:39:21,592 [WARNING] services.market_data_service: OHLCV history failed for HPQ: 400 Client Error: Bad Request for url: https://query1.finance.yahoo.com/v8/finance/chart/HPQ?interval=1mo&range=max&includeAdjustedClose=true
2026-05-30 11:39:21,890 [WARNING] services.market_data_service: OHLCV history failed for INTC: 400 Client Error: Bad Request for url: https://query1.finance.yahoo.com/v8/finance/chart/INTC?interval=1wk&range=5y&includeAdjustedClose=true
2026-05-30 11:39:22,474 [WARNING] services.market_data_service: OHLCV history failed for INVH: 400 Client Error: Bad Request for url: https://query1.finance.yahoo.com/v8/finance/chart/INVH?interval=1wk&range=5y&includeAdjustedClose=true
2026-05-30 11:39:23,228 [WARNING] services.market_data_service: OHLCV history failed for INTU: 400 Client Error: Bad Request for url: https://query1.finance.yahoo.com/v8/finance/chart/INTU?interval=1mo&range=max&includeAdjustedClose=true
2026-05-30 11:39:26,686 [WARNING] services.market_data_service: OHLCV history failed for LDOS: 400 Client Error: Bad Request for url: https://query1.finance.yahoo.com/v8/finance/chart/LDOS?interval=1mo&range=max&includeAdjustedClose=true
2026-05-30 11:39:27,046 [WARNING] services.market_data_service: OHLCV history failed for L: 400 Client Error: Bad Request for url: https://query1.finance.yahoo.com/v8/finance/chart/L?interval=1wk&range=5y&includeAdjustedClose=true
2026-05-30 11:39:28,065 [WARNING] services.market_data_service: OHLCV history failed for MCD: 400 Client Error: Bad Request for url: https://query1.finance.yahoo.com/v8/finance/chart/MCD?interval=1wk&range=5y&includeAdjustedClose=true
2026-05-30 11:39:28,788 [WARNING] services.market_data_service: OHLCV history failed for MAA: 400 Client Error: Bad Request for url: https://query1.finance.yahoo.com/v8/finance/chart/MAA?interval=1d&range=1y&includeAdjustedClose=true
2026-05-30 11:39:29,154 [WARNING] services.market_data_service: OHLCV history failed for MCO: 400 Client Error: Bad Request for url: https://query1.finance.yahoo.com/v8/finance/chart/MCO?interval=1d&range=1y&includeAdjustedClose=true
2026-05-30 11:39:29,531 [WARNING] services.market_data_service: OHLCV history failed for MSFT: 400 Client Error: Bad Request for url: https://query1.finance.yahoo.com/v8/finance/chart/MSFT?interval=1wk&range=5y&includeAdjustedClose=true
2026-05-30 11:39:30,987 [WARNING] services.market_data_service: OHLCV history failed for TAP: 400 Client Error: Bad Request for url: https://query1.finance.yahoo.com/v8/finance/chart/TAP?interval=1mo&range=max&includeAdjustedClose=true
2026-05-30 11:39:31,094 [WARNING] services.market_data_service: OHLCV history failed for NEM: 400 Client Error: Bad Request for url: https://query1.finance.yahoo.com/v8/finance/chart/NEM?interval=1wk&range=5y&includeAdjustedClose=true
2026-05-30 11:39:31,560 [WARNING] services.market_data_service: OHLCV history failed for NDAQ: 400 Client Error: Bad Request for url: https://query1.finance.yahoo.com/v8/finance/chart/NDAQ?interval=1mo&range=max&includeAdjustedClose=true
2026-05-30 11:39:33,306 [WARNING] services.market_data_service: OHLCV history failed for ON: 400 Client Error: Bad Request for url: https://query1.finance.yahoo.com/v8/finance/chart/ON?interval=1wk&range=5y&includeAdjustedClose=true
2026-05-30 11:39:33,595 [WARNING] services.market_data_service: OHLCV history failed for NRG: 400 Client Error: Bad Request for url: https://query1.finance.yahoo.com/v8/finance/chart/NRG?interval=1mo&range=max&includeAdjustedClose=true
2026-05-30 11:39:33,957 [WARNING] services.market_data_service: OHLCV history failed for NXPI: 400 Client Error: Bad Request for url: https://query1.finance.yahoo.com/v8/finance/chart/NXPI?interval=1mo&range=max&includeAdjustedClose=true
2026-05-30 11:39:34,287 [WARNING] services.market_data_service: OHLCV history failed for PCG: 400 Client Error: Bad Request for url: https://query1.finance.yahoo.com/v8/finance/chart/PCG?interval=1d&range=1y&includeAdjustedClose=true
2026-05-30 11:39:34,487 [WARNING] services.market_data_service: OHLCV history failed for PSX: 400 Client Error: Bad Request for url: https://query1.finance.yahoo.com/v8/finance/chart/PSX?interval=1d&range=1y&includeAdjustedClose=true
2026-05-30 11:39:39,844 [WARNING] services.market_data_service: OHLCV history failed for SJM: 400 Client Error: Bad Request for url: https://query1.finance.yahoo.com/v8/finance/chart/SJM?interval=1d&range=1y&includeAdjustedClose=true
2026-05-30 11:39:41,320 [WARNING] services.market_data_service: OHLCV history failed for SO: 400 Client Error: Bad Request for url: https://query1.finance.yahoo.com/v8/finance/chart/SO?interval=1wk&range=5y&includeAdjustedClose=true
2026-05-30 11:39:41,841 [WARNING] services.market_data_service: OHLCV history failed for SO: 400 Client Error: Bad Request for url: https://query1.finance.yahoo.com/v8/finance/chart/SO?interval=1mo&range=max&includeAdjustedClose=true
2026-05-30 11:39:42,458 [WARNING] services.market_data_service: OHLCV history failed for TEL: 400 Client Error: Bad Request for url: https://query1.finance.yahoo.com/v8/finance/chart/TEL?interval=1d&range=1y&includeAdjustedClose=true
2026-05-30 11:39:42,897 [WARNING] services.market_data_service: OHLCV history failed for SYF: 400 Client Error: Bad Request for url: https://query1.finance.yahoo.com/v8/finance/chart/SYF?interval=1mo&range=max&includeAdjustedClose=true
2026-05-30 11:39:43,254 [WARNING] services.market_data_service: OHLCV history failed for TRGP: 400 Client Error: Bad Request for url: https://query1.finance.yahoo.com/v8/finance/chart/TRGP?interval=1wk&range=5y&includeAdjustedClose=true
2026-05-30 11:39:43,807 [WARNING] services.market_data_service: OHLCV history failed for TTWO: 400 Client Error: Bad Request for url: https://query1.finance.yahoo.com/v8/finance/chart/TTWO?interval=1mo&range=max&includeAdjustedClose=true
2026-05-30 11:39:44,192 [WARNING] services.market_data_service: OHLCV history failed for TGT: 400 Client Error: Bad Request for url: https://query1.finance.yahoo.com/v8/finance/chart/TGT?interval=1mo&range=max&includeAdjustedClose=true
2026-05-30 11:39:46,567 [WARNING] services.market_data_service: OHLCV history failed for USB: 400 Client Error: Bad Request for url: https://query1.finance.yahoo.com/v8/finance/chart/USB?interval=1mo&range=max&includeAdjustedClose=true
2026-05-30 11:39:46,651 [WARNING] services.market_data_service: OHLCV history failed for UPS: 400 Client Error: Bad Request for url: https://query1.finance.yahoo.com/v8/finance/chart/UPS?interval=1wk&range=5y&includeAdjustedClose=true
2026-05-30 11:39:46,754 [WARNING] services.market_data_service: OHLCV history failed for ULTA: 400 Client Error: Bad Request for url: https://query1.finance.yahoo.com/v8/finance/chart/ULTA?interval=1mo&range=max&includeAdjustedClose=true
2026-05-30 11:39:46,853 [WARNING] services.market_data_service: OHLCV history failed for VEEV: 400 Client Error: Bad Request for url: https://query1.finance.yahoo.com/v8/finance/chart/VEEV?interval=1wk&range=5y&includeAdjustedClose=true
2026-05-30 11:39:47,057 [WARNING] services.market_data_service: OHLCV history failed for UPS: 400 Client Error: Bad Request for url: https://query1.finance.yahoo.com/v8/finance/chart/UPS?interval=1mo&range=max&includeAdjustedClose=true
2026-05-30 11:39:47,064 [WARNING] services.market_data_service: OHLCV history failed for V: 400 Client Error: Bad Request for url: https://query1.finance.yahoo.com/v8/finance/chart/V?interval=1d&range=1y&includeAdjustedClose=true
2026-05-30 11:39:47,383 [WARNING] services.market_data_service: OHLCV history failed for DIS: 400 Client Error: Bad Request for url: https://query1.finance.yahoo.com/v8/finance/chart/DIS?interval=1d&range=1y&includeAdjustedClose=true
2026-05-30 11:39:47,598 [WARNING] services.market_data_service: OHLCV history failed for V: 400 Client Error: Bad Request for url: https://query1.finance.yahoo.com/v8/finance/chart/V?interval=1wk&range=5y&includeAdjustedClose=true
2026-05-30 11:39:49,347 [WARNING] services.market_data_service: OHLCV history failed for WDAY: 400 Client Error: Bad Request for url: https://query1.finance.yahoo.com/v8/finance/chart/WDAY?interval=1d&range=1y&includeAdjustedClose=true
2026-05-30 11:41:47,256 [INFO] backend: Backend shutting down
2026-05-30 11:44:14,046 [INFO] backend: Stock Intelligence Platform backend v2.0.0 starting (log: C:\Users\mohan\Stock App\stock-intelligence-platform\storage\logs\backend.log)
2026-05-30 11:44:41,818 [WARNING] services.nse_service: NSE API /api/equity-stockIndices → 404
2026-05-30 11:44:41,827 [WARNING] services.nse_service: NSE API /api/equity-stockIndices → 404
2026-05-30 11:44:41,854 [WARNING] services.nse_service: NSE API /api/equity-stockIndices → 404
2026-05-30 11:44:41,881 [WARNING] services.nse_service: NSE API /api/equity-stockIndices → 404
2026-05-30 11:44:41,882 [WARNING] services.nse_service: NSE API /api/equity-stockIndices → 404
2026-05-30 11:44:41,936 [WARNING] services.nse_service: NSE API /api/equity-stockIndices → 404
2026-05-30 11:44:41,938 [WARNING] services.nse_service: NSE API /api/equity-stockIndices → 404
2026-05-30 11:44:41,990 [WARNING] services.nse_service: NSE API /api/equity-stockIndices → 404
2026-05-30 11:44:41,994 [WARNING] services.nse_service: NSE API /api/equity-stockIndices → 404
2026-05-30 11:44:42,046 [WARNING] services.nse_service: NSE API /api/equity-stockIndices → 404
2026-05-30 11:44:42,051 [WARNING] services.nse_service: NSE API /api/equity-stockIndices → 404
2026-05-30 11:44:42,102 [WARNING] services.nse_service: NSE API /api/equity-stockIndices → 404
2026-05-30 11:44:42,154 [WARNING] services.nse_service: NSE API /api/equity-stockIndices → 404
2026-05-30 11:44:42,211 [WARNING] services.nse_service: NSE API /api/equity-stockIndices → 404
2026-05-30 11:44:42,234 [INFO] services.us_market_service: YF session refreshed, crumb=Pu0IRC…
2026-05-30 11:44:42,260 [WARNING] services.nse_service: NSE API /api/equity-stockIndices → 404
2026-05-30 11:44:42,317 [WARNING] services.nse_service: NSE API /api/equity-stockIndices → 404
2026-05-30 11:44:42,364 [WARNING] services.nse_service: NSE API /api/equity-stockIndices → 404
2026-05-30 11:44:43,362 [INFO] backend: GET /api/market/indices -> 200 in 1651ms
2026-05-30 11:44:59,582 [INFO] backend: GET /api/fno/vix -> 200 in 1245ms
2026-05-30 11:44:59,592 [WARNING] services.fno_data_service: FNO NSE API /api/quote-derivative?symbol=BANKNIFTY → 404
2026-05-30 11:44:59,600 [WARNING] services.fno_data_service: FNO NSE API /api/option-chain-indices → 404
2026-05-30 11:44:59,600 [INFO] services.fno_data_service: NSE option chain unavailable for NIFTY — using synthetic fallback
2026-05-30 11:44:59,611 [WARNING] services.fno_data_service: FNO NSE API /api/quote-derivative?symbol=FINNIFTY → 404
2026-05-30 11:44:59,612 [WARNING] services.fno_data_service: FNO NSE API /api/quote-derivative?symbol=MIDCPNIFTY → 404
2026-05-30 11:44:59,639 [WARNING] services.fno_data_service: FNO NSE API /api/quote-derivative?symbol=NIFTY → 404
2026-05-30 11:44:59,641 [WARNING] services.fno_data_service: FNO NSE API /api/option-chain-indices → 404
2026-05-30 11:44:59,642 [WARNING] services.fno_data_service: FNO NSE API /api/option-chain-indices → 404
2026-05-30 11:44:59,643 [INFO] services.fno_data_service: NSE option chain unavailable for FINNIFTY — using synthetic fallback
2026-05-30 11:44:59,644 [INFO] backend: GET /api/fno/pcr -> 200 in 1259ms
2026-05-30 11:44:59,645 [INFO] services.fno_data_service: NSE option chain unavailable for BANKNIFTY — using synthetic fallback
2026-05-30 11:44:59,681 [INFO] backend: GET /api/fno/index-futures -> 200 in 1299ms
2026-05-30 11:44:59,693 [INFO] backend: GET /api/fno/pcr -> 200 in 1300ms
2026-05-30 11:44:59,698 [INFO] backend: GET /api/fno/pcr -> 200 in 1306ms
2026-05-30 11:44:59,976 [INFO] backend: GET /api/fno/oi-spurts -> 200 in 1580ms
2026-05-30 11:45:13,372 [WARNING] services.fno_data_service: FNO NSE API /api/option-chain-indices → 404
2026-05-30 11:45:13,373 [INFO] services.fno_data_service: NSE option chain unavailable for NIFTY — using synthetic fallback
2026-05-30 11:45:24,170 [WARNING] services.fno_data_service: FNO NSE API /api/option-chain-indices → 404
2026-05-30 11:45:24,171 [INFO] services.fno_data_service: NSE option chain unavailable for NIFTY — using synthetic fallback
2026-05-30 11:46:03,471 [WARNING] services.fno_data_service: FNO NSE API /api/option-chain-indices → 404
2026-05-30 11:46:03,471 [INFO] services.fno_data_service: NSE option chain unavailable for NIFTY — using synthetic fallback
2026-05-30 11:46:13,722 [WARNING] services.fno_data_service: FNO NSE API /api/option-chain-indices → 404
2026-05-30 11:46:13,723 [INFO] services.fno_data_service: NSE option chain unavailable for NIFTY — using synthetic fallback
2026-05-30 11:59:57,963 [WARNING] services.fno_data_service: FNO NSE API /api/option-chain-indices → 404
2026-05-30 11:59:57,981 [INFO] services.fno_data_service: NSE option chain unavailable for NIFTY — using synthetic fallback
2026-05-30 11:59:58,324 [INFO] backend: GET /api/fno/option-chain -> 200 in 1822ms
2026-05-30 11:59:58,444 [INFO] backend: GET /api/fno/oi-spurts -> 200 in 1947ms
2026-05-30 12:05:03,387 [INFO] backend: Backend shutting down
2026-05-30 12:05:07,184 [INFO] backend: Stock Intelligence Platform backend v2.0.0 starting (log: C:\Users\mohan\Stock App\stock-intelligence-platform\storage\logs\backend.log)
2026-05-30 12:12:13,603 [INFO] backend: Stock Intelligence Platform backend v2.0.0 starting (log: C:\Users\mohan\Stock App\stock-intelligence-platform\storage\logs\backend.log)
2026-05-30 12:13:51,709 [WARNING] services.nse_service: NSE API /api/equity-stockIndices → 404
2026-05-30 12:13:51,739 [WARNING] services.nse_service: NSE API /api/equity-stockIndices → 404
2026-05-30 12:13:51,766 [WARNING] services.nse_service: NSE API /api/equity-stockIndices → 404
2026-05-30 12:13:51,820 [WARNING] services.nse_service: NSE API /api/equity-stockIndices → 404
2026-05-30 12:13:51,836 [WARNING] services.nse_service: NSE API /api/equity-stockIndices → 404
2026-05-30 12:13:51,883 [WARNING] services.nse_service: NSE API /api/equity-stockIndices → 404
2026-05-30 12:13:51,911 [WARNING] services.nse_service: NSE API /api/equity-stockIndices → 404
2026-05-30 12:13:51,948 [WARNING] services.nse_service: NSE API /api/equity-stockIndices → 404
2026-05-30 12:13:51,996 [WARNING] services.nse_service: NSE API /api/equity-stockIndices → 404
2026-05-30 12:13:52,006 [WARNING] services.nse_service: NSE API /api/equity-stockIndices → 404
2026-05-30 12:13:52,070 [WARNING] services.nse_service: NSE API /api/equity-stockIndices → 404
2026-05-30 12:13:52,153 [WARNING] services.nse_service: NSE API /api/equity-stockIndices → 404
2026-05-30 12:13:52,253 [WARNING] services.nse_service: NSE API /api/equity-stockIndices → 404
2026-05-30 12:13:52,349 [WARNING] services.nse_service: NSE API /api/equity-stockIndices → 404
2026-05-30 12:13:52,434 [WARNING] services.nse_service: NSE API /api/equity-stockIndices → 404
2026-05-30 12:13:52,503 [WARNING] services.nse_service: NSE API /api/equity-stockIndices → 404
2026-05-30 12:13:52,573 [WARNING] services.nse_service: NSE API /api/equity-stockIndices → 404
2026-05-30 12:13:52,575 [INFO] backend: GET /api/market/sectors -> 200 in 1053ms
2026-05-30 12:14:09,740 [WARNING] services.nse_service: NSE API /api/equity-stockIndices → 404
2026-05-30 12:14:20,166 [INFO] backend: GET /api/earnings/upcoming -> 200 in 1210ms
2026-05-30 12:14:29,489 [INFO] backend: GET /api/news/market -> 200 in 3362ms
2026-05-30 12:14:35,961 [INFO] services.screener_service: Screener.in session configured.
2026-05-30 12:14:35,963 [INFO] services.screener_service: Screener.in session configured.
2026-05-30 12:14:36,279 [INFO] backend: GET /api/stocks/RELIANCE/ohlcv -> 200 in 1201ms
2026-05-30 12:14:36,462 [INFO] backend: GET /api/stocks/RELIANCE/indicators -> 200 in 1361ms
2026-05-30 12:14:40,488 [INFO] backend: GET /api/stocks/RELIANCE/quarterly -> 200 in 5388ms
2026-05-30 12:14:40,959 [INFO] backend: GET /api/stocks/RELIANCE/cash-flow -> 200 in 4607ms
2026-05-30 12:14:41,111 [INFO] backend: GET /api/stocks/RELIANCE/fundamentals -> 200 in 6012ms
2026-05-30 12:14:41,189 [INFO] backend: GET /api/stocks/RELIANCE/balance-sheet -> 200 in 4844ms
2026-05-30 12:14:41,255 [INFO] backend: GET /api/stocks/RELIANCE/ratios-history -> 200 in 4786ms
2026-05-30 12:14:41,261 [INFO] backend: GET /api/stocks/RELIANCE/verdict -> 200 in 6163ms
2026-05-30 12:14:43,831 [INFO] backend: GET /api/stocks/RELIANCE/shareholding -> 200 in 2735ms
2026-05-30 12:14:43,905 [INFO] backend: GET /api/stocks/RELIANCE/chart-analysis -> 200 in 2651ms
2026-05-30 12:14:45,478 [WARNING] services.nse_service: NSE API /api/equity-stockIndices → 404
2026-05-30 12:14:45,637 [INFO] backend: GET /api/stocks/RELIANCE/peers -> 200 in 4386ms
2026-05-30 12:14:48,706 [WARNING] services.nse_service: NSE API /api/equity-stockIndices → 404
2026-05-30 12:22:10,353 [INFO] backend: Backend shutting down
2026-05-30 12:22:13,467 [INFO] backend: Stock Intelligence Platform backend v2.0.0 starting (log: C:\Users\mohan\Stock App\stock-intelligence-platform\storage\logs\backend.log)
2026-05-30 12:24:48,852 [INFO] backend: Stock Intelligence Platform backend v2.0.0 starting (log: C:\Users\mohan\Stock App\stock-intelligence-platform\storage\logs\backend.log)
2026-05-30 12:25:10,907 [WARNING] services.nse_service: NSE API /api/equity-stockIndices → 404
2026-05-30 12:25:10,959 [WARNING] services.nse_service: NSE API /api/equity-stockIndices → 404
2026-05-30 12:25:11,002 [WARNING] services.nse_service: NSE API /api/equity-stockIndices → 404
2026-05-30 12:25:11,057 [WARNING] services.nse_service: NSE API /api/equity-stockIndices → 404
2026-05-30 12:25:11,115 [WARNING] services.nse_service: NSE API /api/equity-stockIndices → 404
2026-05-30 12:25:11,131 [WARNING] services.nse_service: NSE API /api/equity-stockIndices → 404
2026-05-30 12:25:11,158 [WARNING] services.nse_service: NSE API /api/equity-stockIndices → 404
2026-05-30 12:25:11,179 [WARNING] services.nse_service: NSE API /api/equity-stockIndices → 404
2026-05-30 12:25:11,235 [WARNING] services.nse_service: NSE API /api/equity-stockIndices → 404
2026-05-30 12:25:11,403 [WARNING] services.nse_service: NSE API /api/equity-stockIndices → 404
2026-05-30 12:25:11,471 [WARNING] services.nse_service: NSE API /api/equity-stockIndices → 404
2026-05-30 12:25:11,528 [WARNING] services.nse_service: NSE API /api/equity-stockIndices → 404
2026-05-30 12:25:11,591 [WARNING] services.nse_service: NSE API /api/equity-stockIndices → 404
2026-05-30 12:25:11,678 [WARNING] services.nse_service: NSE API /api/equity-stockIndices → 404
2026-05-30 12:25:11,725 [WARNING] services.nse_service: NSE API /api/equity-stockIndices → 404
2026-05-30 12:25:11,792 [WARNING] services.nse_service: NSE API /api/equity-stockIndices → 404
2026-05-30 12:25:11,947 [WARNING] services.nse_service: NSE API /api/equity-stockIndices → 404
2026-05-30 12:25:11,948 [INFO] backend: GET /api/market/sectors -> 200 in 1168ms
2026-05-30 12:25:16,221 [WARNING] services.nse_service: NSE API /api/equity-stockIndices → 404
2026-05-30 12:34:46,814 [INFO] backend: Backend shutting down
2026-05-30 12:34:49,248 [INFO] backend: Stock Intelligence Platform backend v2.0.0 starting (log: C:\Users\mohan\Stock App\stock-intelligence-platform\storage\logs\backend.log)
2026-05-30 12:39:20,034 [INFO] backend: Stock Intelligence Platform backend v2.0.0 starting (log: C:\Users\mohan\Stock App\stock-intelligence-platform\storage\logs\backend.log)
2026-05-30 12:39:42,782 [WARNING] services.nse_service: NSE API /api/equity-stockIndices → 404
2026-05-30 12:39:59,280 [WARNING] services.nse_service: NSE API /api/equity-stockIndices → 404
2026-05-30 12:39:59,519 [WARNING] services.nse_service: NSE API /api/equity-stockIndices → 404
2026-05-30 12:39:59,542 [WARNING] services.nse_service: NSE API /api/equity-stockIndices → 404
2026-05-30 12:39:59,576 [WARNING] services.nse_service: NSE API /api/equity-stockIndices → 404
2026-05-30 12:39:59,617 [WARNING] services.nse_service: NSE API /api/equity-stockIndices → 404
2026-05-30 12:39:59,626 [WARNING] services.nse_service: NSE API /api/equity-stockIndices → 404
2026-05-30 12:39:59,678 [WARNING] services.nse_service: NSE API /api/equity-stockIndices → 404
2026-05-30 12:39:59,766 [WARNING] services.nse_service: NSE API /api/equity-stockIndices → 404
2026-05-30 12:39:59,838 [WARNING] services.nse_service: NSE API /api/equity-stockIndices → 404
2026-05-30 12:40:00,439 [WARNING] services.nse_service: NSE API /api/equity-stockIndices → 404
2026-05-30 12:40:00,514 [WARNING] services.nse_service: NSE API /api/equity-stockIndices → 404
2026-05-30 12:40:00,581 [WARNING] services.nse_service: NSE API /api/equity-stockIndices → 404
2026-05-30 12:40:00,631 [WARNING] services.nse_service: NSE API /api/equity-stockIndices → 404
2026-05-30 12:40:00,724 [WARNING] services.nse_service: NSE API /api/equity-stockIndices → 404
2026-05-30 12:40:00,788 [WARNING] services.nse_service: NSE API /api/equity-stockIndices → 404
2026-05-30 12:40:00,895 [WARNING] services.nse_service: NSE API /api/equity-stockIndices → 404
2026-05-30 12:40:00,979 [WARNING] services.nse_service: NSE API /api/equity-stockIndices → 404
2026-05-30 12:40:00,981 [INFO] backend: GET /api/market/sectors -> 200 in 1775ms
2026-05-30 12:40:14,929 [INFO] services.screener_service: Screener.in session configured.
2026-05-30 12:40:14,929 [INFO] services.screener_service: Screener.in session configured.
2026-05-30 12:40:15,869 [INFO] backend: GET /api/stocks/RELIANCE/fundamentals -> 200 in 1259ms
2026-05-30 12:40:15,870 [INFO] backend: GET /api/stocks/RELIANCE/quarterly -> 200 in 1261ms
2026-05-30 12:40:17,947 [INFO] backend: GET /api/stocks/RELIANCE/ohlcv -> 200 in 3395ms
2026-05-30 12:40:18,319 [INFO] backend: GET /api/patterns/detect/RELIANCE -> 200 in 3337ms
2026-05-30 12:40:18,557 [INFO] backend: GET /api/stocks/RELIANCE/indicators -> 200 in 3954ms
2026-05-30 12:40:19,558 [INFO] backend: GET /api/stocks/RELIANCE/peers -> 200 in 1850ms
2026-05-30 12:40:19,564 [INFO] backend: GET /api/stocks/RELIANCE/verdict -> 200 in 4994ms
2026-05-30 12:40:19,565 [INFO] backend: GET /api/stocks/RELIANCE/chart-analysis -> 200 in 1856ms
2026-05-30 12:40:19,580 [WARNING] services.nse_service: NSE API /api/quote-equity → 403
2026-05-30 12:40:19,581 [WARNING] services.nse_service: NSE API /api/quote-equity → 403
2026-05-30 12:40:19,582 [WARNING] services.nse_service: NSE API /api/quote-equity → 403
2026-05-30 12:40:19,583 [WARNING] services.nse_service: NSE API /api/quote-equity → 403
2026-05-30 12:40:19,597 [WARNING] services.nse_service: NSE API /api/quote-equity → 403
2026-05-30 12:40:19,710 [WARNING] services.market_data_service: OHLCV history failed for ADBE: 404 Client Error: Not Found for url: https://query1.finance.yahoo.com/v8/finance/chart/ADBE.NS?interval=1d&range=6mo&includeAdjustedClose=true
2026-05-30 12:40:19,710 [WARNING] services.market_data_service: OHLCV history failed for TSLA: 404 Client Error: Not Found for url: https://query1.finance.yahoo.com/v8/finance/chart/TSLA.NS?interval=1d&range=6mo&includeAdjustedClose=true
2026-05-30 12:40:19,711 [WARNING] services.market_data_service: OHLCV history failed for MSFT: 404 Client Error: Not Found for url: https://query1.finance.yahoo.com/v8/finance/chart/MSFT.NS?interval=1d&range=6mo&includeAdjustedClose=true
2026-05-30 12:40:19,716 [WARNING] services.market_data_service: OHLCV history failed for DXCM: 404 Client Error: Not Found for url: https://query1.finance.yahoo.com/v8/finance/chart/DXCM.NS?interval=1d&range=6mo&includeAdjustedClose=true
2026-05-30 12:40:19,720 [WARNING] services.market_data_service: OHLCV history failed for PLTR: 404 Client Error: Not Found for url: https://query1.finance.yahoo.com/v8/finance/chart/PLTR.NS?interval=1d&range=6mo&includeAdjustedClose=true
2026-05-30 12:40:45,653 [WARNING] services.fno_data_service: FNO NSE API /api/quote-derivative?symbol=NIFTY → 404
2026-05-30 12:40:45,662 [WARNING] services.fno_data_service: FNO NSE API /api/option-chain-indices → 404
2026-05-30 12:40:45,664 [WARNING] services.fno_data_service: FNO NSE API /api/quote-derivative?symbol=FINNIFTY → 404
2026-05-30 12:40:45,664 [INFO] services.fno_data_service: NSE option chain unavailable for NIFTY — using synthetic fallback
2026-05-30 12:40:45,666 [WARNING] services.fno_data_service: FNO NSE API /api/option-chain-indices → 404
2026-05-30 12:40:45,667 [INFO] services.fno_data_service: NSE option chain unavailable for BANKNIFTY — using synthetic fallback
2026-05-30 12:40:45,682 [WARNING] services.fno_data_service: FNO NSE API /api/quote-derivative?symbol=MIDCPNIFTY → 404
2026-05-30 12:40:45,686 [WARNING] services.fno_data_service: FNO NSE API /api/quote-derivative?symbol=BANKNIFTY → 404
2026-05-30 12:40:45,737 [WARNING] services.fno_data_service: FNO NSE API /api/option-chain-indices → 404
2026-05-30 12:40:45,738 [INFO] services.fno_data_service: NSE option chain unavailable for FINNIFTY — using synthetic fallback
2026-05-30 12:40:45,904 [INFO] backend: GET /api/fno/pcr -> 200 in 1500ms
2026-05-30 12:40:46,024 [INFO] backend: GET /api/fno/oi-spurts -> 200 in 1618ms
2026-05-30 12:40:46,291 [INFO] backend: GET /api/fno/pcr -> 200 in 1889ms
2026-05-30 12:40:46,301 [INFO] backend: GET /api/fno/vix -> 200 in 1931ms
2026-05-30 12:40:46,304 [INFO] backend: GET /api/fno/pcr -> 200 in 1898ms
2026-05-30 12:40:46,305 [INFO] backend: GET /api/fno/index-futures -> 200 in 1905ms
2026-05-30 12:40:50,084 [WARNING] services.fno_data_service: FNO NSE API /api/equity-stockIndices → 404
2026-05-30 12:40:50,085 [WARNING] services.fno_data_service: FNO NSE API /api/option-chain-indices → 404
2026-05-30 12:40:50,085 [INFO] services.fno_data_service: NSE option chain unavailable for NIFTY — using synthetic fallback
2026-05-30 12:40:58,866 [WARNING] services.fno_data_service: FNO NSE API /api/equity-stockIndices → 404
2026-05-30 12:40:58,891 [WARNING] services.fno_data_service: FNO NSE API /api/option-chain-indices → 404
2026-05-30 12:40:58,891 [INFO] services.fno_data_service: NSE option chain unavailable for NIFTY — using synthetic fallback
2026-05-30 12:41:11,270 [INFO] services.fno_data_service: Empty NSE chain for LICI — using synthetic fallback
2026-05-30 12:41:11,405 [WARNING] services.fno_data_service: FNO NSE API /api/quote-derivative → 404
2026-05-30 12:52:11,243 [WARNING] services.fno_data_service: FNO NSE API /api/option-chain-indices → 404
2026-05-30 12:52:11,244 [INFO] services.fno_data_service: NSE option chain unavailable for NIFTY — using synthetic fallback
2026-05-30 12:52:11,320 [INFO] backend: GET /api/fno/option-chain -> 200 in 1442ms
2026-05-30 13:12:49,438 [INFO] backend: Backend shutting down
2026-05-30 13:12:53,594 [INFO] backend: Stock Intelligence Platform backend v2.0.0 starting (log: C:\Users\mohan\Stock App\stock-intelligence-platform\storage\logs\backend.log)
2026-05-30 14:25:29,004 [INFO] backend: Stock Intelligence Platform backend v2.0.0 starting (log: C:\Users\mohan\Stock App\stock-intelligence-platform\storage\logs\backend.log)
2026-05-30 14:25:59,607 [WARNING] services.nse_service: NSE API /api/equity-stockIndices → 404
2026-05-30 14:25:59,652 [WARNING] services.nse_service: NSE API /api/equity-stockIndices → 404
2026-05-30 14:25:59,695 [WARNING] services.nse_service: NSE API /api/equity-stockIndices → 404
2026-05-30 14:25:59,738 [WARNING] services.nse_service: NSE API /api/equity-stockIndices → 404
2026-05-30 14:25:59,783 [WARNING] services.nse_service: NSE API /api/equity-stockIndices → 404
2026-05-30 14:25:59,825 [WARNING] services.nse_service: NSE API /api/equity-stockIndices → 404
2026-05-30 14:26:07,471 [WARNING] services.nse_service: NSE API /api/equity-stockIndices → 404
2026-05-30 14:26:41,877 [WARNING] services.nse_service: NSE API /api/equity-stockIndices → 404
2026-05-30 14:27:26,470 [WARNING] services.nse_service: NSE API /api/equity-stockIndices → 404
2026-05-30 14:30:25,935 [INFO] backend: Backend shutting down
2026-05-30 14:30:29,673 [INFO] backend: Stock Intelligence Platform backend v2.0.0 starting (log: C:\Users\mohan\Stock App\stock-intelligence-platform\storage\logs\backend.log)
2026-05-30 14:31:02,339 [INFO] backend: Stock Intelligence Platform backend v2.0.0 starting (log: C:\Users\mohan\Stock App\stock-intelligence-platform\storage\logs\backend.log)
2026-05-30 14:31:06,476 [WARNING] services.nse_service: NSE API /api/equity-stockIndices → 404
2026-05-30 14:31:07,337 [INFO] backend: GET /api/market/universe/NIFTY 50/quotes -> 200 in 1101ms
2026-05-30 14:31:22,601 [WARNING] services.nse_service: NSE API /api/equity-stockIndices → 404
2026-05-30 14:31:25,483 [INFO] backend: GET /api/market/universe/NIFTY 200/quotes -> 200 in 2945ms
2026-05-30 19:20:44,369 [INFO] backend: GET /api/universe/list -> 200 in 1457ms
2026-05-30 19:20:45,940 [WARNING] services.nse_service: NSE API /api/equity-stockIndices → 404
2026-05-30 19:20:51,867 [INFO] backend: GET /api/market/universe/NIFTY 200/quotes -> 200 in 8866ms
2026-05-30 19:20:56,647 [WARNING] services.nse_service: NSE API /api/equity-stockIndices → 404
2026-05-30 19:21:07,462 [WARNING] services.nse_service: NSE API /api/equity-stockIndices → 404
2026-05-30 19:21:13,963 [INFO] backend: GET /api/market/universe/NIFTY 500/quotes -> 200 in 6559ms
2026-05-30 19:22:46,763 [WARNING] services.market_data_service: OHLCV history failed for DUMMYVEDL3: 404 Client Error: Not Found for url: https://query1.finance.yahoo.com/v8/finance/chart/DUMMYVEDL3.NS?interval=1d&range=1y&includeAdjustedClose=true
2026-05-30 19:22:46,768 [WARNING] services.market_data_service: OHLCV history failed for DUMMYVEDL1: 404 Client Error: Not Found for url: https://query1.finance.yahoo.com/v8/finance/chart/DUMMYVEDL1.NS?interval=1d&range=1y&includeAdjustedClose=true
2026-05-30 19:22:46,769 [WARNING] services.market_data_service: OHLCV history failed for DUMMYVEDL2: 404 Client Error: Not Found for url: https://query1.finance.yahoo.com/v8/finance/chart/DUMMYVEDL2.NS?interval=1d&range=1y&includeAdjustedClose=true
2026-05-30 19:22:46,831 [WARNING] services.market_data_service: OHLCV history failed for DUMMYVEDL4: 404 Client Error: Not Found for url: https://query1.finance.yahoo.com/v8/finance/chart/DUMMYVEDL4.NS?interval=1d&range=1y&includeAdjustedClose=true
2026-05-30 19:22:47,018 [WARNING] services.market_data_service: OHLCV history failed for DUMMYVEDL3: 404 Client Error: Not Found for url: https://query1.finance.yahoo.com/v8/finance/chart/DUMMYVEDL3.NS?interval=1wk&range=5y&includeAdjustedClose=true
2026-05-30 19:22:47,032 [WARNING] services.market_data_service: OHLCV history failed for DUMMYVEDL1: 404 Client Error: Not Found for url: https://query1.finance.yahoo.com/v8/finance/chart/DUMMYVEDL1.NS?interval=1wk&range=5y&includeAdjustedClose=true
2026-05-30 19:22:47,082 [WARNING] services.market_data_service: OHLCV history failed for DUMMYVEDL2: 404 Client Error: Not Found for url: https://query1.finance.yahoo.com/v8/finance/chart/DUMMYVEDL2.NS?interval=1wk&range=5y&includeAdjustedClose=true
2026-05-30 19:22:47,088 [WARNING] services.market_data_service: OHLCV history failed for DUMMYVEDL4: 404 Client Error: Not Found for url: https://query1.finance.yahoo.com/v8/finance/chart/DUMMYVEDL4.NS?interval=1wk&range=5y&includeAdjustedClose=true
2026-05-30 19:22:47,324 [WARNING] services.market_data_service: OHLCV history failed for DUMMYVEDL1: 404 Client Error: Not Found for url: https://query1.finance.yahoo.com/v8/finance/chart/DUMMYVEDL1.NS?interval=1mo&range=max&includeAdjustedClose=true
2026-05-30 19:22:47,329 [WARNING] services.market_data_service: OHLCV history failed for DUMMYVEDL3: 404 Client Error: Not Found for url: https://query1.finance.yahoo.com/v8/finance/chart/DUMMYVEDL3.NS?interval=1mo&range=max&includeAdjustedClose=true
2026-05-30 19:22:47,448 [WARNING] services.market_data_service: OHLCV history failed for DUMMYVEDL4: 404 Client Error: Not Found for url: https://query1.finance.yahoo.com/v8/finance/chart/DUMMYVEDL4.NS?interval=1mo&range=max&includeAdjustedClose=true
2026-05-30 19:22:47,585 [WARNING] services.market_data_service: OHLCV history failed for DUMMYVEDL2: 404 Client Error: Not Found for url: https://query1.finance.yahoo.com/v8/finance/chart/DUMMYVEDL2.NS?interval=1mo&range=max&includeAdjustedClose=true
2026-05-30 21:41:16,045 [INFO] services.screener_service: Screener.in session configured.
2026-05-30 21:41:16,048 [INFO] services.screener_service: Screener.in session configured.
2026-05-30 21:41:17,278 [INFO] backend: GET /api/stocks/RELIANCE/ohlcv -> 200 in 2967ms
2026-05-30 21:41:17,284 [INFO] backend: GET /api/stocks/RELIANCE/fundamentals -> 200 in 2985ms
2026-05-30 21:41:17,285 [INFO] backend: GET /api/universe/all-symbols -> 200 in 2967ms
2026-05-30 21:41:17,289 [INFO] backend: GET /api/stocks/RELIANCE/quarterly -> 200 in 2926ms
2026-05-30 21:41:17,441 [INFO] backend: GET /api/stocks/RELIANCE/indicators -> 200 in 3126ms
2026-05-30 21:41:18,736 [INFO] backend: GET /api/stocks/RELIANCE/cash-flow -> 200 in 1440ms
2026-05-30 21:41:18,873 [INFO] backend: GET /api/stocks/RELIANCE/balance-sheet -> 200 in 1578ms
2026-05-30 21:41:18,940 [INFO] backend: GET /api/patterns/detect/RELIANCE -> 200 in 1648ms
2026-05-30 21:41:19,129 [INFO] backend: GET /api/stocks/RELIANCE/ratios-history -> 200 in 1832ms
2026-05-30 21:41:19,244 [INFO] backend: GET /api/stocks/RELIANCE/verdict -> 200 in 4919ms
2026-05-30 21:41:19,245 [INFO] backend: GET /api/stocks/RELIANCE/shareholding -> 200 in 1242ms
2026-05-30 21:41:20,989 [INFO] backend: GET /api/stocks/RELIANCE/peers -> 200 in 1796ms
2026-05-30 21:41:22,728 [INFO] backend: GET /api/patterns/detect/HUDCO -> 200 in 1660ms
2026-05-30 21:41:22,750 [INFO] backend: GET /api/stocks/HUDCO/shareholding -> 200 in 1652ms
2026-05-30 21:41:22,752 [INFO] backend: GET /api/stocks/HUDCO/cash-flow -> 200 in 1663ms
2026-05-30 21:41:22,753 [INFO] backend: GET /api/stocks/HUDCO/ratios-history -> 200 in 1657ms
2026-05-30 21:41:22,757 [INFO] backend: GET /api/stocks/HUDCO/balance-sheet -> 200 in 1669ms
2026-05-30 21:41:22,758 [INFO] backend: GET /api/stocks/HUDCO/verdict -> 200 in 2597ms
2026-05-30 21:41:23,787 [INFO] backend: GET /api/stocks/HUDCO/peers -> 200 in 1031ms
2026-05-30 21:47:38,494 [WARNING] services.nse_service: NSE API /api/quote-equity → 403
2026-05-30 21:47:38,510 [WARNING] services.nse_service: NSE API /api/quote-equity → 403
2026-05-30 21:47:38,512 [WARNING] services.nse_service: NSE API /api/quote-equity → 403
2026-05-30 21:47:54,298 [WARNING] services.nse_service: NSE API /api/equity-stockIndices → 404
2026-05-30 21:47:54,415 [WARNING] services.nse_service: NSE API /api/equity-stockIndices → 404
2026-05-30 21:47:54,492 [WARNING] services.nse_service: NSE API /api/equity-stockIndices → 404
2026-05-30 21:47:54,581 [WARNING] services.nse_service: NSE API /api/equity-stockIndices → 404
2026-05-30 21:47:54,674 [WARNING] services.nse_service: NSE API /api/equity-stockIndices → 404
2026-05-30 21:47:54,768 [WARNING] services.nse_service: NSE API /api/equity-stockIndices → 404
2026-05-30 21:47:59,807 [INFO] backend: GET /api/fno/vix -> 200 in 1315ms
2026-05-30 21:47:59,847 [WARNING] services.fno_data_service: FNO NSE API /api/quote-derivative?symbol=BANKNIFTY → 404
2026-05-30 21:47:59,850 [WARNING] services.fno_data_service: FNO NSE API /api/option-chain-indices → 404
2026-05-30 21:47:59,852 [WARNING] services.fno_data_service: FNO NSE API /api/quote-derivative?symbol=NIFTY → 404
2026-05-30 21:47:59,853 [WARNING] services.fno_data_service: FNO NSE API /api/quote-derivative?symbol=FINNIFTY → 404
2026-05-30 21:47:59,853 [WARNING] services.fno_data_service: FNO NSE API /api/option-chain-indices → 404
2026-05-30 21:47:59,855 [WARNING] services.fno_data_service: FNO NSE API /api/option-chain-indices → 404
2026-05-30 21:47:59,855 [INFO] services.fno_data_service: NSE option chain unavailable for FINNIFTY — using synthetic fallback
2026-05-30 21:47:59,857 [WARNING] services.fno_data_service: FNO NSE API /api/quote-derivative?symbol=MIDCPNIFTY → 404
2026-05-30 21:47:59,859 [INFO] services.fno_data_service: NSE option chain unavailable for NIFTY — using synthetic fallback
2026-05-30 21:47:59,859 [INFO] services.fno_data_service: NSE option chain unavailable for BANKNIFTY — using synthetic fallback
2026-05-30 21:47:59,875 [INFO] backend: GET /api/fno/oi-spurts -> 200 in 1357ms
2026-05-30 21:47:59,916 [INFO] backend: GET /api/fno/pcr -> 200 in 1403ms
2026-05-30 21:47:59,920 [INFO] backend: GET /api/fno/pcr -> 200 in 1401ms
2026-05-30 21:47:59,925 [INFO] backend: GET /api/fno/index-futures -> 200 in 1414ms
2026-05-30 21:47:59,938 [INFO] backend: GET /api/fno/pcr -> 200 in 1419ms
2026-05-30 21:50:00,631 [WARNING] services.fno_data_service: FNO NSE API /api/quote-derivative?symbol=BANKNIFTY → 404
2026-05-30 21:50:00,662 [WARNING] services.fno_data_service: FNO NSE API /api/option-chain-indices → 404
2026-05-30 21:50:00,662 [INFO] services.fno_data_service: NSE option chain unavailable for FINNIFTY — using synthetic fallback
2026-05-30 21:50:00,667 [WARNING] services.fno_data_service: FNO NSE API /api/quote-derivative?symbol=FINNIFTY → 404
2026-05-30 21:50:00,669 [WARNING] services.fno_data_service: FNO NSE API /api/quote-derivative?symbol=MIDCPNIFTY → 404
2026-05-30 21:50:00,679 [WARNING] services.fno_data_service: FNO NSE API /api/option-chain-indices → 404
2026-05-30 21:50:00,681 [INFO] services.fno_data_service: NSE option chain unavailable for NIFTY — using synthetic fallback
2026-05-30 21:50:00,700 [WARNING] services.fno_data_service: FNO NSE API /api/quote-derivative?symbol=NIFTY → 404
2026-05-30 21:50:00,841 [WARNING] services.fno_data_service: FNO NSE API /api/option-chain-indices → 404
2026-05-30 21:50:00,842 [INFO] services.fno_data_service: NSE option chain unavailable for BANKNIFTY — using synthetic fallback
2026-05-30 21:50:07,194 [WARNING] services.fno_data_service: FNO NSE API /api/equity-stockIndices → 404
2026-05-30 21:50:07,203 [WARNING] services.fno_data_service: FNO NSE API /api/option-chain-indices → 404
2026-05-30 21:50:07,203 [INFO] services.fno_data_service: NSE option chain unavailable for NIFTY — using synthetic fallback
2026-05-30 21:53:25,299 [INFO] backend: GET /api/fno/vix -> 200 in 1369ms
2026-05-30 21:53:25,316 [WARNING] services.fno_data_service: FNO NSE API /api/option-chain-indices → 404
2026-05-30 21:53:25,317 [INFO] services.fno_data_service: NSE option chain unavailable for FINNIFTY — using synthetic fallback
2026-05-30 21:53:25,322 [WARNING] services.fno_data_service: FNO NSE API /api/quote-derivative?symbol=FINNIFTY → 404
2026-05-30 21:53:25,325 [WARNING] services.fno_data_service: FNO NSE API /api/option-chain-indices → 404
2026-05-30 21:53:25,325 [INFO] services.fno_data_service: NSE option chain unavailable for BANKNIFTY — using synthetic fallback
2026-05-30 21:53:25,335 [WARNING] services.fno_data_service: FNO NSE API /api/quote-derivative?symbol=NIFTY → 404
2026-05-30 21:53:25,349 [WARNING] services.fno_data_service: FNO NSE API /api/quote-derivative?symbol=MIDCPNIFTY → 404
2026-05-30 21:53:25,354 [WARNING] services.fno_data_service: FNO NSE API /api/quote-derivative?symbol=BANKNIFTY → 404
2026-05-30 21:53:25,362 [WARNING] services.fno_data_service: FNO NSE API /api/option-chain-indices → 404
2026-05-30 21:53:25,363 [INFO] services.fno_data_service: NSE option chain unavailable for NIFTY — using synthetic fallback
2026-05-30 21:53:25,406 [INFO] backend: GET /api/fno/pcr -> 200 in 1442ms
2026-05-30 21:53:25,408 [INFO] backend: GET /api/fno/pcr -> 200 in 1444ms
2026-05-30 21:53:25,408 [INFO] backend: GET /api/fno/index-futures -> 200 in 1446ms
2026-05-30 21:53:25,442 [INFO] backend: GET /api/fno/pcr -> 200 in 1478ms
2026-05-30 21:53:25,818 [INFO] backend: GET /api/fno/oi-spurts -> 200 in 1856ms
2026-05-30 21:53:30,798 [INFO] services.us_market_service: YF session refreshed, crumb=cbTiDI…
2026-05-30 21:53:31,055 [INFO] backend: GET /api/market/status -> 200 in 1044ms
2026-05-30 21:53:32,005 [INFO] backend: GET /api/market/indices -> 200 in 1954ms
2026-05-30 21:53:35,549 [WARNING] services.nse_service: NSE API /api/equity-stockIndices → 404
2026-05-30 21:53:36,359 [INFO] backend: GET /api/market/universe/NIFTY 50/quotes -> 200 in 1003ms
2026-05-30 22:04:08,512 [INFO] backend: Backend shutting down
2026-05-30 22:04:14,723 [INFO] backend: Stock Intelligence Platform backend v2.0.0 starting (log: C:\Users\mohan\Stock App\stock-intelligence-platform\storage\logs\backend.log)
2026-05-30 22:09:12,370 [INFO] backend: Backend shutting down
2026-05-30 22:09:15,501 [INFO] backend: Stock Intelligence Platform backend v2.0.0 starting (log: C:\Users\mohan\Stock App\stock-intelligence-platform\storage\logs\backend.log)
2026-05-30 22:20:12,342 [WARNING] services.nse_service: NSE API /api/equity-stockIndices → 404
2026-05-30 22:20:13,157 [INFO] backend: GET /api/market/universe/NIFTY 50/quotes -> 200 in 1034ms
2026-05-30 22:20:13,359 [INFO] services.us_market_service: YF session refreshed, crumb=j48IkP…
2026-05-30 22:20:13,615 [INFO] backend: GET /api/market/sectors -> 200 in 1494ms
2026-05-30 22:27:42,673 [INFO] backend: Stock Intelligence Platform backend v2.0.0 starting (log: C:\Users\mohan\Stock App\stock-intelligence-platform\storage\logs\backend.log)
2026-05-30 22:27:45,063 [INFO] backend: GET /api/fno/option-chain/NIFTY -> 404 in 1ms
2026-05-30 22:27:45,066 [INFO] httpx: HTTP Request: GET http://testserver/api/fno/option-chain/NIFTY "HTTP/1.1 404 Not Found"
2026-05-30 22:27:45,597 [INFO] backend: GET /api/fno/option-chain/NIFTY -> 404 in 1ms
2026-05-30 22:27:45,598 [INFO] httpx: HTTP Request: GET http://testserver/api/fno/option-chain/NIFTY "HTTP/1.1 404 Not Found"
2026-05-30 22:27:45,607 [INFO] backend: GET /api/fno/option-chain/NIFTY -> 404 in 1ms
2026-05-30 22:27:45,608 [INFO] httpx: HTTP Request: GET http://testserver/api/fno/option-chain/NIFTY "HTTP/1.1 404 Not Found"
2026-05-30 22:27:45,643 [INFO] backend: GET /api/fno/option-chain/NIFTY -> 404 in 1ms
2026-05-30 22:27:45,646 [INFO] httpx: HTTP Request: GET http://testserver/api/fno/option-chain/NIFTY "HTTP/1.1 404 Not Found"
2026-05-30 22:27:45,688 [INFO] backend: GET /api/fno/option-chain/BANKNIFTY -> 404 in 2ms
2026-05-30 22:27:45,690 [INFO] httpx: HTTP Request: GET http://testserver/api/fno/option-chain/BANKNIFTY "HTTP/1.1 404 Not Found"
2026-05-30 22:27:45,709 [INFO] backend: GET /api/fno/option-chain/FAKESTOCK123 -> 404 in 1ms
2026-05-30 22:27:45,711 [INFO] httpx: HTTP Request: GET http://testserver/api/fno/option-chain/FAKESTOCK123 "HTTP/1.1 404 Not Found"
2026-05-30 22:27:45,721 [INFO] backend: GET /api/fno/option-chain/NIFTY -> 404 in 1ms
2026-05-30 22:27:45,722 [INFO] httpx: HTTP Request: GET http://testserver/api/fno/option-chain/NIFTY "HTTP/1.1 404 Not Found"
2026-05-30 22:27:46,982 [INFO] backend: GET /api/fno/vix -> 200 in 1255ms
2026-05-30 22:27:46,983 [INFO] httpx: HTTP Request: GET http://testserver/api/fno/vix "HTTP/1.1 200 OK"
2026-05-30 22:27:47,014 [INFO] httpx: HTTP Request: GET http://testserver/api/fno/vix "HTTP/1.1 200 OK"
2026-05-30 22:27:47,019 [INFO] backend: GET /api/fno/pcr/NIFTY -> 404 in 1ms
2026-05-30 22:27:47,019 [INFO] httpx: HTTP Request: GET http://testserver/api/fno/pcr/NIFTY "HTTP/1.1 404 Not Found"
2026-05-30 22:27:47,085 [INFO] backend: GET /api/fno/pcr/NIFTY -> 404 in 1ms
2026-05-30 22:27:47,086 [INFO] httpx: HTTP Request: GET http://testserver/api/fno/pcr/NIFTY "HTTP/1.1 404 Not Found"
2026-05-30 22:27:47,179 [WARNING] services.fno_data_service: FNO NSE API /api/equity-stockIndices → 404
2026-05-30 22:27:47,187 [INFO] httpx: HTTP Request: GET http://testserver/api/fno/symbols "HTTP/1.1 200 OK"
2026-05-30 22:27:47,236 [WARNING] services.fno_data_service: FNO NSE API /api/equity-stockIndices → 404
2026-05-30 22:27:47,240 [INFO] httpx: HTTP Request: GET http://testserver/api/fno/symbols "HTTP/1.1 200 OK"
2026-05-30 22:27:47,311 [INFO] httpx: HTTP Request: GET http://testserver/api/fno/oi-spurts "HTTP/1.1 200 OK"
2026-05-30 22:27:47,318 [INFO] backend: GET /api/fno/oi-buildup/NIFTY -> 404 in 0ms
2026-05-30 22:27:47,318 [INFO] httpx: HTTP Request: GET http://testserver/api/fno/oi-buildup/NIFTY "HTTP/1.1 404 Not Found"
2026-05-30 22:27:47,322 [INFO] backend: GET /api/fno/paper-trades -> 405 in 1ms
2026-05-30 22:27:47,324 [INFO] httpx: HTTP Request: GET http://testserver/api/fno/paper-trades "HTTP/1.1 405 Method Not Allowed"
2026-05-30 22:27:47,339 [INFO] httpx: HTTP Request: GET http://testserver/api/fno/paper-trades/equity-curve "HTTP/1.1 200 OK"
2026-05-30 22:27:47,347 [INFO] httpx: HTTP Request: POST http://testserver/api/fno/paper-trades "HTTP/1.1 200 OK"
2026-05-30 22:27:47,372 [INFO] httpx: HTTP Request: POST http://testserver/api/fno/paper-trades "HTTP/1.1 200 OK"
2026-05-30 22:27:47,497 [INFO] httpx: HTTP Request: GET http://testserver/api/market/status?region=IN "HTTP/1.1 200 OK"
2026-05-30 22:27:47,972 [INFO] services.us_market_service: YF session refreshed, crumb=Cz/F3y…
2026-05-30 22:27:48,167 [INFO] httpx: HTTP Request: GET http://testserver/api/market/status?region=US "HTTP/1.1 200 OK"
2026-05-30 22:27:48,204 [INFO] httpx: HTTP Request: GET http://testserver/api/market/status "HTTP/1.1 200 OK"
2026-05-30 22:27:48,239 [INFO] httpx: HTTP Request: GET http://testserver/api/market/status?region=EU "HTTP/1.1 200 OK"
2026-05-30 22:27:48,337 [WARNING] services.nse_service: NSE API /api/equity-stockIndices → 404
2026-05-30 22:27:48,396 [WARNING] services.nse_service: NSE API /api/equity-stockIndices → 404
2026-05-30 22:27:48,456 [WARNING] services.nse_service: NSE API /api/equity-stockIndices → 404
2026-05-30 22:27:48,534 [WARNING] services.nse_service: NSE API /api/equity-stockIndices → 404
2026-05-30 22:27:48,601 [WARNING] services.nse_service: NSE API /api/equity-stockIndices → 404
2026-05-30 22:27:48,662 [WARNING] services.nse_service: NSE API /api/equity-stockIndices → 404
2026-05-30 22:27:48,664 [INFO] httpx: HTTP Request: GET http://testserver/api/market/indices?region=IN "HTTP/1.1 200 OK"
2026-05-30 22:27:49,815 [INFO] backend: GET /api/market/indices -> 200 in 1145ms
2026-05-30 22:27:49,819 [INFO] httpx: HTTP Request: GET http://testserver/api/market/indices?region=US "HTTP/1.1 200 OK"
2026-05-30 22:27:49,874 [WARNING] services.nse_service: NSE API /api/equity-stockIndices → 404
2026-05-30 22:27:49,909 [WARNING] services.nse_service: NSE API /api/equity-stockIndices → 404
2026-05-30 22:27:49,943 [WARNING] services.nse_service: NSE API /api/equity-stockIndices → 404
2026-05-30 22:27:49,985 [WARNING] services.nse_service: NSE API /api/equity-stockIndices → 404
2026-05-30 22:27:50,013 [WARNING] services.nse_service: NSE API /api/equity-stockIndices → 404
2026-05-30 22:27:50,044 [WARNING] services.nse_service: NSE API /api/equity-stockIndices → 404
2026-05-30 22:27:50,046 [INFO] httpx: HTTP Request: GET http://testserver/api/market/indices?region=IN "HTTP/1.1 200 OK"
2026-05-30 22:27:50,087 [INFO] httpx: HTTP Request: GET http://testserver/api/market/sectors?region=IN "HTTP/1.1 200 OK"
2026-05-30 22:27:50,227 [INFO] httpx: HTTP Request: GET http://testserver/api/market/sectors?region=US "HTTP/1.1 200 OK"
2026-05-30 22:27:50,263 [INFO] httpx: HTTP Request: GET http://testserver/api/market/sectors?region=IN "HTTP/1.1 200 OK"
2026-05-30 22:27:50,300 [INFO] httpx: HTTP Request: GET http://testserver/api/market/sectors?region=US "HTTP/1.1 200 OK"
2026-05-30 22:27:50,346 [WARNING] services.nse_service: NSE API /api/equity-stockIndices → 404
2026-05-30 22:27:51,091 [INFO] httpx: HTTP Request: GET http://testserver/api/market/universe/NIFTY%2050/quotes?region=IN "HTTP/1.1 200 OK"
2026-05-30 22:27:51,133 [WARNING] services.nse_service: NSE API /api/equity-stockIndices → 404
2026-05-30 22:27:51,937 [INFO] httpx: HTTP Request: GET http://testserver/api/market/universe/NIFTY%2050/quotes?region=IN "HTTP/1.1 200 OK"
2026-05-30 22:27:52,103 [INFO] httpx: HTTP Request: GET http://testserver/api/market/universe/DOW%2030/quotes?region=US "HTTP/1.1 200 OK"
2026-05-30 22:27:52,174 [WARNING] services.nse_service: NSE API /api/equity-stockIndices → 404
2026-05-30 22:27:52,179 [WARNING] backend.routers.market: Universe fallback: JSON file not found: C:\Users\mohan\Stock App\stock-intelligence-platform\storage\universe\NONEXISTENT_INDEX.json
2026-05-30 22:27:52,185 [INFO] httpx: HTTP Request: GET http://testserver/api/market/universe/NONEXISTENT_INDEX/quotes?region=IN "HTTP/1.1 200 OK"
2026-05-30 22:27:52,235 [INFO] httpx: HTTP Request: GET http://testserver/api/market/fii-dii "HTTP/1.1 200 OK"
2026-05-30 22:27:52,266 [INFO] httpx: HTTP Request: GET http://testserver/api/market/fii-dii "HTTP/1.1 200 OK"
2026-05-30 22:27:52,308 [INFO] httpx: HTTP Request: GET http://testserver/api/market/status?region=IN "HTTP/1.1 200 OK"
2026-05-30 22:27:52,367 [INFO] httpx: HTTP Request: GET http://testserver/api/market/status?region=US "HTTP/1.1 200 OK"
2026-05-30 22:27:52,404 [INFO] httpx: HTTP Request: GET http://testserver/api/market/sectors?region=IN "HTTP/1.1 200 OK"
2026-05-30 22:27:52,511 [INFO] httpx: HTTP Request: GET http://testserver/api/market/sectors?region=US "HTTP/1.1 200 OK"
2026-05-30 22:27:52,548 [WARNING] services.nse_service: NSE API /api/equity-stockIndices → 404
2026-05-30 22:27:53,135 [INFO] httpx: HTTP Request: GET http://testserver/api/market/universe/NIFTY%2050/quotes?region=IN "HTTP/1.1 200 OK"
2026-05-30 22:27:53,200 [INFO] httpx: HTTP Request: GET http://testserver/api/market/universe/DOW%2030/quotes?region=US "HTTP/1.1 200 OK"
2026-05-30 22:27:53,266 [INFO] httpx: HTTP Request: GET http://testserver/api/market/fii-dii "HTTP/1.1 200 OK"
2026-05-30 22:27:53,420 [WARNING] services.market_data_service: OHLCV history failed for RELIANCE: 404 Client Error: Not Found for url: https://query1.finance.yahoo.com/v8/finance/chart/RELIANCE?interval=1d&range=1y&includeAdjustedClose=true
2026-05-30 22:27:53,421 [INFO] backend: GET /api/stocks/RELIANCE/ohlcv -> 404 in 147ms
2026-05-30 22:27:53,422 [INFO] httpx: HTTP Request: GET http://testserver/api/stocks/RELIANCE/ohlcv?region=US&timeframe=1D "HTTP/1.1 404 Not Found"
2026-05-30 22:27:53,577 [WARNING] services.market_data_service: OHLCV history failed for AAPL: 404 Client Error: Not Found for url: https://query1.finance.yahoo.com/v8/finance/chart/AAPL.NS?interval=1d&range=1y&includeAdjustedClose=true
2026-05-30 22:27:53,578 [INFO] backend: GET /api/stocks/AAPL/ohlcv -> 404 in 151ms
2026-05-30 22:27:53,579 [INFO] httpx: HTTP Request: GET http://testserver/api/stocks/AAPL/ohlcv?region=IN&timeframe=1D "HTTP/1.1 404 Not Found"
2026-05-30 22:27:54,092 [INFO] httpx: HTTP Request: GET http://testserver/api/stocks/INFY/ohlcv?region=IN&timeframe=1D "HTTP/1.1 200 OK"
2026-05-30 22:27:54,304 [INFO] httpx: HTTP Request: GET http://testserver/api/stocks/INFY/ohlcv?region=US&timeframe=1D "HTTP/1.1 200 OK"
2026-05-30 22:27:54,309 [INFO] httpx: HTTP Request: GET http://testserver/api/universe/list?region=IN "HTTP/1.1 200 OK"
2026-05-30 22:27:54,312 [INFO] httpx: HTTP Request: GET http://testserver/api/universe/list?region=US "HTTP/1.1 200 OK"
2026-05-30 22:27:54,317 [INFO] httpx: HTTP Request: GET http://testserver/api/universe/NIFTY%2050/symbols?region=IN "HTTP/1.1 200 OK"
2026-05-30 22:27:54,533 [INFO] httpx: HTTP Request: GET http://testserver/api/stocks/RELIANCE/ohlcv?region=IN&timeframe=1D "HTTP/1.1 200 OK"
2026-05-30 22:27:54,778 [INFO] httpx: HTTP Request: GET http://testserver/api/stocks/AAPL/ohlcv?region=US&timeframe=1D "HTTP/1.1 200 OK"
2026-05-30 22:27:54,903 [INFO] httpx: HTTP Request: GET http://testserver/api/stocks/RELIANCE/ohlcv?region=IN&timeframe=1D "HTTP/1.1 200 OK"
2026-05-30 22:27:55,127 [INFO] httpx: HTTP Request: GET http://testserver/api/stocks/RELIANCE/ohlcv?region=IN&timeframe=1D "HTTP/1.1 200 OK"
2026-05-30 22:27:55,384 [INFO] httpx: HTTP Request: GET http://testserver/api/stocks/RELIANCE/ohlcv?region=IN&timeframe=1W "HTTP/1.1 200 OK"
2026-05-30 22:27:55,630 [INFO] httpx: HTTP Request: GET http://testserver/api/stocks/RELIANCE/ohlcv?region=IN&timeframe=1M "HTTP/1.1 200 OK"
2026-05-30 22:27:55,793 [WARNING] services.market_data_service: OHLCV history failed for UNKNOWNSYMBOL99999: 404 Client Error: Not Found for url: https://query1.finance.yahoo.com/v8/finance/chart/UNKNOWNSYMBOL99999.NS?interval=1d&range=1y&includeAdjustedClose=true
2026-05-30 22:27:55,794 [INFO] backend: GET /api/stocks/UNKNOWNSYMBOL99999/ohlcv -> 404 in 160ms
2026-05-30 22:27:55,795 [INFO] httpx: HTTP Request: GET http://testserver/api/stocks/UNKNOWNSYMBOL99999/ohlcv?region=IN&timeframe=1D "HTTP/1.1 404 Not Found"
2026-05-30 22:27:56,049 [INFO] httpx: HTTP Request: GET http://testserver/api/stocks/RELIANCE/indicators?region=IN&timeframe=1D "HTTP/1.1 200 OK"
2026-05-30 22:27:56,171 [INFO] httpx: HTTP Request: GET http://testserver/api/stocks/RELIANCE/indicators?region=IN&timeframe=1D "HTTP/1.1 200 OK"
2026-05-30 22:27:56,265 [INFO] httpx: HTTP Request: GET http://testserver/api/stocks/RELIANCE/indicators?region=IN&timeframe=1D "HTTP/1.1 200 OK"
2026-05-30 22:27:56,458 [INFO] services.screener_service: Screener.in session configured.
2026-05-30 22:27:56,927 [INFO] httpx: HTTP Request: GET http://testserver/api/stocks/RELIANCE/fundamentals?region=IN "HTTP/1.1 200 OK"
2026-05-30 22:27:57,315 [INFO] httpx: HTTP Request: GET http://testserver/api/stocks/RELIANCE/fundamentals?region=IN "HTTP/1.1 200 OK"
2026-05-30 22:27:57,675 [INFO] httpx: HTTP Request: GET http://testserver/api/stocks/AAPL/fundamentals?region=US "HTTP/1.1 200 OK"
2026-05-30 22:27:58,465 [INFO] httpx: HTTP Request: GET http://testserver/api/stocks/RELIANCE/verdict?region=IN&timeframe=1D "HTTP/1.1 200 OK"
2026-05-30 22:27:59,052 [INFO] httpx: HTTP Request: GET http://testserver/api/stocks/RELIANCE/verdict?region=IN&timeframe=1D "HTTP/1.1 200 OK"
2026-05-30 22:27:59,089 [INFO] httpx: HTTP Request: GET http://testserver/api/stocks/RELIANCE/ohlcv?region=IN&timeframe=1D "HTTP/1.1 200 OK"
2026-05-30 22:27:59,181 [WARNING] services.market_data_service: OHLCV history failed for RELIANCE: 404 Client Error: Not Found for url: https://query1.finance.yahoo.com/v8/finance/chart/RELIANCE?interval=1d&range=1y&includeAdjustedClose=true
2026-05-30 22:27:59,182 [INFO] backend: GET /api/stocks/RELIANCE/ohlcv -> 404 in 92ms
2026-05-30 22:27:59,183 [INFO] httpx: HTTP Request: GET http://testserver/api/stocks/RELIANCE/ohlcv?region=US&timeframe=1D "HTTP/1.1 404 Not Found"
2026-05-30 22:27:59,246 [WARNING] services.market_data_service: OHLCV history failed for AAPL: 404 Client Error: Not Found for url: https://query1.finance.yahoo.com/v8/finance/chart/AAPL.NS?interval=1d&range=1y&includeAdjustedClose=true
2026-05-30 22:27:59,251 [INFO] backend: GET /api/stocks/AAPL/ohlcv -> 404 in 64ms
2026-05-30 22:27:59,253 [INFO] httpx: HTTP Request: GET http://testserver/api/stocks/AAPL/ohlcv?region=IN&timeframe=1D "HTTP/1.1 404 Not Found"
2026-05-30 22:27:59,466 [INFO] httpx: HTTP Request: GET http://testserver/api/stocks/AAPL/ohlcv?region=US&timeframe=1D "HTTP/1.1 200 OK"
2026-05-30 22:27:59,473 [INFO] httpx: HTTP Request: GET http://testserver/api/universe/list?region=IN "HTTP/1.1 200 OK"
2026-05-30 22:27:59,479 [INFO] httpx: HTTP Request: GET http://testserver/api/universe/list?region=IN "HTTP/1.1 200 OK"
2026-05-30 22:27:59,486 [INFO] httpx: HTTP Request: GET http://testserver/api/universe/list?region=US "HTTP/1.1 200 OK"
2026-05-30 22:27:59,497 [INFO] httpx: HTTP Request: GET http://testserver/api/universe/list?region=US "HTTP/1.1 200 OK"
2026-05-30 22:27:59,526 [INFO] httpx: HTTP Request: GET http://testserver/api/universe/NIFTY%2050/symbols?region=IN "HTTP/1.1 200 OK"
2026-05-30 22:27:59,557 [INFO] httpx: HTTP Request: GET http://testserver/api/universe/NIFTY%2050/symbols?region=IN "HTTP/1.1 200 OK"
2026-05-30 22:27:59,569 [INFO] httpx: HTTP Request: GET http://testserver/api/universe/NIFTY%2050/symbols?region=IN&limit=10 "HTTP/1.1 200 OK"
2026-05-30 22:27:59,574 [INFO] httpx: HTTP Request: GET http://testserver/api/universe/DOW%2030/symbols?region=US "HTTP/1.1 200 OK"
2026-05-30 22:27:59,581 [WARNING] services.universe_sync: Failed to fetch TOTALLY_UNKNOWN from NSE: Invalid URL 'None': No scheme supplied. Perhaps you meant https://None?. Using fallback.
2026-05-30 22:27:59,584 [INFO] httpx: HTTP Request: GET http://testserver/api/universe/TOTALLY_UNKNOWN/symbols?region=IN "HTTP/1.1 200 OK"
2026-05-30 22:27:59,839 [INFO] httpx: HTTP Request: POST http://testserver/api/universe/NIFTY%2050/sync?region=IN "HTTP/1.1 200 OK"
2026-05-30 22:27:59,845 [INFO] backend: Stock Intelligence Platform backend v2.0.0 starting (log: C:\Users\mohan\Stock App\stock-intelligence-platform\storage\logs\backend.log)
2026-05-30 22:27:59,889 [WARNING] services.nse_service: NSE API /api/quote-equity → 403
2026-05-30 22:27:59,901 [WARNING] services.nse_service: NSE API /api/quote-equity → 403
2026-05-30 22:27:59,901 [WARNING] services.nse_service: NSE API /api/quote-equity → 403
2026-05-30 22:27:59,901 [WARNING] services.nse_service: NSE API /api/quote-equity → 403
2026-05-30 22:27:59,902 [WARNING] services.nse_service: NSE API /api/quote-equity → 403
2026-05-30 22:28:00,180 [INFO] httpx: HTTP Request: GET http://testserver/api/watchlist "HTTP/1.1 200 OK"
2026-05-30 22:28:00,182 [INFO] backend: Backend shutting down
2026-05-30 22:28:00,458 [INFO] backend: Stock Intelligence Platform backend v2.0.0 starting (log: C:\Users\mohan\Stock App\stock-intelligence-platform\storage\logs\backend.log)
2026-05-30 22:28:00,476 [INFO] httpx: HTTP Request: POST http://testserver/api/watchlist/add "HTTP/1.1 200 OK"
2026-05-30 22:28:00,478 [INFO] backend: Backend shutting down
2026-05-30 22:28:01,118 [INFO] backend: Stock Intelligence Platform backend v2.0.0 starting (log: C:\Users\mohan\Stock App\stock-intelligence-platform\storage\logs\backend.log)
2026-05-30 22:28:01,142 [INFO] httpx: HTTP Request: POST http://testserver/api/watchlist/add "HTTP/1.1 200 OK"
2026-05-30 22:28:01,175 [WARNING] services.nse_service: NSE API /api/quote-equity → 403
2026-05-30 22:28:01,177 [WARNING] services.nse_service: NSE API /api/quote-equity → 403
2026-05-30 22:28:01,178 [WARNING] services.nse_service: NSE API /api/quote-equity → 403
2026-05-30 22:28:01,180 [WARNING] services.nse_service: NSE API /api/quote-equity → 403
2026-05-30 22:28:01,190 [WARNING] services.nse_service: NSE API /api/quote-equity → 403
2026-05-30 22:28:01,222 [WARNING] services.nse_service: NSE API /api/quote-equity → 403
2026-05-30 22:28:01,264 [WARNING] services.market_data_service: OHLCV history failed for TEST_WL_SYMBOL: 404 Client Error: Not Found for url: https://query1.finance.yahoo.com/v8/finance/chart/TEST_WL_SYMBOL?interval=1d&range=6mo&includeAdjustedClose=true
2026-05-30 22:28:01,383 [INFO] httpx: HTTP Request: GET http://testserver/api/watchlist "HTTP/1.1 200 OK"
2026-05-30 22:28:01,385 [INFO] backend: Backend shutting down
2026-05-30 22:28:01,690 [INFO] backend: Stock Intelligence Platform backend v2.0.0 starting (log: C:\Users\mohan\Stock App\stock-intelligence-platform\storage\logs\backend.log)
2026-05-30 22:28:01,705 [INFO] httpx: HTTP Request: POST http://testserver/api/watchlist/add "HTTP/1.1 200 OK"
2026-05-30 22:28:01,709 [INFO] httpx: HTTP Request: POST http://testserver/api/watchlist/add "HTTP/1.1 200 OK"
2026-05-30 22:28:01,711 [INFO] backend: Backend shutting down
2026-05-30 22:28:02,249 [INFO] backend: Stock Intelligence Platform backend v2.0.0 starting (log: C:\Users\mohan\Stock App\stock-intelligence-platform\storage\logs\backend.log)
2026-05-30 22:28:02,263 [INFO] httpx: HTTP Request: POST http://testserver/api/watchlist/add "HTTP/1.1 200 OK"
2026-05-30 22:28:02,269 [INFO] httpx: HTTP Request: DELETE http://testserver/api/watchlist/TEST_WL_SYMBOL "HTTP/1.1 200 OK"
2026-05-30 22:28:02,271 [INFO] backend: Backend shutting down
2026-05-30 22:28:02,755 [INFO] backend: Stock Intelligence Platform backend v2.0.0 starting (log: C:\Users\mohan\Stock App\stock-intelligence-platform\storage\logs\backend.log)
2026-05-30 22:28:02,780 [INFO] httpx: HTTP Request: POST http://testserver/api/watchlist/add "HTTP/1.1 200 OK"
2026-05-30 22:28:02,791 [INFO] httpx: HTTP Request: DELETE http://testserver/api/watchlist/TEST_WL_SYMBOL "HTTP/1.1 200 OK"
2026-05-30 22:28:02,826 [WARNING] services.nse_service: NSE API /api/quote-equity → 403
2026-05-30 22:28:02,831 [WARNING] services.nse_service: NSE API /api/quote-equity → 403
2026-05-30 22:28:02,832 [WARNING] services.nse_service: NSE API /api/quote-equity → 403
2026-05-30 22:28:02,834 [WARNING] services.nse_service: NSE API /api/quote-equity → 403
2026-05-30 22:28:02,837 [WARNING] services.nse_service: NSE API /api/quote-equity → 403
2026-05-30 22:28:02,981 [INFO] httpx: HTTP Request: GET http://testserver/api/watchlist "HTTP/1.1 200 OK"
2026-05-30 22:28:02,986 [INFO] backend: Backend shutting down
2026-05-30 22:28:03,256 [INFO] backend: Stock Intelligence Platform backend v2.0.0 starting (log: C:\Users\mohan\Stock App\stock-intelligence-platform\storage\logs\backend.log)
2026-05-30 22:28:03,269 [INFO] backend: DELETE /api/watchlist/SYMBOL_THAT_DOES_NOT_EXIST_XYZ -> 404 in 5ms
2026-05-30 22:28:03,270 [INFO] httpx: HTTP Request: DELETE http://testserver/api/watchlist/SYMBOL_THAT_DOES_NOT_EXIST_XYZ "HTTP/1.1 404 Not Found"
2026-05-30 22:28:03,272 [INFO] backend: Backend shutting down
2026-05-30 22:28:03,737 [INFO] backend: Stock Intelligence Platform backend v2.0.0 starting (log: C:\Users\mohan\Stock App\stock-intelligence-platform\storage\logs\backend.log)
2026-05-30 22:28:03,754 [INFO] httpx: HTTP Request: POST http://testserver/api/watchlist/add "HTTP/1.1 200 OK"
2026-05-30 22:28:03,797 [WARNING] services.nse_service: NSE API /api/quote-equity → 403
2026-05-30 22:28:03,797 [WARNING] services.nse_service: NSE API /api/quote-equity → 403
2026-05-30 22:28:03,799 [WARNING] services.nse_service: NSE API /api/quote-equity → 403
2026-05-30 22:28:03,799 [WARNING] services.nse_service: NSE API /api/quote-equity → 403
2026-05-30 22:28:03,799 [WARNING] services.nse_service: NSE API /api/quote-equity → 403
2026-05-30 22:28:03,815 [WARNING] services.nse_service: NSE API /api/quote-equity → 403
2026-05-30 22:28:03,873 [WARNING] services.market_data_service: OHLCV history failed for TEST_WL_SYMBOL: 404 Client Error: Not Found for url: https://query1.finance.yahoo.com/v8/finance/chart/TEST_WL_SYMBOL?interval=1d&range=6mo&includeAdjustedClose=true
2026-05-30 22:28:03,927 [INFO] httpx: HTTP Request: GET http://testserver/api/watchlist "HTTP/1.1 200 OK"
2026-05-30 22:28:03,929 [INFO] backend: Backend shutting down
2026-05-30 22:28:04,386 [INFO] backend: Stock Intelligence Platform backend v2.0.0 starting (log: C:\Users\mohan\Stock App\stock-intelligence-platform\storage\logs\backend.log)
2026-05-30 22:28:04,399 [INFO] backend: POST /api/watchlist/add -> 422 in 8ms
2026-05-30 22:28:04,400 [INFO] httpx: HTTP Request: POST http://testserver/api/watchlist/add "HTTP/1.1 422 Unprocessable Entity"
2026-05-30 22:28:04,404 [INFO] backend: Backend shutting down
2026-05-30 22:28:05,320 [INFO] backend: Stock Intelligence Platform backend v2.0.0 starting (log: C:\Users\mohan\Stock App\stock-intelligence-platform\storage\logs\backend.log)
2026-05-30 22:28:05,333 [INFO] httpx: HTTP Request: POST http://testserver/api/watchlist/add "HTTP/1.1 200 OK"
2026-05-30 22:28:05,371 [WARNING] services.nse_service: NSE API /api/quote-equity → 403
2026-05-30 22:28:05,372 [WARNING] services.nse_service: NSE API /api/quote-equity → 403
2026-05-30 22:28:05,383 [WARNING] services.nse_service: NSE API /api/quote-equity → 403
2026-05-30 22:28:05,386 [WARNING] services.nse_service: NSE API /api/quote-equity → 403
2026-05-30 22:28:05,388 [WARNING] services.nse_service: NSE API /api/quote-equity → 403
2026-05-30 22:28:05,389 [WARNING] services.nse_service: NSE API /api/quote-equity → 403
2026-05-30 22:28:05,485 [WARNING] services.market_data_service: OHLCV history failed for TEST_WL_SYMBOL: 404 Client Error: Not Found for url: https://query1.finance.yahoo.com/v8/finance/chart/TEST_WL_SYMBOL?interval=1d&range=6mo&includeAdjustedClose=true
2026-05-30 22:28:05,529 [INFO] httpx: HTTP Request: GET http://testserver/api/watchlist "HTTP/1.1 200 OK"
2026-05-30 22:28:05,541 [INFO] backend: Backend shutting down
2026-05-30 22:28:05,833 [INFO] backend: Stock Intelligence Platform backend v2.0.0 starting (log: C:\Users\mohan\Stock App\stock-intelligence-platform\storage\logs\backend.log)
2026-05-30 22:28:05,852 [INFO] httpx: HTTP Request: POST http://testserver/api/watchlist/add "HTTP/1.1 200 OK"
2026-05-30 22:28:05,893 [WARNING] services.nse_service: NSE API /api/quote-equity → 403
2026-05-30 22:28:05,896 [WARNING] services.nse_service: NSE API /api/quote-equity → 403
2026-05-30 22:28:05,897 [WARNING] services.nse_service: NSE API /api/quote-equity → 403
2026-05-30 22:28:05,897 [WARNING] services.nse_service: NSE API /api/quote-equity → 403
2026-05-30 22:28:05,899 [WARNING] services.nse_service: NSE API /api/quote-equity → 403
2026-05-30 22:28:05,901 [WARNING] services.nse_service: NSE API /api/quote-equity → 403
2026-05-30 22:28:05,955 [WARNING] services.nse_service: NSE API /api/quote-equity → 403
2026-05-30 22:28:05,980 [WARNING] services.market_data_service: OHLCV history failed for TEST_WL_SYMBOL: 404 Client Error: Not Found for url: https://query1.finance.yahoo.com/v8/finance/chart/TEST_WL_SYMBOL?interval=1d&range=6mo&includeAdjustedClose=true
2026-05-30 22:28:06,151 [INFO] httpx: HTTP Request: GET http://testserver/api/watchlist "HTTP/1.1 200 OK"
2026-05-30 22:28:06,157 [INFO] backend: Backend shutting down
2026-05-30 22:28:06,281 [INFO] backend: Stock Intelligence Platform backend v2.0.0 starting (log: C:\Users\mohan\Stock App\stock-intelligence-platform\storage\logs\backend.log)
2026-05-30 22:28:06,302 [INFO] httpx: HTTP Request: POST http://testserver/api/watchlist/add "HTTP/1.1 200 OK"
2026-05-30 22:28:06,362 [WARNING] services.nse_service: NSE API /api/quote-equity → 403
2026-05-30 22:28:06,364 [WARNING] services.nse_service: NSE API /api/quote-equity → 403
2026-05-30 22:28:06,382 [WARNING] services.nse_service: NSE API /api/quote-equity → 403
2026-05-30 22:28:06,390 [WARNING] services.nse_service: NSE API /api/quote-equity → 403
2026-05-30 22:28:06,392 [WARNING] services.nse_service: NSE API /api/quote-equity → 403
2026-05-30 22:28:06,394 [WARNING] services.nse_service: NSE API /api/quote-equity → 403
2026-05-30 22:28:06,410 [WARNING] services.nse_service: NSE API /api/quote-equity → 403
2026-05-30 22:28:06,415 [WARNING] services.nse_service: NSE API /api/quote-equity → 403
2026-05-30 22:28:06,517 [WARNING] services.market_data_service: OHLCV history failed for RELIANCE: 404 Client Error: Not Found for url: https://query1.finance.yahoo.com/v8/finance/chart/RELIANCE?interval=1d&range=6mo&includeAdjustedClose=true
2026-05-30 22:28:06,538 [WARNING] services.market_data_service: OHLCV history failed for TEST_WL_SYMBOL: 404 Client Error: Not Found for url: https://query1.finance.yahoo.com/v8/finance/chart/TEST_WL_SYMBOL?interval=1d&range=6mo&includeAdjustedClose=true
2026-05-30 22:28:06,570 [INFO] httpx: HTTP Request: GET http://testserver/api/watchlist "HTTP/1.1 200 OK"
2026-05-30 22:28:06,576 [INFO] backend: Backend shutting down
2026-05-30 22:28:07,084 [INFO] backend: Backend shutting down
2026-05-30 22:40:47,492 [INFO] backend: Stock Intelligence Platform backend v2.0.0 starting (log: C:\Users\mohan\Stock App\stock-intelligence-platform\storage\logs\backend.log)
2026-05-30 22:40:51,273 [WARNING] services.fno_data_service: FNO NSE API /api/option-chain-indices → 404
2026-05-30 22:40:51,274 [INFO] services.fno_data_service: NSE option chain unavailable for NIFTY — using synthetic fallback
2026-05-30 22:40:51,334 [INFO] backend: GET /api/fno/option-chain -> 200 in 1358ms
2026-05-30 22:40:51,335 [INFO] httpx: HTTP Request: GET http://testserver/api/fno/option-chain?symbol=NIFTY "HTTP/1.1 200 OK"
2026-05-30 22:40:51,361 [WARNING] services.fno_data_service: FNO NSE API /api/option-chain-indices → 404
2026-05-30 22:40:51,362 [INFO] services.fno_data_service: NSE option chain unavailable for NIFTY — using synthetic fallback
2026-05-30 22:40:51,405 [INFO] httpx: HTTP Request: GET http://testserver/api/fno/option-chain?symbol=NIFTY "HTTP/1.1 200 OK"
2026-05-30 22:40:51,432 [WARNING] services.fno_data_service: FNO NSE API /api/option-chain-indices → 404
2026-05-30 22:40:51,433 [INFO] services.fno_data_service: NSE option chain unavailable for NIFTY — using synthetic fallback
2026-05-30 22:40:51,474 [INFO] httpx: HTTP Request: GET http://testserver/api/fno/option-chain?symbol=NIFTY "HTTP/1.1 200 OK"
2026-05-30 22:40:51,853 [WARNING] services.fno_data_service: FNO NSE API /api/option-chain-indices → 404
2026-05-30 22:40:51,853 [INFO] services.fno_data_service: NSE option chain unavailable for NIFTY — using synthetic fallback
2026-05-30 22:40:51,895 [INFO] httpx: HTTP Request: GET http://testserver/api/fno/option-chain?symbol=NIFTY "HTTP/1.1 200 OK"
2026-05-30 22:40:52,056 [WARNING] services.fno_data_service: FNO NSE API /api/option-chain-indices → 404
2026-05-30 22:40:52,056 [INFO] services.fno_data_service: NSE option chain unavailable for BANKNIFTY — using synthetic fallback
2026-05-30 22:40:52,099 [INFO] httpx: HTTP Request: GET http://testserver/api/fno/option-chain?symbol=BANKNIFTY "HTTP/1.1 200 OK"
2026-05-30 22:40:52,156 [INFO] services.fno_data_service: Empty NSE chain for FAKESTOCK123 — using synthetic fallback
2026-05-30 22:40:52,234 [WARNING] services.fno_data_service: FNO NSE API /api/quote-derivative → 404
2026-05-30 22:40:52,244 [INFO] httpx: HTTP Request: GET http://testserver/api/fno/option-chain?symbol=FAKESTOCK123 "HTTP/1.1 200 OK"
2026-05-30 22:40:52,275 [WARNING] services.fno_data_service: FNO NSE API /api/option-chain-indices → 404
2026-05-30 22:40:52,275 [INFO] services.fno_data_service: NSE option chain unavailable for NIFTY — using synthetic fallback
2026-05-30 22:40:52,333 [INFO] httpx: HTTP Request: GET http://testserver/api/fno/option-chain "HTTP/1.1 200 OK"
2026-05-30 22:40:52,360 [WARNING] services.fno_data_service: FNO NSE API /api/option-chain-indices → 404
2026-05-30 22:40:52,361 [INFO] services.fno_data_service: NSE option chain unavailable for NIFTY — using synthetic fallback
2026-05-30 22:40:52,403 [INFO] httpx: HTTP Request: GET http://testserver/api/fno/option-chain?symbol=NIFTY "HTTP/1.1 200 OK"
2026-05-30 22:40:52,430 [WARNING] services.fno_data_service: FNO NSE API /api/option-chain-indices → 404
2026-05-30 22:40:52,430 [INFO] services.fno_data_service: NSE option chain unavailable for NIFTY — using synthetic fallback
2026-05-30 22:40:52,463 [INFO] httpx: HTTP Request: GET http://testserver/api/fno/option-chain?symbol=NIFTY&expiry=04-Jun-2026 "HTTP/1.1 200 OK"
2026-05-30 22:40:52,505 [INFO] httpx: HTTP Request: GET http://testserver/api/fno/vix "HTTP/1.1 200 OK"
2026-05-30 22:40:52,541 [INFO] httpx: HTTP Request: GET http://testserver/api/fno/vix "HTTP/1.1 200 OK"
2026-05-30 22:40:52,566 [WARNING] services.fno_data_service: FNO NSE API /api/option-chain-indices → 404
2026-05-30 22:40:52,566 [INFO] services.fno_data_service: NSE option chain unavailable for NIFTY — using synthetic fallback
2026-05-30 22:40:52,600 [INFO] httpx: HTTP Request: GET http://testserver/api/fno/pcr?symbol=NIFTY "HTTP/1.1 200 OK"
2026-05-30 22:40:52,625 [WARNING] services.fno_data_service: FNO NSE API /api/option-chain-indices → 404
2026-05-30 22:40:52,625 [INFO] services.fno_data_service: NSE option chain unavailable for NIFTY — using synthetic fallback
2026-05-30 22:40:52,660 [INFO] httpx: HTTP Request: GET http://testserver/api/fno/pcr?symbol=NIFTY "HTTP/1.1 200 OK"
2026-05-30 22:40:52,684 [WARNING] services.fno_data_service: FNO NSE API /api/option-chain-indices → 404
2026-05-30 22:40:52,685 [INFO] services.fno_data_service: NSE option chain unavailable for NIFTY — using synthetic fallback
2026-05-30 22:40:52,719 [INFO] httpx: HTTP Request: GET http://testserver/api/fno/pcr "HTTP/1.1 200 OK"
2026-05-30 22:40:52,767 [WARNING] services.fno_data_service: FNO NSE API /api/equity-stockIndices → 404
2026-05-30 22:40:52,770 [INFO] httpx: HTTP Request: GET http://testserver/api/fno/symbols "HTTP/1.1 200 OK"
2026-05-30 22:40:52,794 [WARNING] services.fno_data_service: FNO NSE API /api/equity-stockIndices → 404
2026-05-30 22:40:52,795 [INFO] httpx: HTTP Request: GET http://testserver/api/fno/symbols "HTTP/1.1 200 OK"
2026-05-30 22:40:53,197 [INFO] httpx: HTTP Request: GET http://testserver/api/fno/oi-spurts "HTTP/1.1 200 OK"
2026-05-30 22:40:53,247 [INFO] httpx: HTTP Request: GET http://testserver/api/fno/oi-variations "HTTP/1.1 200 OK"
2026-05-30 22:40:53,284 [INFO] httpx: HTTP Request: GET http://testserver/api/fno/paper-trades/open "HTTP/1.1 200 OK"
2026-05-30 22:40:53,289 [INFO] httpx: HTTP Request: GET http://testserver/api/fno/paper-trades/closed "HTTP/1.1 200 OK"
2026-05-30 22:40:53,295 [INFO] httpx: HTTP Request: GET http://testserver/api/fno/paper-trades/equity-curve "HTTP/1.1 200 OK"
2026-05-30 22:40:53,300 [INFO] httpx: HTTP Request: GET http://testserver/api/fno/paper-trades/portfolio "HTTP/1.1 200 OK"
2026-05-30 22:40:53,309 [INFO] backend: POST /api/fno/paper-trades -> 422 in 5ms
2026-05-30 22:40:53,310 [INFO] httpx: HTTP Request: POST http://testserver/api/fno/paper-trades "HTTP/1.1 422 Unprocessable Entity"
2026-05-30 22:40:53,314 [INFO] backend: POST /api/fno/paper-trades -> 422 in 1ms
2026-05-30 22:40:53,315 [INFO] httpx: HTTP Request: POST http://testserver/api/fno/paper-trades "HTTP/1.1 422 Unprocessable Entity"
2026-05-30 22:40:53,320 [INFO] httpx: HTTP Request: POST http://testserver/api/fno/paper-trades "HTTP/1.1 200 OK"
2026-05-30 22:40:53,499 [INFO] services.screener_service: Screener.in session configured.
2026-05-30 22:40:53,965 [INFO] httpx: HTTP Request: GET http://testserver/api/stocks/RELIANCE/fundamentals?region=IN "HTTP/1.1 200 OK"
2026-05-30 22:40:54,426 [INFO] httpx: HTTP Request: GET http://testserver/api/stocks/RELIANCE/fundamentals?region=IN "HTTP/1.1 200 OK"
2026-05-30 22:40:55,143 [INFO] services.us_market_service: YF session refreshed, crumb=xFUsWh…
2026-05-30 22:40:55,479 [INFO] backend: GET /api/stocks/AAPL/fundamentals -> 200 in 1049ms
2026-05-30 22:40:55,479 [INFO] httpx: HTTP Request: GET http://testserver/api/stocks/AAPL/fundamentals?region=US "HTTP/1.1 200 OK"
2026-05-30 22:40:55,480 [INFO] backend: Backend shutting down
2026-05-30 22:41:12,256 [INFO] backend: Stock Intelligence Platform backend v2.0.0 starting (log: C:\Users\mohan\Stock App\stock-intelligence-platform\storage\logs\backend.log)
2026-05-30 22:41:15,941 [WARNING] services.fno_data_service: FNO NSE API /api/option-chain-indices → 404
2026-05-30 22:41:15,941 [INFO] services.fno_data_service: NSE option chain unavailable for NIFTY — using synthetic fallback
2026-05-30 22:41:16,011 [INFO] backend: GET /api/fno/option-chain -> 200 in 1300ms
2026-05-30 22:41:16,012 [INFO] httpx: HTTP Request: GET http://testserver/api/fno/option-chain?symbol=NIFTY "HTTP/1.1 200 OK"
2026-05-30 22:41:16,042 [WARNING] services.fno_data_service: FNO NSE API /api/option-chain-indices → 404
2026-05-30 22:41:16,044 [INFO] services.fno_data_service: NSE option chain unavailable for NIFTY — using synthetic fallback
2026-05-30 22:41:16,099 [INFO] httpx: HTTP Request: GET http://testserver/api/fno/option-chain?symbol=NIFTY "HTTP/1.1 200 OK"
2026-05-30 22:41:16,151 [WARNING] services.fno_data_service: FNO NSE API /api/option-chain-indices → 404
2026-05-30 22:41:16,152 [INFO] services.fno_data_service: NSE option chain unavailable for NIFTY — using synthetic fallback
2026-05-30 22:41:16,205 [INFO] httpx: HTTP Request: GET http://testserver/api/fno/option-chain?symbol=NIFTY "HTTP/1.1 200 OK"
2026-05-30 22:41:16,242 [WARNING] services.fno_data_service: FNO NSE API /api/option-chain-indices → 404
2026-05-30 22:41:16,243 [INFO] services.fno_data_service: NSE option chain unavailable for NIFTY — using synthetic fallback
2026-05-30 22:41:16,295 [INFO] httpx: HTTP Request: GET http://testserver/api/fno/option-chain?symbol=NIFTY "HTTP/1.1 200 OK"
2026-05-30 22:41:16,356 [WARNING] services.fno_data_service: FNO NSE API /api/option-chain-indices → 404
2026-05-30 22:41:16,357 [INFO] services.fno_data_service: NSE option chain unavailable for BANKNIFTY — using synthetic fallback
2026-05-30 22:41:16,403 [INFO] httpx: HTTP Request: GET http://testserver/api/fno/option-chain?symbol=BANKNIFTY "HTTP/1.1 200 OK"
2026-05-30 22:41:16,436 [INFO] services.fno_data_service: Empty NSE chain for FAKESTOCK123 — using synthetic fallback
2026-05-30 22:41:16,529 [WARNING] services.fno_data_service: FNO NSE API /api/quote-derivative → 404
2026-05-30 22:41:16,542 [INFO] httpx: HTTP Request: GET http://testserver/api/fno/option-chain?symbol=FAKESTOCK123 "HTTP/1.1 200 OK"
2026-05-30 22:41:16,572 [WARNING] services.fno_data_service: FNO NSE API /api/option-chain-indices → 404
2026-05-30 22:41:16,574 [INFO] services.fno_data_service: NSE option chain unavailable for NIFTY — using synthetic fallback
2026-05-30 22:41:16,616 [INFO] httpx: HTTP Request: GET http://testserver/api/fno/option-chain "HTTP/1.1 200 OK"
2026-05-30 22:41:16,646 [WARNING] services.fno_data_service: FNO NSE API /api/option-chain-indices → 404
2026-05-30 22:41:16,647 [INFO] services.fno_data_service: NSE option chain unavailable for NIFTY — using synthetic fallback
2026-05-30 22:41:16,691 [INFO] httpx: HTTP Request: GET http://testserver/api/fno/option-chain?symbol=NIFTY "HTTP/1.1 200 OK"
2026-05-30 22:41:16,721 [WARNING] services.fno_data_service: FNO NSE API /api/option-chain-indices → 404
2026-05-30 22:41:16,721 [INFO] services.fno_data_service: NSE option chain unavailable for NIFTY — using synthetic fallback
2026-05-30 22:41:16,782 [INFO] httpx: HTTP Request: GET http://testserver/api/fno/option-chain?symbol=NIFTY&expiry=04-Jun-2026 "HTTP/1.1 200 OK"
2026-05-30 22:41:16,845 [INFO] httpx: HTTP Request: GET http://testserver/api/fno/vix "HTTP/1.1 200 OK"
2026-05-30 22:41:16,922 [INFO] httpx: HTTP Request: GET http://testserver/api/fno/vix "HTTP/1.1 200 OK"
2026-05-30 22:41:16,983 [WARNING] services.fno_data_service: FNO NSE API /api/option-chain-indices → 404
2026-05-30 22:41:16,985 [INFO] services.fno_data_service: NSE option chain unavailable for NIFTY — using synthetic fallback
2026-05-30 22:41:17,068 [INFO] httpx: HTTP Request: GET http://testserver/api/fno/pcr?symbol=NIFTY "HTTP/1.1 200 OK"
2026-05-30 22:41:17,143 [WARNING] services.fno_data_service: FNO NSE API /api/option-chain-indices → 404
2026-05-30 22:41:17,143 [INFO] services.fno_data_service: NSE option chain unavailable for NIFTY — using synthetic fallback
2026-05-30 22:41:17,228 [INFO] httpx: HTTP Request: GET http://testserver/api/fno/pcr?symbol=NIFTY "HTTP/1.1 200 OK"
2026-05-30 22:41:17,284 [WARNING] services.fno_data_service: FNO NSE API /api/option-chain-indices → 404
2026-05-30 22:41:17,285 [INFO] services.fno_data_service: NSE option chain unavailable for NIFTY — using synthetic fallback
2026-05-30 22:41:17,347 [INFO] httpx: HTTP Request: GET http://testserver/api/fno/pcr "HTTP/1.1 200 OK"
2026-05-30 22:41:17,461 [WARNING] services.fno_data_service: FNO NSE API /api/equity-stockIndices → 404
2026-05-30 22:41:17,463 [INFO] httpx: HTTP Request: GET http://testserver/api/fno/symbols "HTTP/1.1 200 OK"
2026-05-30 22:41:17,525 [WARNING] services.fno_data_service: FNO NSE API /api/equity-stockIndices → 404
2026-05-30 22:41:17,527 [INFO] httpx: HTTP Request: GET http://testserver/api/fno/symbols "HTTP/1.1 200 OK"
2026-05-30 22:41:17,591 [INFO] httpx: HTTP Request: GET http://testserver/api/fno/oi-spurts "HTTP/1.1 200 OK"
2026-05-30 22:41:17,623 [INFO] httpx: HTTP Request: GET http://testserver/api/fno/oi-variations "HTTP/1.1 200 OK"
2026-05-30 22:41:17,647 [INFO] httpx: HTTP Request: GET http://testserver/api/fno/paper-trades/open "HTTP/1.1 200 OK"
2026-05-30 22:41:17,653 [INFO] httpx: HTTP Request: GET http://testserver/api/fno/paper-trades/closed "HTTP/1.1 200 OK"
2026-05-30 22:41:17,657 [INFO] httpx: HTTP Request: GET http://testserver/api/fno/paper-trades/equity-curve "HTTP/1.1 200 OK"
2026-05-30 22:41:17,662 [INFO] httpx: HTTP Request: GET http://testserver/api/fno/paper-trades/portfolio "HTTP/1.1 200 OK"
2026-05-30 22:41:17,670 [INFO] backend: POST /api/fno/paper-trades -> 422 in 5ms
2026-05-30 22:41:17,671 [INFO] httpx: HTTP Request: POST http://testserver/api/fno/paper-trades "HTTP/1.1 422 Unprocessable Entity"
2026-05-30 22:41:17,676 [INFO] backend: POST /api/fno/paper-trades -> 422 in 1ms
2026-05-30 22:41:17,677 [INFO] httpx: HTTP Request: POST http://testserver/api/fno/paper-trades "HTTP/1.1 422 Unprocessable Entity"
2026-05-30 22:41:17,683 [INFO] httpx: HTTP Request: POST http://testserver/api/fno/paper-trades "HTTP/1.1 200 OK"
2026-05-30 22:41:17,791 [INFO] httpx: HTTP Request: GET http://testserver/api/market/status?region=IN "HTTP/1.1 200 OK"
2026-05-30 22:41:18,201 [INFO] services.us_market_service: YF session refreshed, crumb=2jFtdC…
2026-05-30 22:41:18,394 [INFO] httpx: HTTP Request: GET http://testserver/api/market/status?region=US "HTTP/1.1 200 OK"
2026-05-30 22:41:18,602 [INFO] httpx: HTTP Request: GET http://testserver/api/market/status "HTTP/1.1 200 OK"
2026-05-30 22:41:18,630 [INFO] httpx: HTTP Request: GET http://testserver/api/market/status?region=EU "HTTP/1.1 200 OK"
2026-05-30 22:41:18,703 [WARNING] services.nse_service: NSE API /api/equity-stockIndices → 404
2026-05-30 22:41:18,765 [WARNING] services.nse_service: NSE API /api/equity-stockIndices → 404
2026-05-30 22:41:18,826 [WARNING] services.nse_service: NSE API /api/equity-stockIndices → 404
2026-05-30 22:41:18,887 [WARNING] services.nse_service: NSE API /api/equity-stockIndices → 404
2026-05-30 22:41:18,950 [WARNING] services.nse_service: NSE API /api/equity-stockIndices → 404
2026-05-30 22:41:19,011 [WARNING] services.nse_service: NSE API /api/equity-stockIndices → 404
2026-05-30 22:41:19,012 [INFO] httpx: HTTP Request: GET http://testserver/api/market/indices?region=IN "HTTP/1.1 200 OK"
2026-05-30 22:41:20,128 [INFO] backend: GET /api/market/indices -> 200 in 1115ms
2026-05-30 22:41:20,134 [INFO] httpx: HTTP Request: GET http://testserver/api/market/indices?region=US "HTTP/1.1 200 OK"
2026-05-30 22:41:20,208 [WARNING] services.nse_service: NSE API /api/equity-stockIndices → 404
2026-05-30 22:41:20,242 [WARNING] services.nse_service: NSE API /api/equity-stockIndices → 404
2026-05-30 22:41:20,267 [WARNING] services.nse_service: NSE API /api/equity-stockIndices → 404
2026-05-30 22:41:20,306 [WARNING] services.nse_service: NSE API /api/equity-stockIndices → 404
2026-05-30 22:41:20,343 [WARNING] services.nse_service: NSE API /api/equity-stockIndices → 404
2026-05-30 22:41:20,383 [WARNING] services.nse_service: NSE API /api/equity-stockIndices → 404
2026-05-30 22:41:20,383 [INFO] httpx: HTTP Request: GET http://testserver/api/market/indices?region=IN "HTTP/1.1 200 OK"
2026-05-30 22:41:20,423 [INFO] httpx: HTTP Request: GET http://testserver/api/market/sectors?region=IN "HTTP/1.1 200 OK"
2026-05-30 22:41:20,536 [INFO] httpx: HTTP Request: GET http://testserver/api/market/sectors?region=US "HTTP/1.1 200 OK"
2026-05-30 22:41:20,588 [INFO] httpx: HTTP Request: GET http://testserver/api/market/sectors?region=IN "HTTP/1.1 200 OK"
2026-05-30 22:41:20,624 [INFO] httpx: HTTP Request: GET http://testserver/api/market/sectors?region=US "HTTP/1.1 200 OK"
2026-05-30 22:41:20,654 [WARNING] services.nse_service: NSE API /api/equity-stockIndices → 404
2026-05-30 22:41:21,132 [INFO] httpx: HTTP Request: GET http://testserver/api/market/universe/NIFTY%2050/quotes?region=IN "HTTP/1.1 200 OK"
2026-05-30 22:41:21,163 [WARNING] services.nse_service: NSE API /api/equity-stockIndices → 404
2026-05-30 22:41:21,517 [INFO] httpx: HTTP Request: GET http://testserver/api/market/universe/NIFTY%2050/quotes?region=IN "HTTP/1.1 200 OK"
2026-05-30 22:41:21,641 [INFO] httpx: HTTP Request: GET http://testserver/api/market/universe/DOW%2030/quotes?region=US "HTTP/1.1 200 OK"
2026-05-30 22:41:21,688 [WARNING] services.nse_service: NSE API /api/equity-stockIndices → 404
2026-05-30 22:41:21,689 [WARNING] backend.routers.market: Universe fallback: JSON file not found: C:\Users\mohan\Stock App\stock-intelligence-platform\storage\universe\NONEXISTENT_INDEX.json
2026-05-30 22:41:21,690 [INFO] httpx: HTTP Request: GET http://testserver/api/market/universe/NONEXISTENT_INDEX/quotes?region=IN "HTTP/1.1 200 OK"
2026-05-30 22:41:21,726 [INFO] httpx: HTTP Request: GET http://testserver/api/market/fii-dii "HTTP/1.1 200 OK"
2026-05-30 22:41:21,755 [INFO] httpx: HTTP Request: GET http://testserver/api/market/fii-dii "HTTP/1.1 200 OK"
2026-05-30 22:41:21,790 [INFO] httpx: HTTP Request: GET http://testserver/api/market/status?region=IN "HTTP/1.1 200 OK"
2026-05-30 22:41:21,850 [INFO] httpx: HTTP Request: GET http://testserver/api/market/status?region=US "HTTP/1.1 200 OK"
2026-05-30 22:41:21,881 [INFO] httpx: HTTP Request: GET http://testserver/api/market/sectors?region=IN "HTTP/1.1 200 OK"
2026-05-30 22:41:21,921 [INFO] httpx: HTTP Request: GET http://testserver/api/market/sectors?region=US "HTTP/1.1 200 OK"
2026-05-30 22:41:21,955 [WARNING] services.nse_service: NSE API /api/equity-stockIndices → 404
2026-05-30 22:41:22,376 [INFO] httpx: HTTP Request: GET http://testserver/api/market/universe/NIFTY%2050/quotes?region=IN "HTTP/1.1 200 OK"
2026-05-30 22:41:22,421 [INFO] httpx: HTTP Request: GET http://testserver/api/market/universe/DOW%2030/quotes?region=US "HTTP/1.1 200 OK"
2026-05-30 22:41:22,450 [INFO] httpx: HTTP Request: GET http://testserver/api/market/fii-dii "HTTP/1.1 200 OK"
2026-05-30 22:41:22,538 [WARNING] services.market_data_service: OHLCV history failed for RELIANCE: 404 Client Error: Not Found for url: https://query1.finance.yahoo.com/v8/finance/chart/RELIANCE?interval=1d&range=1y&includeAdjustedClose=true
2026-05-30 22:41:22,540 [INFO] backend: GET /api/stocks/RELIANCE/ohlcv -> 404 in 85ms
2026-05-30 22:41:22,541 [INFO] httpx: HTTP Request: GET http://testserver/api/stocks/RELIANCE/ohlcv?region=US&timeframe=1D "HTTP/1.1 404 Not Found"
2026-05-30 22:41:22,637 [WARNING] services.market_data_service: OHLCV history failed for AAPL: 404 Client Error: Not Found for url: https://query1.finance.yahoo.com/v8/finance/chart/AAPL.NS?interval=1d&range=1y&includeAdjustedClose=true
2026-05-30 22:41:22,641 [INFO] backend: GET /api/stocks/AAPL/ohlcv -> 404 in 96ms
2026-05-30 22:41:22,642 [INFO] httpx: HTTP Request: GET http://testserver/api/stocks/AAPL/ohlcv?region=IN&timeframe=1D "HTTP/1.1 404 Not Found"
2026-05-30 22:41:23,241 [INFO] httpx: HTTP Request: GET http://testserver/api/stocks/INFY/ohlcv?region=IN&timeframe=1D "HTTP/1.1 200 OK"
2026-05-30 22:41:23,362 [INFO] httpx: HTTP Request: GET http://testserver/api/stocks/INFY/ohlcv?region=US&timeframe=1D "HTTP/1.1 200 OK"
2026-05-30 22:41:23,368 [INFO] httpx: HTTP Request: GET http://testserver/api/universe/list?region=IN "HTTP/1.1 200 OK"
2026-05-30 22:41:23,372 [INFO] httpx: HTTP Request: GET http://testserver/api/universe/list?region=US "HTTP/1.1 200 OK"
2026-05-30 22:41:23,376 [INFO] httpx: HTTP Request: GET http://testserver/api/universe/NIFTY%2050/symbols?region=IN "HTTP/1.1 200 OK"
2026-05-30 22:41:23,555 [INFO] httpx: HTTP Request: GET http://testserver/api/stocks/RELIANCE/ohlcv?region=IN&timeframe=1D "HTTP/1.1 200 OK"
2026-05-30 22:41:23,721 [INFO] httpx: HTTP Request: GET http://testserver/api/stocks/AAPL/ohlcv?region=US&timeframe=1D "HTTP/1.1 200 OK"
2026-05-30 22:41:23,841 [INFO] httpx: HTTP Request: GET http://testserver/api/stocks/RELIANCE/ohlcv?region=IN&timeframe=1D "HTTP/1.1 200 OK"
2026-05-30 22:41:23,986 [INFO] httpx: HTTP Request: GET http://testserver/api/stocks/RELIANCE/ohlcv?region=IN&timeframe=1D "HTTP/1.1 200 OK"
2026-05-30 22:41:24,154 [INFO] httpx: HTTP Request: GET http://testserver/api/stocks/RELIANCE/ohlcv?region=IN&timeframe=1W "HTTP/1.1 200 OK"
2026-05-30 22:41:24,328 [INFO] httpx: HTTP Request: GET http://testserver/api/stocks/RELIANCE/ohlcv?region=IN&timeframe=1M "HTTP/1.1 200 OK"
2026-05-30 22:41:24,396 [WARNING] services.market_data_service: OHLCV history failed for UNKNOWNSYMBOL99999: 404 Client Error: Not Found for url: https://query1.finance.yahoo.com/v8/finance/chart/UNKNOWNSYMBOL99999.NS?interval=1d&range=1y&includeAdjustedClose=true
2026-05-30 22:41:24,399 [INFO] backend: GET /api/stocks/UNKNOWNSYMBOL99999/ohlcv -> 404 in 68ms
2026-05-30 22:41:24,400 [INFO] httpx: HTTP Request: GET http://testserver/api/stocks/UNKNOWNSYMBOL99999/ohlcv?region=IN&timeframe=1D "HTTP/1.1 404 Not Found"
2026-05-30 22:41:24,494 [INFO] httpx: HTTP Request: GET http://testserver/api/stocks/RELIANCE/indicators?region=IN&timeframe=1D "HTTP/1.1 200 OK"
2026-05-30 22:41:24,557 [INFO] httpx: HTTP Request: GET http://testserver/api/stocks/RELIANCE/indicators?region=IN&timeframe=1D "HTTP/1.1 200 OK"
2026-05-30 22:41:24,611 [INFO] httpx: HTTP Request: GET http://testserver/api/stocks/RELIANCE/indicators?region=IN&timeframe=1D "HTTP/1.1 200 OK"
2026-05-30 22:41:24,758 [INFO] services.screener_service: Screener.in session configured.
2026-05-30 22:41:25,351 [INFO] httpx: HTTP Request: GET http://testserver/api/stocks/RELIANCE/fundamentals?region=IN "HTTP/1.1 200 OK"
2026-05-30 22:41:25,841 [INFO] httpx: HTTP Request: GET http://testserver/api/stocks/RELIANCE/fundamentals?region=IN "HTTP/1.1 200 OK"
2026-05-30 22:41:26,168 [INFO] httpx: HTTP Request: GET http://testserver/api/stocks/AAPL/fundamentals?region=US "HTTP/1.1 200 OK"
2026-05-30 22:41:26,819 [INFO] httpx: HTTP Request: GET http://testserver/api/stocks/RELIANCE/verdict?region=IN&timeframe=1D "HTTP/1.1 200 OK"
2026-05-30 22:41:27,345 [INFO] httpx: HTTP Request: GET http://testserver/api/stocks/RELIANCE/verdict?region=IN&timeframe=1D "HTTP/1.1 200 OK"
2026-05-30 22:41:27,388 [INFO] httpx: HTTP Request: GET http://testserver/api/stocks/RELIANCE/ohlcv?region=IN&timeframe=1D "HTTP/1.1 200 OK"
2026-05-30 22:41:27,470 [WARNING] services.market_data_service: OHLCV history failed for RELIANCE: 404 Client Error: Not Found for url: https://query1.finance.yahoo.com/v8/finance/chart/RELIANCE?interval=1d&range=1y&includeAdjustedClose=true
2026-05-30 22:41:27,471 [INFO] backend: GET /api/stocks/RELIANCE/ohlcv -> 404 in 81ms
2026-05-30 22:41:27,472 [INFO] httpx: HTTP Request: GET http://testserver/api/stocks/RELIANCE/ohlcv?region=US&timeframe=1D "HTTP/1.1 404 Not Found"
2026-05-30 22:41:27,536 [WARNING] services.market_data_service: OHLCV history failed for AAPL: 404 Client Error: Not Found for url: https://query1.finance.yahoo.com/v8/finance/chart/AAPL.NS?interval=1d&range=1y&includeAdjustedClose=true
2026-05-30 22:41:27,537 [INFO] backend: GET /api/stocks/AAPL/ohlcv -> 404 in 62ms
2026-05-30 22:41:27,538 [INFO] httpx: HTTP Request: GET http://testserver/api/stocks/AAPL/ohlcv?region=IN&timeframe=1D "HTTP/1.1 404 Not Found"
2026-05-30 22:41:27,705 [INFO] httpx: HTTP Request: GET http://testserver/api/stocks/AAPL/ohlcv?region=US&timeframe=1D "HTTP/1.1 200 OK"
2026-05-30 22:41:27,709 [INFO] httpx: HTTP Request: GET http://testserver/api/universe/list?region=IN "HTTP/1.1 200 OK"
2026-05-30 22:41:27,719 [INFO] httpx: HTTP Request: GET http://testserver/api/universe/list?region=IN "HTTP/1.1 200 OK"
2026-05-30 22:41:27,725 [INFO] httpx: HTTP Request: GET http://testserver/api/universe/list?region=US "HTTP/1.1 200 OK"
2026-05-30 22:41:27,728 [INFO] httpx: HTTP Request: GET http://testserver/api/universe/list?region=US "HTTP/1.1 200 OK"
2026-05-30 22:41:27,736 [INFO] httpx: HTTP Request: GET http://testserver/api/universe/NIFTY%2050/symbols?region=IN "HTTP/1.1 200 OK"
2026-05-30 22:41:27,741 [INFO] httpx: HTTP Request: GET http://testserver/api/universe/NIFTY%2050/symbols?region=IN "HTTP/1.1 200 OK"
2026-05-30 22:41:27,750 [INFO] httpx: HTTP Request: GET http://testserver/api/universe/NIFTY%2050/symbols?region=IN&limit=10 "HTTP/1.1 200 OK"
2026-05-30 22:41:27,757 [INFO] httpx: HTTP Request: GET http://testserver/api/universe/DOW%2030/symbols?region=US "HTTP/1.1 200 OK"
2026-05-30 22:41:27,779 [INFO] httpx: HTTP Request: GET http://testserver/api/universe/TOTALLY_UNKNOWN/symbols?region=IN "HTTP/1.1 200 OK"
2026-05-30 22:41:27,853 [INFO] httpx: HTTP Request: POST http://testserver/api/universe/NIFTY%2050/sync?region=IN "HTTP/1.1 200 OK"
2026-05-30 22:41:27,858 [INFO] backend: Stock Intelligence Platform backend v2.0.0 starting (log: C:\Users\mohan\Stock App\stock-intelligence-platform\storage\logs\backend.log)
2026-05-30 22:41:27,908 [WARNING] services.nse_service: NSE API /api/quote-equity → 403
2026-05-30 22:41:27,925 [WARNING] services.nse_service: NSE API /api/quote-equity → 403
2026-05-30 22:41:27,931 [WARNING] services.nse_service: NSE API /api/quote-equity → 403
2026-05-30 22:41:27,932 [WARNING] services.nse_service: NSE API /api/quote-equity → 403
2026-05-30 22:41:27,936 [WARNING] services.nse_service: NSE API /api/quote-equity → 403
2026-05-30 22:41:27,940 [WARNING] services.nse_service: NSE API /api/quote-equity → 403
2026-05-30 22:41:27,945 [WARNING] services.nse_service: NSE API /api/quote-equity → 403
2026-05-30 22:41:27,956 [WARNING] services.nse_service: NSE API /api/quote-equity → 403
2026-05-30 22:41:28,020 [WARNING] services.market_data_service: OHLCV history failed for TEST_WL_SYMBOL: 404 Client Error: Not Found for url: https://query1.finance.yahoo.com/v8/finance/chart/TEST_WL_SYMBOL?interval=1d&range=6mo&includeAdjustedClose=true
2026-05-30 22:41:28,024 [WARNING] services.market_data_service: OHLCV history failed for RELIANCE: 404 Client Error: Not Found for url: https://query1.finance.yahoo.com/v8/finance/chart/RELIANCE?interval=1d&range=6mo&includeAdjustedClose=true
2026-05-30 22:41:28,156 [INFO] httpx: HTTP Request: GET http://testserver/api/watchlist "HTTP/1.1 200 OK"
2026-05-30 22:41:28,160 [INFO] backend: Backend shutting down
2026-05-30 22:41:28,448 [INFO] backend: Stock Intelligence Platform backend v2.0.0 starting (log: C:\Users\mohan\Stock App\stock-intelligence-platform\storage\logs\backend.log)
2026-05-30 22:41:28,470 [INFO] httpx: HTTP Request: POST http://testserver/api/watchlist/add "HTTP/1.1 200 OK"
2026-05-30 22:41:28,473 [INFO] backend: Backend shutting down
2026-05-30 22:41:28,912 [INFO] backend: Stock Intelligence Platform backend v2.0.0 starting (log: C:\Users\mohan\Stock App\stock-intelligence-platform\storage\logs\backend.log)
2026-05-30 22:41:28,936 [INFO] httpx: HTTP Request: POST http://testserver/api/watchlist/add "HTTP/1.1 200 OK"
2026-05-30 22:41:28,973 [WARNING] services.nse_service: NSE API /api/quote-equity → 403
2026-05-30 22:41:28,973 [WARNING] services.nse_service: NSE API /api/quote-equity → 403
2026-05-30 22:41:28,975 [WARNING] services.nse_service: NSE API /api/quote-equity → 403
2026-05-30 22:41:28,976 [WARNING] services.nse_service: NSE API /api/quote-equity → 403
2026-05-30 22:41:28,978 [WARNING] services.nse_service: NSE API /api/quote-equity → 403
2026-05-30 22:41:28,986 [WARNING] services.nse_service: NSE API /api/quote-equity → 403
2026-05-30 22:41:28,989 [WARNING] services.nse_service: NSE API /api/quote-equity → 403
2026-05-30 22:41:29,002 [WARNING] services.nse_service: NSE API /api/quote-equity → 403
2026-05-30 22:41:29,093 [WARNING] services.market_data_service: OHLCV history failed for TEST_WL_SYMBOL: 404 Client Error: Not Found for url: https://query1.finance.yahoo.com/v8/finance/chart/TEST_WL_SYMBOL?interval=1d&range=6mo&includeAdjustedClose=true
2026-05-30 22:41:29,093 [WARNING] services.market_data_service: OHLCV history failed for RELIANCE: 404 Client Error: Not Found for url: https://query1.finance.yahoo.com/v8/finance/chart/RELIANCE?interval=1d&range=6mo&includeAdjustedClose=true
2026-05-30 22:41:29,302 [INFO] httpx: HTTP Request: GET http://testserver/api/watchlist "HTTP/1.1 200 OK"
2026-05-30 22:41:29,306 [INFO] backend: Backend shutting down
2026-05-30 22:41:29,589 [INFO] backend: Stock Intelligence Platform backend v2.0.0 starting (log: C:\Users\mohan\Stock App\stock-intelligence-platform\storage\logs\backend.log)
2026-05-30 22:41:29,609 [INFO] httpx: HTTP Request: POST http://testserver/api/watchlist/add "HTTP/1.1 200 OK"
2026-05-30 22:41:29,617 [INFO] httpx: HTTP Request: POST http://testserver/api/watchlist/add "HTTP/1.1 200 OK"
2026-05-30 22:41:29,619 [INFO] backend: Backend shutting down
2026-05-30 22:41:30,100 [INFO] backend: Stock Intelligence Platform backend v2.0.0 starting (log: C:\Users\mohan\Stock App\stock-intelligence-platform\storage\logs\backend.log)
2026-05-30 22:41:30,121 [INFO] httpx: HTTP Request: POST http://testserver/api/watchlist/add "HTTP/1.1 200 OK"
2026-05-30 22:41:30,128 [INFO] httpx: HTTP Request: DELETE http://testserver/api/watchlist/TEST_WL_SYMBOL "HTTP/1.1 200 OK"
2026-05-30 22:41:30,141 [INFO] backend: Backend shutting down
2026-05-30 22:41:30,625 [INFO] backend: Stock Intelligence Platform backend v2.0.0 starting (log: C:\Users\mohan\Stock App\stock-intelligence-platform\storage\logs\backend.log)
2026-05-30 22:41:30,667 [INFO] httpx: HTTP Request: POST http://testserver/api/watchlist/add "HTTP/1.1 200 OK"
2026-05-30 22:41:30,692 [INFO] httpx: HTTP Request: DELETE http://testserver/api/watchlist/TEST_WL_SYMBOL "HTTP/1.1 200 OK"
2026-05-30 22:41:30,748 [WARNING] services.nse_service: NSE API /api/quote-equity → 403
2026-05-30 22:41:30,752 [WARNING] services.nse_service: NSE API /api/quote-equity → 403
2026-05-30 22:41:30,752 [WARNING] services.nse_service: NSE API /api/quote-equity → 403
2026-05-30 22:41:30,755 [WARNING] services.nse_service: NSE API /api/quote-equity → 403
2026-05-30 22:41:30,761 [WARNING] services.nse_service: NSE API /api/quote-equity → 403
2026-05-30 22:41:30,762 [WARNING] services.nse_service: NSE API /api/quote-equity → 403
2026-05-30 22:41:30,767 [WARNING] services.nse_service: NSE API /api/quote-equity → 403
2026-05-30 22:41:30,958 [WARNING] services.market_data_service: OHLCV history failed for RELIANCE: 404 Client Error: Not Found for url: https://query1.finance.yahoo.com/v8/finance/chart/RELIANCE?interval=1d&range=6mo&includeAdjustedClose=true
2026-05-30 22:41:30,986 [INFO] httpx: HTTP Request: GET http://testserver/api/watchlist "HTTP/1.1 200 OK"
2026-05-30 22:41:30,988 [INFO] backend: Backend shutting down
2026-05-30 22:41:31,375 [INFO] backend: Stock Intelligence Platform backend v2.0.0 starting (log: C:\Users\mohan\Stock App\stock-intelligence-platform\storage\logs\backend.log)
2026-05-30 22:41:31,396 [INFO] backend: DELETE /api/watchlist/SYMBOL_THAT_DOES_NOT_EXIST_XYZ -> 404 in 10ms
2026-05-30 22:41:31,402 [INFO] httpx: HTTP Request: DELETE http://testserver/api/watchlist/SYMBOL_THAT_DOES_NOT_EXIST_XYZ "HTTP/1.1 404 Not Found"
2026-05-30 22:41:31,407 [INFO] backend: Backend shutting down
2026-05-30 22:41:31,970 [INFO] backend: Stock Intelligence Platform backend v2.0.0 starting (log: C:\Users\mohan\Stock App\stock-intelligence-platform\storage\logs\backend.log)
2026-05-30 22:41:31,998 [INFO] httpx: HTTP Request: POST http://testserver/api/watchlist/add "HTTP/1.1 200 OK"
2026-05-30 22:41:32,044 [WARNING] services.nse_service: NSE API /api/quote-equity → 403
2026-05-30 22:41:32,046 [WARNING] services.nse_service: NSE API /api/quote-equity → 403
2026-05-30 22:41:32,047 [WARNING] services.nse_service: NSE API /api/quote-equity → 403
2026-05-30 22:41:32,048 [WARNING] services.nse_service: NSE API /api/quote-equity → 403
2026-05-30 22:41:32,049 [WARNING] services.nse_service: NSE API /api/quote-equity → 403
2026-05-30 22:41:32,050 [WARNING] services.nse_service: NSE API /api/quote-equity → 403
2026-05-30 22:41:32,071 [WARNING] services.nse_service: NSE API /api/quote-equity → 403
2026-05-30 22:41:32,072 [WARNING] services.nse_service: NSE API /api/quote-equity → 403
2026-05-30 22:41:32,137 [WARNING] services.market_data_service: OHLCV history failed for TEST_WL_SYMBOL: 404 Client Error: Not Found for url: https://query1.finance.yahoo.com/v8/finance/chart/TEST_WL_SYMBOL?interval=1d&range=6mo&includeAdjustedClose=true
2026-05-30 22:41:32,257 [WARNING] services.market_data_service: OHLCV history failed for RELIANCE: 404 Client Error: Not Found for url: https://query1.finance.yahoo.com/v8/finance/chart/RELIANCE?interval=1d&range=6mo&includeAdjustedClose=true
2026-05-30 22:41:32,316 [INFO] httpx: HTTP Request: GET http://testserver/api/watchlist "HTTP/1.1 200 OK"
2026-05-30 22:41:32,318 [INFO] backend: Backend shutting down
2026-05-30 22:41:32,574 [INFO] backend: Stock Intelligence Platform backend v2.0.0 starting (log: C:\Users\mohan\Stock App\stock-intelligence-platform\storage\logs\backend.log)
2026-05-30 22:41:32,586 [INFO] backend: POST /api/watchlist/add -> 422 in 1ms
2026-05-30 22:41:32,587 [INFO] httpx: HTTP Request: POST http://testserver/api/watchlist/add "HTTP/1.1 422 Unprocessable Entity"
2026-05-30 22:41:32,589 [INFO] backend: Backend shutting down
2026-05-30 22:41:33,052 [INFO] backend: Stock Intelligence Platform backend v2.0.0 starting (log: C:\Users\mohan\Stock App\stock-intelligence-platform\storage\logs\backend.log)
2026-05-30 22:41:33,071 [INFO] httpx: HTTP Request: POST http://testserver/api/watchlist/add "HTTP/1.1 200 OK"
2026-05-30 22:41:33,108 [WARNING] services.nse_service: NSE API /api/quote-equity → 403
2026-05-30 22:41:33,109 [WARNING] services.nse_service: NSE API /api/quote-equity → 403
2026-05-30 22:41:33,111 [WARNING] services.nse_service: NSE API /api/quote-equity → 403
2026-05-30 22:41:33,114 [WARNING] services.nse_service: NSE API /api/quote-equity → 403
2026-05-30 22:41:33,117 [WARNING] services.nse_service: NSE API /api/quote-equity → 403
2026-05-30 22:41:33,119 [WARNING] services.nse_service: NSE API /api/quote-equity → 403
2026-05-30 22:41:33,124 [WARNING] services.nse_service: NSE API /api/quote-equity → 403
2026-05-30 22:41:33,146 [WARNING] services.nse_service: NSE API /api/quote-equity → 403
2026-05-30 22:41:33,248 [WARNING] services.market_data_service: OHLCV history failed for RELIANCE: 404 Client Error: Not Found for url: https://query1.finance.yahoo.com/v8/finance/chart/RELIANCE?interval=1d&range=6mo&includeAdjustedClose=true
2026-05-30 22:41:33,291 [WARNING] services.market_data_service: OHLCV history failed for TEST_WL_SYMBOL: 404 Client Error: Not Found for url: https://query1.finance.yahoo.com/v8/finance/chart/TEST_WL_SYMBOL?interval=1d&range=6mo&includeAdjustedClose=true
2026-05-30 22:41:33,368 [INFO] httpx: HTTP Request: GET http://testserver/api/watchlist "HTTP/1.1 200 OK"
2026-05-30 22:41:33,377 [INFO] backend: Backend shutting down
2026-05-30 22:41:33,656 [INFO] backend: Stock Intelligence Platform backend v2.0.0 starting (log: C:\Users\mohan\Stock App\stock-intelligence-platform\storage\logs\backend.log)
2026-05-30 22:41:33,673 [INFO] httpx: HTTP Request: POST http://testserver/api/watchlist/add "HTTP/1.1 200 OK"
2026-05-30 22:41:33,719 [WARNING] services.nse_service: NSE API /api/quote-equity → 403
2026-05-30 22:41:33,722 [WARNING] services.nse_service: NSE API /api/quote-equity → 403
2026-05-30 22:41:33,722 [WARNING] services.nse_service: NSE API /api/quote-equity → 403
2026-05-30 22:41:33,723 [WARNING] services.nse_service: NSE API /api/quote-equity → 403
2026-05-30 22:41:33,724 [WARNING] services.nse_service: NSE API /api/quote-equity → 403
2026-05-30 22:41:33,725 [WARNING] services.nse_service: NSE API /api/quote-equity → 403
2026-05-30 22:41:33,727 [WARNING] services.nse_service: NSE API /api/quote-equity → 403
2026-05-30 22:41:33,740 [WARNING] services.nse_service: NSE API /api/quote-equity → 403
2026-05-30 22:41:33,808 [WARNING] services.market_data_service: OHLCV history failed for TEST_WL_SYMBOL: 404 Client Error: Not Found for url: https://query1.finance.yahoo.com/v8/finance/chart/TEST_WL_SYMBOL?interval=1d&range=6mo&includeAdjustedClose=true
2026-05-30 22:41:33,824 [WARNING] services.market_data_service: OHLCV history failed for RELIANCE: 404 Client Error: Not Found for url: https://query1.finance.yahoo.com/v8/finance/chart/RELIANCE?interval=1d&range=6mo&includeAdjustedClose=true
2026-05-30 22:41:33,979 [INFO] httpx: HTTP Request: GET http://testserver/api/watchlist "HTTP/1.1 200 OK"
2026-05-30 22:41:33,987 [INFO] backend: Backend shutting down
2026-05-30 22:41:34,199 [INFO] backend: Stock Intelligence Platform backend v2.0.0 starting (log: C:\Users\mohan\Stock App\stock-intelligence-platform\storage\logs\backend.log)
2026-05-30 22:41:34,216 [INFO] httpx: HTTP Request: POST http://testserver/api/watchlist/add "HTTP/1.1 200 OK"
2026-05-30 22:41:34,254 [WARNING] services.nse_service: NSE API /api/quote-equity → 403
2026-05-30 22:41:34,255 [WARNING] services.nse_service: NSE API /api/quote-equity → 403
2026-05-30 22:41:34,256 [WARNING] services.nse_service: NSE API /api/quote-equity → 403
2026-05-30 22:41:34,256 [WARNING] services.nse_service: NSE API /api/quote-equity → 403
2026-05-30 22:41:34,256 [WARNING] services.nse_service: NSE API /api/quote-equity → 403
2026-05-30 22:41:34,257 [WARNING] services.nse_service: NSE API /api/quote-equity → 403
2026-05-30 22:41:34,267 [WARNING] services.nse_service: NSE API /api/quote-equity → 403
2026-05-30 22:41:34,271 [WARNING] services.nse_service: NSE API /api/quote-equity → 403
2026-05-30 22:41:34,349 [WARNING] services.market_data_service: OHLCV history failed for RELIANCE: 404 Client Error: Not Found for url: https://query1.finance.yahoo.com/v8/finance/chart/RELIANCE?interval=1d&range=6mo&includeAdjustedClose=true
2026-05-30 22:41:34,378 [WARNING] services.market_data_service: OHLCV history failed for TEST_WL_SYMBOL: 404 Client Error: Not Found for url: https://query1.finance.yahoo.com/v8/finance/chart/TEST_WL_SYMBOL?interval=1d&range=6mo&includeAdjustedClose=true
2026-05-30 22:41:34,482 [INFO] httpx: HTTP Request: GET http://testserver/api/watchlist "HTTP/1.1 200 OK"
2026-05-30 22:41:34,495 [INFO] backend: Backend shutting down
2026-05-30 22:41:34,748 [INFO] backend: Backend shutting down
2026-05-30 22:43:47,515 [INFO] backend: Stock Intelligence Platform backend v2.0.0 starting (log: C:\Users\mohan\Stock App\stock-intelligence-platform\storage\logs\backend.log)
2026-05-30 22:43:52,743 [WARNING] services.fno_data_service: FNO NSE API /api/option-chain-indices → 404
2026-05-30 22:43:52,743 [INFO] services.fno_data_service: NSE option chain unavailable for NIFTY — using synthetic fallback
2026-05-30 22:43:52,841 [INFO] backend: GET /api/fno/option-chain -> 200 in 1678ms
2026-05-30 22:43:52,842 [INFO] httpx: HTTP Request: GET http://testserver/api/fno/option-chain?symbol=NIFTY "HTTP/1.1 200 OK"
2026-05-30 22:43:52,870 [WARNING] services.fno_data_service: FNO NSE API /api/option-chain-indices → 404
2026-05-30 22:43:52,871 [INFO] services.fno_data_service: NSE option chain unavailable for NIFTY — using synthetic fallback
2026-05-30 22:43:52,913 [INFO] httpx: HTTP Request: GET http://testserver/api/fno/option-chain?symbol=NIFTY "HTTP/1.1 200 OK"
2026-05-30 22:43:52,946 [WARNING] services.fno_data_service: FNO NSE API /api/option-chain-indices → 404
2026-05-30 22:43:52,946 [INFO] services.fno_data_service: NSE option chain unavailable for NIFTY — using synthetic fallback
2026-05-30 22:43:52,994 [INFO] httpx: HTTP Request: GET http://testserver/api/fno/option-chain?symbol=NIFTY "HTTP/1.1 200 OK"
2026-05-30 22:43:53,025 [WARNING] services.fno_data_service: FNO NSE API /api/option-chain-indices → 404
2026-05-30 22:43:53,026 [INFO] services.fno_data_service: NSE option chain unavailable for NIFTY — using synthetic fallback
2026-05-30 22:43:53,067 [INFO] httpx: HTTP Request: GET http://testserver/api/fno/option-chain?symbol=NIFTY "HTTP/1.1 200 OK"
2026-05-30 22:43:53,143 [WARNING] services.fno_data_service: FNO NSE API /api/option-chain-indices → 404
2026-05-30 22:43:53,143 [INFO] services.fno_data_service: NSE option chain unavailable for BANKNIFTY — using synthetic fallback
2026-05-30 22:43:53,191 [INFO] httpx: HTTP Request: GET http://testserver/api/fno/option-chain?symbol=BANKNIFTY "HTTP/1.1 200 OK"
2026-05-30 22:43:53,247 [INFO] services.fno_data_service: Empty NSE chain for FAKESTOCK123 — using synthetic fallback
2026-05-30 22:43:53,352 [WARNING] services.fno_data_service: FNO NSE API /api/quote-derivative → 404
2026-05-30 22:43:53,367 [INFO] httpx: HTTP Request: GET http://testserver/api/fno/option-chain?symbol=FAKESTOCK123 "HTTP/1.1 200 OK"
2026-05-30 22:43:53,408 [WARNING] services.fno_data_service: FNO NSE API /api/option-chain-indices → 404
2026-05-30 22:43:53,409 [INFO] services.fno_data_service: NSE option chain unavailable for NIFTY — using synthetic fallback
2026-05-30 22:43:53,448 [INFO] httpx: HTTP Request: GET http://testserver/api/fno/option-chain "HTTP/1.1 200 OK"
2026-05-30 22:43:53,494 [WARNING] services.fno_data_service: FNO NSE API /api/option-chain-indices → 404
2026-05-30 22:43:53,494 [INFO] services.fno_data_service: NSE option chain unavailable for NIFTY — using synthetic fallback
2026-05-30 22:43:53,541 [INFO] httpx: HTTP Request: GET http://testserver/api/fno/option-chain?symbol=NIFTY "HTTP/1.1 200 OK"
2026-05-30 22:43:53,566 [WARNING] services.fno_data_service: FNO NSE API /api/option-chain-indices → 404
2026-05-30 22:43:53,566 [INFO] services.fno_data_service: NSE option chain unavailable for NIFTY — using synthetic fallback
2026-05-30 22:43:53,596 [INFO] httpx: HTTP Request: GET http://testserver/api/fno/option-chain?symbol=NIFTY&expiry=04-Jun-2026 "HTTP/1.1 200 OK"
2026-05-30 22:43:53,631 [INFO] httpx: HTTP Request: GET http://testserver/api/fno/vix "HTTP/1.1 200 OK"
2026-05-30 22:43:53,660 [INFO] httpx: HTTP Request: GET http://testserver/api/fno/vix "HTTP/1.1 200 OK"
2026-05-30 22:43:53,686 [WARNING] services.fno_data_service: FNO NSE API /api/option-chain-indices → 404
2026-05-30 22:43:53,691 [INFO] services.fno_data_service: NSE option chain unavailable for NIFTY — using synthetic fallback
2026-05-30 22:43:53,725 [INFO] httpx: HTTP Request: GET http://testserver/api/fno/pcr?symbol=NIFTY "HTTP/1.1 200 OK"
2026-05-30 22:43:53,752 [WARNING] services.fno_data_service: FNO NSE API /api/option-chain-indices → 404
2026-05-30 22:43:53,755 [INFO] services.fno_data_service: NSE option chain unavailable for NIFTY — using synthetic fallback
2026-05-30 22:43:53,790 [INFO] httpx: HTTP Request: GET http://testserver/api/fno/pcr?symbol=NIFTY "HTTP/1.1 200 OK"
2026-05-30 22:43:53,820 [WARNING] services.fno_data_service: FNO NSE API /api/option-chain-indices → 404
2026-05-30 22:43:53,824 [INFO] services.fno_data_service: NSE option chain unavailable for NIFTY — using synthetic fallback
2026-05-30 22:43:53,860 [INFO] httpx: HTTP Request: GET http://testserver/api/fno/pcr "HTTP/1.1 200 OK"
2026-05-30 22:43:53,911 [WARNING] services.fno_data_service: FNO NSE API /api/equity-stockIndices → 404
2026-05-30 22:43:53,913 [INFO] httpx: HTTP Request: GET http://testserver/api/fno/symbols "HTTP/1.1 200 OK"
2026-05-30 22:43:53,938 [WARNING] services.fno_data_service: FNO NSE API /api/equity-stockIndices → 404
2026-05-30 22:43:53,939 [INFO] httpx: HTTP Request: GET http://testserver/api/fno/symbols "HTTP/1.1 200 OK"
2026-05-30 22:43:54,315 [INFO] httpx: HTTP Request: GET http://testserver/api/fno/oi-spurts "HTTP/1.1 200 OK"
2026-05-30 22:43:54,364 [INFO] httpx: HTTP Request: GET http://testserver/api/fno/oi-variations "HTTP/1.1 200 OK"
2026-05-30 22:43:54,395 [INFO] httpx: HTTP Request: GET http://testserver/api/fno/paper-trades/open "HTTP/1.1 200 OK"
2026-05-30 22:43:54,400 [INFO] httpx: HTTP Request: GET http://testserver/api/fno/paper-trades/closed "HTTP/1.1 200 OK"
2026-05-30 22:43:54,406 [INFO] httpx: HTTP Request: GET http://testserver/api/fno/paper-trades/equity-curve "HTTP/1.1 200 OK"
2026-05-30 22:43:54,410 [INFO] httpx: HTTP Request: GET http://testserver/api/fno/paper-trades/portfolio "HTTP/1.1 200 OK"
2026-05-30 22:43:54,422 [INFO] backend: POST /api/fno/paper-trades -> 422 in 10ms
2026-05-30 22:43:54,425 [INFO] httpx: HTTP Request: POST http://testserver/api/fno/paper-trades "HTTP/1.1 422 Unprocessable Entity"
2026-05-30 22:43:54,431 [INFO] backend: POST /api/fno/paper-trades -> 422 in 1ms
2026-05-30 22:43:54,431 [INFO] httpx: HTTP Request: POST http://testserver/api/fno/paper-trades "HTTP/1.1 422 Unprocessable Entity"
2026-05-30 22:43:54,445 [INFO] httpx: HTTP Request: POST http://testserver/api/fno/paper-trades "HTTP/1.1 200 OK"
2026-05-30 22:43:54,562 [INFO] httpx: HTTP Request: GET http://testserver/api/market/status?region=IN "HTTP/1.1 200 OK"
2026-05-30 22:43:54,915 [INFO] services.us_market_service: YF session refreshed, crumb=f58nRk…
2026-05-30 22:43:55,095 [INFO] httpx: HTTP Request: GET http://testserver/api/market/status?region=US "HTTP/1.1 200 OK"
2026-05-30 22:43:55,128 [INFO] httpx: HTTP Request: GET http://testserver/api/market/status "HTTP/1.1 200 OK"
2026-05-30 22:43:55,160 [INFO] httpx: HTTP Request: GET http://testserver/api/market/status?region=EU "HTTP/1.1 200 OK"
2026-05-30 22:43:55,237 [WARNING] services.nse_service: NSE API /api/equity-stockIndices → 404
2026-05-30 22:43:55,285 [WARNING] services.nse_service: NSE API /api/equity-stockIndices → 404
2026-05-30 22:43:55,356 [WARNING] services.nse_service: NSE API /api/equity-stockIndices → 404
2026-05-30 22:43:55,402 [WARNING] services.nse_service: NSE API /api/equity-stockIndices → 404
2026-05-30 22:43:55,454 [WARNING] services.nse_service: NSE API /api/equity-stockIndices → 404
2026-05-30 22:43:55,519 [WARNING] services.nse_service: NSE API /api/equity-stockIndices → 404
2026-05-30 22:43:55,521 [INFO] httpx: HTTP Request: GET http://testserver/api/market/indices?region=IN "HTTP/1.1 200 OK"
2026-05-30 22:43:56,493 [INFO] httpx: HTTP Request: GET http://testserver/api/market/indices?region=US "HTTP/1.1 200 OK"
2026-05-30 22:43:56,526 [WARNING] services.nse_service: NSE API /api/equity-stockIndices → 404
2026-05-30 22:43:56,555 [WARNING] services.nse_service: NSE API /api/equity-stockIndices → 404
2026-05-30 22:43:56,582 [WARNING] services.nse_service: NSE API /api/equity-stockIndices → 404
2026-05-30 22:43:56,610 [WARNING] services.nse_service: NSE API /api/equity-stockIndices → 404
2026-05-30 22:43:56,639 [WARNING] services.nse_service: NSE API /api/equity-stockIndices → 404
2026-05-30 22:43:56,662 [WARNING] services.nse_service: NSE API /api/equity-stockIndices → 404
2026-05-30 22:43:56,664 [INFO] httpx: HTTP Request: GET http://testserver/api/market/indices?region=IN "HTTP/1.1 200 OK"
2026-05-30 22:43:56,712 [INFO] httpx: HTTP Request: GET http://testserver/api/market/sectors?region=IN "HTTP/1.1 200 OK"
2026-05-30 22:43:56,773 [INFO] httpx: HTTP Request: GET http://testserver/api/market/sectors?region=US "HTTP/1.1 200 OK"
2026-05-30 22:43:56,801 [INFO] httpx: HTTP Request: GET http://testserver/api/market/sectors?region=IN "HTTP/1.1 200 OK"
2026-05-30 22:43:56,818 [INFO] httpx: HTTP Request: GET http://testserver/api/market/sectors?region=US "HTTP/1.1 200 OK"
2026-05-30 22:43:56,846 [WARNING] services.nse_service: NSE API /api/equity-stockIndices → 404
2026-05-30 22:43:57,592 [INFO] httpx: HTTP Request: GET http://testserver/api/market/universe/NIFTY%2050/quotes?region=IN "HTTP/1.1 200 OK"
2026-05-30 22:43:57,627 [WARNING] services.nse_service: NSE API /api/equity-stockIndices → 404
2026-05-30 22:43:58,312 [INFO] httpx: HTTP Request: GET http://testserver/api/market/universe/NIFTY%2050/quotes?region=IN "HTTP/1.1 200 OK"
2026-05-30 22:43:58,421 [INFO] httpx: HTTP Request: GET http://testserver/api/market/universe/DOW%2030/quotes?region=US "HTTP/1.1 200 OK"
2026-05-30 22:43:58,465 [WARNING] services.nse_service: NSE API /api/equity-stockIndices → 404
2026-05-30 22:43:58,468 [WARNING] backend.routers.market: Universe fallback: JSON file not found: C:\Users\mohan\Stock App\stock-intelligence-platform\storage\universe\NONEXISTENT_INDEX.json
2026-05-30 22:43:58,470 [INFO] httpx: HTTP Request: GET http://testserver/api/market/universe/NONEXISTENT_INDEX/quotes?region=IN "HTTP/1.1 200 OK"
2026-05-30 22:43:58,524 [INFO] httpx: HTTP Request: GET http://testserver/api/market/fii-dii "HTTP/1.1 200 OK"
2026-05-30 22:43:58,554 [INFO] httpx: HTTP Request: GET http://testserver/api/market/fii-dii "HTTP/1.1 200 OK"
2026-05-30 22:43:58,597 [INFO] httpx: HTTP Request: GET http://testserver/api/market/status?region=IN "HTTP/1.1 200 OK"
2026-05-30 22:43:58,619 [INFO] httpx: HTTP Request: GET http://testserver/api/market/status?region=US "HTTP/1.1 200 OK"
2026-05-30 22:43:58,652 [INFO] httpx: HTTP Request: GET http://testserver/api/market/sectors?region=IN "HTTP/1.1 200 OK"
2026-05-30 22:43:58,719 [INFO] httpx: HTTP Request: GET http://testserver/api/market/sectors?region=US "HTTP/1.1 200 OK"
2026-05-30 22:43:58,751 [WARNING] services.nse_service: NSE API /api/equity-stockIndices → 404
2026-05-30 22:43:59,387 [INFO] httpx: HTTP Request: GET http://testserver/api/market/universe/NIFTY%2050/quotes?region=IN "HTTP/1.1 200 OK"
2026-05-30 22:43:59,466 [INFO] httpx: HTTP Request: GET http://testserver/api/market/universe/DOW%2030/quotes?region=US "HTTP/1.1 200 OK"
2026-05-30 22:43:59,503 [INFO] httpx: HTTP Request: GET http://testserver/api/market/fii-dii "HTTP/1.1 200 OK"
2026-05-30 22:43:59,650 [WARNING] services.market_data_service: OHLCV history failed for RELIANCE: 404 Client Error: Not Found for url: https://query1.finance.yahoo.com/v8/finance/chart/RELIANCE?interval=1d&range=1y&includeAdjustedClose=true
2026-05-30 22:43:59,654 [INFO] backend: GET /api/stocks/RELIANCE/ohlcv -> 404 in 147ms
2026-05-30 22:43:59,656 [INFO] httpx: HTTP Request: GET http://testserver/api/stocks/RELIANCE/ohlcv?region=US&timeframe=1D "HTTP/1.1 404 Not Found"
2026-05-30 22:43:59,802 [WARNING] services.market_data_service: OHLCV history failed for AAPL: 404 Client Error: Not Found for url: https://query1.finance.yahoo.com/v8/finance/chart/AAPL.NS?interval=1d&range=1y&includeAdjustedClose=true
2026-05-30 22:43:59,805 [INFO] backend: GET /api/stocks/AAPL/ohlcv -> 404 in 146ms
2026-05-30 22:43:59,806 [INFO] httpx: HTTP Request: GET http://testserver/api/stocks/AAPL/ohlcv?region=IN&timeframe=1D "HTTP/1.1 404 Not Found"
2026-05-30 22:44:00,312 [INFO] httpx: HTTP Request: GET http://testserver/api/stocks/INFY/ohlcv?region=IN&timeframe=1D "HTTP/1.1 200 OK"
2026-05-30 22:44:00,609 [INFO] httpx: HTTP Request: GET http://testserver/api/stocks/INFY/ohlcv?region=US&timeframe=1D "HTTP/1.1 200 OK"
2026-05-30 22:44:00,613 [INFO] httpx: HTTP Request: GET http://testserver/api/universe/list?region=IN "HTTP/1.1 200 OK"
2026-05-30 22:44:00,615 [INFO] httpx: HTTP Request: GET http://testserver/api/universe/list?region=US "HTTP/1.1 200 OK"
2026-05-30 22:44:00,626 [INFO] httpx: HTTP Request: GET http://testserver/api/universe/NIFTY%2050/symbols?region=IN "HTTP/1.1 200 OK"
2026-05-30 22:44:00,846 [INFO] httpx: HTTP Request: GET http://testserver/api/stocks/RELIANCE/ohlcv?region=IN&timeframe=1D "HTTP/1.1 200 OK"
2026-05-30 22:44:01,080 [INFO] httpx: HTTP Request: GET http://testserver/api/stocks/AAPL/ohlcv?region=US&timeframe=1D "HTTP/1.1 200 OK"
2026-05-30 22:44:01,276 [INFO] httpx: HTTP Request: GET http://testserver/api/stocks/RELIANCE/ohlcv?region=IN&timeframe=1D "HTTP/1.1 200 OK"
2026-05-30 22:44:01,389 [INFO] httpx: HTTP Request: GET http://testserver/api/stocks/RELIANCE/ohlcv?region=IN&timeframe=1D "HTTP/1.1 200 OK"
2026-05-30 22:44:01,610 [INFO] httpx: HTTP Request: GET http://testserver/api/stocks/RELIANCE/ohlcv?region=IN&timeframe=1W "HTTP/1.1 200 OK"
2026-05-30 22:44:01,890 [INFO] httpx: HTTP Request: GET http://testserver/api/stocks/RELIANCE/ohlcv?region=IN&timeframe=1M "HTTP/1.1 200 OK"
2026-05-30 22:44:02,047 [WARNING] services.market_data_service: OHLCV history failed for UNKNOWNSYMBOL99999: 404 Client Error: Not Found for url: https://query1.finance.yahoo.com/v8/finance/chart/UNKNOWNSYMBOL99999.NS?interval=1d&range=1y&includeAdjustedClose=true
2026-05-30 22:44:02,050 [INFO] backend: GET /api/stocks/UNKNOWNSYMBOL99999/ohlcv -> 404 in 155ms
2026-05-30 22:44:02,052 [INFO] httpx: HTTP Request: GET http://testserver/api/stocks/UNKNOWNSYMBOL99999/ohlcv?region=IN&timeframe=1D "HTTP/1.1 404 Not Found"
2026-05-30 22:44:02,196 [INFO] httpx: HTTP Request: GET http://testserver/api/stocks/RELIANCE/indicators?region=IN&timeframe=1D "HTTP/1.1 200 OK"
2026-05-30 22:44:02,405 [INFO] httpx: HTTP Request: GET http://testserver/api/stocks/RELIANCE/indicators?region=IN&timeframe=1D "HTTP/1.1 200 OK"
2026-05-30 22:44:02,524 [INFO] httpx: HTTP Request: GET http://testserver/api/stocks/RELIANCE/indicators?region=IN&timeframe=1D "HTTP/1.1 200 OK"
2026-05-30 22:44:02,721 [INFO] services.screener_service: Screener.in session configured.
2026-05-30 22:44:03,306 [INFO] httpx: HTTP Request: GET http://testserver/api/stocks/RELIANCE/fundamentals?region=IN "HTTP/1.1 200 OK"
2026-05-30 22:44:03,755 [INFO] httpx: HTTP Request: GET http://testserver/api/stocks/RELIANCE/fundamentals?region=IN "HTTP/1.1 200 OK"
2026-05-30 22:44:04,261 [INFO] httpx: HTTP Request: GET http://testserver/api/stocks/AAPL/fundamentals?region=US "HTTP/1.1 200 OK"
2026-05-30 22:44:04,959 [INFO] httpx: HTTP Request: GET http://testserver/api/stocks/RELIANCE/verdict?region=IN&timeframe=1D "HTTP/1.1 200 OK"
2026-05-30 22:44:05,546 [INFO] httpx: HTTP Request: GET http://testserver/api/stocks/RELIANCE/verdict?region=IN&timeframe=1D "HTTP/1.1 200 OK"
2026-05-30 22:44:05,866 [INFO] httpx: HTTP Request: GET http://testserver/api/stocks/RELIANCE/ohlcv?region=IN&timeframe=1D "HTTP/1.1 200 OK"
2026-05-30 22:44:06,010 [WARNING] services.market_data_service: OHLCV history failed for RELIANCE: 404 Client Error: Not Found for url: https://query1.finance.yahoo.com/v8/finance/chart/RELIANCE?interval=1d&range=1y&includeAdjustedClose=true
2026-05-30 22:44:06,011 [INFO] backend: GET /api/stocks/RELIANCE/ohlcv -> 404 in 143ms
2026-05-30 22:44:06,012 [INFO] httpx: HTTP Request: GET http://testserver/api/stocks/RELIANCE/ohlcv?region=US&timeframe=1D "HTTP/1.1 404 Not Found"
2026-05-30 22:44:06,164 [WARNING] services.market_data_service: OHLCV history failed for AAPL: 404 Client Error: Not Found for url: https://query1.finance.yahoo.com/v8/finance/chart/AAPL.NS?interval=1d&range=1y&includeAdjustedClose=true
2026-05-30 22:44:06,168 [INFO] backend: GET /api/stocks/AAPL/ohlcv -> 404 in 150ms
2026-05-30 22:44:06,169 [INFO] httpx: HTTP Request: GET http://testserver/api/stocks/AAPL/ohlcv?region=IN&timeframe=1D "HTTP/1.1 404 Not Found"
2026-05-30 22:44:06,407 [INFO] httpx: HTTP Request: GET http://testserver/api/stocks/AAPL/ohlcv?region=US&timeframe=1D "HTTP/1.1 200 OK"
2026-05-30 22:44:06,411 [INFO] httpx: HTTP Request: GET http://testserver/api/universe/list?region=IN "HTTP/1.1 200 OK"
2026-05-30 22:44:06,421 [INFO] httpx: HTTP Request: GET http://testserver/api/universe/list?region=IN "HTTP/1.1 200 OK"
2026-05-30 22:44:06,426 [INFO] httpx: HTTP Request: GET http://testserver/api/universe/list?region=US "HTTP/1.1 200 OK"
2026-05-30 22:44:06,429 [INFO] httpx: HTTP Request: GET http://testserver/api/universe/list?region=US "HTTP/1.1 200 OK"
2026-05-30 22:44:06,449 [INFO] httpx: HTTP Request: GET http://testserver/api/universe/NIFTY%2050/symbols?region=IN "HTTP/1.1 200 OK"
2026-05-30 22:44:06,457 [INFO] httpx: HTTP Request: GET http://testserver/api/universe/NIFTY%2050/symbols?region=IN "HTTP/1.1 200 OK"
2026-05-30 22:44:06,462 [INFO] httpx: HTTP Request: GET http://testserver/api/universe/NIFTY%2050/symbols?region=IN&limit=10 "HTTP/1.1 200 OK"
2026-05-30 22:44:06,470 [INFO] httpx: HTTP Request: GET http://testserver/api/universe/DOW%2030/symbols?region=US "HTTP/1.1 200 OK"
2026-05-30 22:44:06,475 [INFO] httpx: HTTP Request: GET http://testserver/api/universe/TOTALLY_UNKNOWN/symbols?region=IN "HTTP/1.1 200 OK"
2026-05-30 22:44:06,558 [INFO] httpx: HTTP Request: POST http://testserver/api/universe/NIFTY%2050/sync?region=IN "HTTP/1.1 200 OK"
2026-05-30 22:44:06,568 [INFO] backend: Stock Intelligence Platform backend v2.0.0 starting (log: C:\Users\mohan\Stock App\stock-intelligence-platform\storage\logs\backend.log)
2026-05-30 22:44:06,629 [WARNING] services.nse_service: NSE API /api/quote-equity → 403
2026-05-30 22:44:06,656 [WARNING] services.nse_service: NSE API /api/quote-equity → 403
2026-05-30 22:44:06,657 [WARNING] services.nse_service: NSE API /api/quote-equity → 403
2026-05-30 22:44:06,659 [WARNING] services.nse_service: NSE API /api/quote-equity → 403
2026-05-30 22:44:06,662 [WARNING] services.nse_service: NSE API /api/quote-equity → 403
2026-05-30 22:44:06,669 [WARNING] services.nse_service: NSE API /api/quote-equity → 403
2026-05-30 22:44:06,673 [WARNING] services.nse_service: NSE API /api/quote-equity → 403
2026-05-30 22:44:06,690 [WARNING] services.nse_service: NSE API /api/quote-equity → 403
2026-05-30 22:44:06,828 [WARNING] services.market_data_service: OHLCV history failed for RELIANCE: 404 Client Error: Not Found for url: https://query1.finance.yahoo.com/v8/finance/chart/RELIANCE?interval=1d&range=6mo&includeAdjustedClose=true
2026-05-30 22:44:06,854 [WARNING] services.market_data_service: OHLCV history failed for TEST_WL_SYMBOL: 404 Client Error: Not Found for url: https://query1.finance.yahoo.com/v8/finance/chart/TEST_WL_SYMBOL?interval=1d&range=6mo&includeAdjustedClose=true
2026-05-30 22:44:06,960 [INFO] httpx: HTTP Request: GET http://testserver/api/watchlist "HTTP/1.1 200 OK"
2026-05-30 22:44:06,966 [INFO] backend: Backend shutting down
2026-05-30 22:44:07,194 [INFO] backend: Stock Intelligence Platform backend v2.0.0 starting (log: C:\Users\mohan\Stock App\stock-intelligence-platform\storage\logs\backend.log)
2026-05-30 22:44:07,222 [INFO] httpx: HTTP Request: POST http://testserver/api/watchlist/add "HTTP/1.1 200 OK"
2026-05-30 22:44:07,226 [INFO] backend: Backend shutting down
2026-05-30 22:44:07,705 [INFO] backend: Stock Intelligence Platform backend v2.0.0 starting (log: C:\Users\mohan\Stock App\stock-intelligence-platform\storage\logs\backend.log)
2026-05-30 22:44:07,725 [INFO] httpx: HTTP Request: POST http://testserver/api/watchlist/add "HTTP/1.1 200 OK"
2026-05-30 22:44:07,765 [WARNING] services.nse_service: NSE API /api/quote-equity → 403
2026-05-30 22:44:07,766 [WARNING] services.nse_service: NSE API /api/quote-equity → 403
2026-05-30 22:44:07,768 [WARNING] services.nse_service: NSE API /api/quote-equity → 403
2026-05-30 22:44:07,769 [WARNING] services.nse_service: NSE API /api/quote-equity → 403
2026-05-30 22:44:07,770 [WARNING] services.nse_service: NSE API /api/quote-equity → 403
2026-05-30 22:44:07,783 [WARNING] services.nse_service: NSE API /api/quote-equity → 403
2026-05-30 22:44:07,818 [WARNING] services.nse_service: NSE API /api/quote-equity → 403
2026-05-30 22:44:07,831 [WARNING] services.nse_service: NSE API /api/quote-equity → 403
2026-05-30 22:44:07,925 [WARNING] services.market_data_service: OHLCV history failed for RELIANCE: 404 Client Error: Not Found for url: https://query1.finance.yahoo.com/v8/finance/chart/RELIANCE?interval=1d&range=6mo&includeAdjustedClose=true
2026-05-30 22:44:07,997 [WARNING] services.market_data_service: OHLCV history failed for TEST_WL_SYMBOL: 404 Client Error: Not Found for url: https://query1.finance.yahoo.com/v8/finance/chart/TEST_WL_SYMBOL?interval=1d&range=6mo&includeAdjustedClose=true
2026-05-30 22:44:08,070 [INFO] httpx: HTTP Request: GET http://testserver/api/watchlist "HTTP/1.1 200 OK"
2026-05-30 22:44:08,073 [INFO] backend: Backend shutting down
2026-05-30 22:44:08,325 [INFO] backend: Stock Intelligence Platform backend v2.0.0 starting (log: C:\Users\mohan\Stock App\stock-intelligence-platform\storage\logs\backend.log)
2026-05-30 22:44:08,342 [INFO] httpx: HTTP Request: POST http://testserver/api/watchlist/add "HTTP/1.1 200 OK"
2026-05-30 22:44:08,349 [INFO] httpx: HTTP Request: POST http://testserver/api/watchlist/add "HTTP/1.1 200 OK"
2026-05-30 22:44:08,352 [INFO] backend: Backend shutting down
2026-05-30 22:44:08,827 [INFO] backend: Stock Intelligence Platform backend v2.0.0 starting (log: C:\Users\mohan\Stock App\stock-intelligence-platform\storage\logs\backend.log)
2026-05-30 22:44:08,860 [INFO] httpx: HTTP Request: POST http://testserver/api/watchlist/add "HTTP/1.1 200 OK"
2026-05-30 22:44:08,869 [INFO] httpx: HTTP Request: DELETE http://testserver/api/watchlist/TEST_WL_SYMBOL "HTTP/1.1 200 OK"
2026-05-30 22:44:08,871 [INFO] backend: Backend shutting down
2026-05-30 22:44:09,347 [INFO] backend: Stock Intelligence Platform backend v2.0.0 starting (log: C:\Users\mohan\Stock App\stock-intelligence-platform\storage\logs\backend.log)
2026-05-30 22:44:09,380 [INFO] httpx: HTTP Request: POST http://testserver/api/watchlist/add "HTTP/1.1 200 OK"
2026-05-30 22:44:09,410 [INFO] httpx: HTTP Request: DELETE http://testserver/api/watchlist/TEST_WL_SYMBOL "HTTP/1.1 200 OK"
2026-05-30 22:44:09,470 [WARNING] services.nse_service: NSE API /api/quote-equity → 403
2026-05-30 22:44:09,475 [WARNING] services.nse_service: NSE API /api/quote-equity → 403
2026-05-30 22:44:09,476 [WARNING] services.nse_service: NSE API /api/quote-equity → 403
2026-05-30 22:44:09,486 [WARNING] services.nse_service: NSE API /api/quote-equity → 403
2026-05-30 22:44:09,488 [WARNING] services.nse_service: NSE API /api/quote-equity → 403
2026-05-30 22:44:09,491 [WARNING] services.nse_service: NSE API /api/quote-equity → 403
2026-05-30 22:44:09,509 [WARNING] services.nse_service: NSE API /api/quote-equity → 403
2026-05-30 22:44:09,699 [WARNING] services.market_data_service: OHLCV history failed for RELIANCE: 404 Client Error: Not Found for url: https://query1.finance.yahoo.com/v8/finance/chart/RELIANCE?interval=1d&range=6mo&includeAdjustedClose=true
2026-05-30 22:44:09,772 [INFO] httpx: HTTP Request: GET http://testserver/api/watchlist "HTTP/1.1 200 OK"
2026-05-30 22:44:09,792 [INFO] backend: Backend shutting down
2026-05-30 22:44:09,971 [INFO] backend: Stock Intelligence Platform backend v2.0.0 starting (log: C:\Users\mohan\Stock App\stock-intelligence-platform\storage\logs\backend.log)
2026-05-30 22:44:09,985 [INFO] backend: DELETE /api/watchlist/SYMBOL_THAT_DOES_NOT_EXIST_XYZ -> 404 in 2ms
2026-05-30 22:44:09,987 [INFO] httpx: HTTP Request: DELETE http://testserver/api/watchlist/SYMBOL_THAT_DOES_NOT_EXIST_XYZ "HTTP/1.1 404 Not Found"
2026-05-30 22:44:09,988 [INFO] backend: Backend shutting down
2026-05-30 22:44:10,535 [INFO] backend: Stock Intelligence Platform backend v2.0.0 starting (log: C:\Users\mohan\Stock App\stock-intelligence-platform\storage\logs\backend.log)
2026-05-30 22:44:10,558 [INFO] httpx: HTTP Request: POST http://testserver/api/watchlist/add "HTTP/1.1 200 OK"
2026-05-30 22:44:10,642 [WARNING] services.nse_service: NSE API /api/quote-equity → 403
2026-05-30 22:44:10,643 [WARNING] services.nse_service: NSE API /api/quote-equity → 403
2026-05-30 22:44:10,651 [WARNING] services.nse_service: NSE API /api/quote-equity → 403
2026-05-30 22:44:10,652 [WARNING] services.nse_service: NSE API /api/quote-equity → 403
2026-05-30 22:44:10,652 [WARNING] services.nse_service: NSE API /api/quote-equity → 403
2026-05-30 22:44:10,669 [WARNING] services.nse_service: NSE API /api/quote-equity → 403
2026-05-30 22:44:10,671 [WARNING] services.nse_service: NSE API /api/quote-equity → 403
2026-05-30 22:44:10,688 [WARNING] services.nse_service: NSE API /api/quote-equity → 403
2026-05-30 22:44:10,841 [WARNING] services.market_data_service: OHLCV history failed for RELIANCE: 404 Client Error: Not Found for url: https://query1.finance.yahoo.com/v8/finance/chart/RELIANCE?interval=1d&range=6mo&includeAdjustedClose=true
2026-05-30 22:44:10,848 [WARNING] services.market_data_service: OHLCV history failed for TEST_WL_SYMBOL: 404 Client Error: Not Found for url: https://query1.finance.yahoo.com/v8/finance/chart/TEST_WL_SYMBOL?interval=1d&range=6mo&includeAdjustedClose=true
2026-05-30 22:44:11,086 [INFO] httpx: HTTP Request: GET http://testserver/api/watchlist "HTTP/1.1 200 OK"
2026-05-30 22:44:11,090 [INFO] backend: Backend shutting down
2026-05-30 22:44:11,351 [INFO] backend: Stock Intelligence Platform backend v2.0.0 starting (log: C:\Users\mohan\Stock App\stock-intelligence-platform\storage\logs\backend.log)
2026-05-30 22:44:11,370 [INFO] backend: POST /api/watchlist/add -> 422 in 2ms
2026-05-30 22:44:11,371 [INFO] httpx: HTTP Request: POST http://testserver/api/watchlist/add "HTTP/1.1 422 Unprocessable Entity"
2026-05-30 22:44:11,375 [INFO] backend: Backend shutting down
2026-05-30 22:44:11,964 [INFO] backend: Stock Intelligence Platform backend v2.0.0 starting (log: C:\Users\mohan\Stock App\stock-intelligence-platform\storage\logs\backend.log)
2026-05-30 22:44:11,987 [INFO] httpx: HTTP Request: POST http://testserver/api/watchlist/add "HTTP/1.1 200 OK"
2026-05-30 22:44:12,026 [WARNING] services.nse_service: NSE API /api/quote-equity → 403
2026-05-30 22:44:12,030 [WARNING] services.nse_service: NSE API /api/quote-equity → 403
2026-05-30 22:44:12,032 [WARNING] services.nse_service: NSE API /api/quote-equity → 403
2026-05-30 22:44:12,035 [WARNING] services.nse_service: NSE API /api/quote-equity → 403
2026-05-30 22:44:12,037 [WARNING] services.nse_service: NSE API /api/quote-equity → 403
2026-05-30 22:44:12,038 [WARNING] services.nse_service: NSE API /api/quote-equity → 403
2026-05-30 22:44:12,052 [WARNING] services.nse_service: NSE API /api/quote-equity → 403
2026-05-30 22:44:12,053 [WARNING] services.nse_service: NSE API /api/quote-equity → 403
2026-05-30 22:44:12,211 [WARNING] services.market_data_service: OHLCV history failed for RELIANCE: 404 Client Error: Not Found for url: https://query1.finance.yahoo.com/v8/finance/chart/RELIANCE?interval=1d&range=6mo&includeAdjustedClose=true
2026-05-30 22:44:12,216 [WARNING] services.market_data_service: OHLCV history failed for TEST_WL_SYMBOL: 404 Client Error: Not Found for url: https://query1.finance.yahoo.com/v8/finance/chart/TEST_WL_SYMBOL?interval=1d&range=6mo&includeAdjustedClose=true
2026-05-30 22:44:12,355 [INFO] httpx: HTTP Request: GET http://testserver/api/watchlist "HTTP/1.1 200 OK"
2026-05-30 22:44:12,357 [INFO] backend: Backend shutting down
2026-05-30 22:44:12,626 [INFO] backend: Stock Intelligence Platform backend v2.0.0 starting (log: C:\Users\mohan\Stock App\stock-intelligence-platform\storage\logs\backend.log)
2026-05-30 22:44:12,663 [INFO] httpx: HTTP Request: POST http://testserver/api/watchlist/add "HTTP/1.1 200 OK"
2026-05-30 22:44:12,701 [WARNING] services.nse_service: NSE API /api/quote-equity → 403
2026-05-30 22:44:12,705 [WARNING] services.nse_service: NSE API /api/quote-equity → 403
2026-05-30 22:44:12,706 [WARNING] services.nse_service: NSE API /api/quote-equity → 403
2026-05-30 22:44:12,708 [WARNING] services.nse_service: NSE API /api/quote-equity → 403
2026-05-30 22:44:12,709 [WARNING] services.nse_service: NSE API /api/quote-equity → 403
2026-05-30 22:44:12,712 [WARNING] services.nse_service: NSE API /api/quote-equity → 403
2026-05-30 22:44:12,722 [WARNING] services.nse_service: NSE API /api/quote-equity → 403
2026-05-30 22:44:12,726 [WARNING] services.nse_service: NSE API /api/quote-equity → 403
2026-05-30 22:44:13,043 [WARNING] services.market_data_service: OHLCV history failed for TEST_WL_SYMBOL: 404 Client Error: Not Found for url: https://query1.finance.yahoo.com/v8/finance/chart/TEST_WL_SYMBOL?interval=1d&range=6mo&includeAdjustedClose=true
2026-05-30 22:44:13,043 [WARNING] services.market_data_service: OHLCV history failed for RELIANCE: 404 Client Error: Not Found for url: https://query1.finance.yahoo.com/v8/finance/chart/RELIANCE?interval=1d&range=6mo&includeAdjustedClose=true
2026-05-30 22:44:13,150 [INFO] httpx: HTTP Request: GET http://testserver/api/watchlist "HTTP/1.1 200 OK"
2026-05-30 22:44:13,158 [INFO] backend: Backend shutting down
2026-05-30 22:44:13,459 [INFO] backend: Stock Intelligence Platform backend v2.0.0 starting (log: C:\Users\mohan\Stock App\stock-intelligence-platform\storage\logs\backend.log)
2026-05-30 22:44:13,476 [INFO] httpx: HTTP Request: POST http://testserver/api/watchlist/add "HTTP/1.1 200 OK"
2026-05-30 22:44:13,536 [WARNING] services.nse_service: NSE API /api/quote-equity → 403
2026-05-30 22:44:13,538 [WARNING] services.nse_service: NSE API /api/quote-equity → 403
2026-05-30 22:44:13,539 [WARNING] services.nse_service: NSE API /api/quote-equity → 403
2026-05-30 22:44:13,540 [WARNING] services.nse_service: NSE API /api/quote-equity → 403
2026-05-30 22:44:13,541 [WARNING] services.nse_service: NSE API /api/quote-equity → 403
2026-05-30 22:44:13,550 [WARNING] services.nse_service: NSE API /api/quote-equity → 403
2026-05-30 22:44:13,567 [WARNING] services.nse_service: NSE API /api/quote-equity → 403
2026-05-30 22:44:13,586 [WARNING] services.nse_service: NSE API /api/quote-equity → 403
2026-05-30 22:44:13,767 [WARNING] services.market_data_service: OHLCV history failed for RELIANCE: 404 Client Error: Not Found for url: https://query1.finance.yahoo.com/v8/finance/chart/RELIANCE?interval=1d&range=6mo&includeAdjustedClose=true
2026-05-30 22:44:13,769 [WARNING] services.market_data_service: OHLCV history failed for TEST_WL_SYMBOL: 404 Client Error: Not Found for url: https://query1.finance.yahoo.com/v8/finance/chart/TEST_WL_SYMBOL?interval=1d&range=6mo&includeAdjustedClose=true
2026-05-30 22:44:13,903 [INFO] httpx: HTTP Request: GET http://testserver/api/watchlist "HTTP/1.1 200 OK"
2026-05-30 22:44:13,909 [INFO] backend: Backend shutting down
2026-05-30 22:44:14,232 [INFO] backend: Backend shutting down
2026-05-30 22:48:45,098 [INFO] backend: Stock Intelligence Platform backend v2.0.0 starting (log: C:\Users\mohan\Stock App\stock-intelligence-platform\storage\logs\backend.log)
2026-05-30 22:48:48,464 [WARNING] services.fno_data_service: FNO NSE API /api/option-chain-indices → 404
2026-05-30 22:48:48,465 [INFO] services.fno_data_service: NSE option chain unavailable for NIFTY — using synthetic fallback
2026-05-30 22:48:48,539 [INFO] backend: GET /api/fno/option-chain -> 200 in 1380ms
2026-05-30 22:48:48,540 [INFO] httpx: HTTP Request: GET http://testserver/api/fno/option-chain?symbol=NIFTY "HTTP/1.1 200 OK"
2026-05-30 22:48:48,572 [WARNING] services.fno_data_service: FNO NSE API /api/option-chain-indices → 404
2026-05-30 22:48:48,574 [INFO] services.fno_data_service: NSE option chain unavailable for NIFTY — using synthetic fallback
2026-05-30 22:48:48,627 [INFO] httpx: HTTP Request: GET http://testserver/api/fno/option-chain?symbol=NIFTY "HTTP/1.1 200 OK"
2026-05-30 22:48:48,660 [WARNING] services.fno_data_service: FNO NSE API /api/option-chain-indices → 404
2026-05-30 22:48:48,661 [INFO] services.fno_data_service: NSE option chain unavailable for NIFTY — using synthetic fallback
2026-05-30 22:48:48,714 [INFO] httpx: HTTP Request: GET http://testserver/api/fno/option-chain?symbol=NIFTY "HTTP/1.1 200 OK"
2026-05-30 22:48:48,748 [WARNING] services.fno_data_service: FNO NSE API /api/option-chain-indices → 404
2026-05-30 22:48:48,749 [INFO] services.fno_data_service: NSE option chain unavailable for NIFTY — using synthetic fallback
2026-05-30 22:48:48,807 [INFO] httpx: HTTP Request: GET http://testserver/api/fno/option-chain?symbol=NIFTY "HTTP/1.1 200 OK"
2026-05-30 22:48:48,870 [WARNING] services.fno_data_service: FNO NSE API /api/option-chain-indices → 404
2026-05-30 22:48:48,872 [INFO] services.fno_data_service: NSE option chain unavailable for BANKNIFTY — using synthetic fallback
2026-05-30 22:48:48,925 [INFO] httpx: HTTP Request: GET http://testserver/api/fno/option-chain?symbol=BANKNIFTY "HTTP/1.1 200 OK"
2026-05-30 22:48:49,002 [INFO] services.fno_data_service: Empty NSE chain for FAKESTOCK123 — using synthetic fallback
2026-05-30 22:48:49,078 [WARNING] services.fno_data_service: FNO NSE API /api/quote-derivative → 404
2026-05-30 22:48:49,091 [INFO] httpx: HTTP Request: GET http://testserver/api/fno/option-chain?symbol=FAKESTOCK123 "HTTP/1.1 200 OK"
2026-05-30 22:48:49,119 [WARNING] services.fno_data_service: FNO NSE API /api/option-chain-indices → 404
2026-05-30 22:48:49,119 [INFO] services.fno_data_service: NSE option chain unavailable for NIFTY — using synthetic fallback
2026-05-30 22:48:49,170 [INFO] httpx: HTTP Request: GET http://testserver/api/fno/option-chain "HTTP/1.1 200 OK"
2026-05-30 22:48:49,201 [WARNING] services.fno_data_service: FNO NSE API /api/option-chain-indices → 404
2026-05-30 22:48:49,202 [INFO] services.fno_data_service: NSE option chain unavailable for NIFTY — using synthetic fallback
2026-05-30 22:48:49,249 [INFO] httpx: HTTP Request: GET http://testserver/api/fno/option-chain?symbol=NIFTY "HTTP/1.1 200 OK"
2026-05-30 22:48:49,278 [WARNING] services.fno_data_service: FNO NSE API /api/option-chain-indices → 404
2026-05-30 22:48:49,278 [INFO] services.fno_data_service: NSE option chain unavailable for NIFTY — using synthetic fallback
2026-05-30 22:48:49,319 [INFO] httpx: HTTP Request: GET http://testserver/api/fno/option-chain?symbol=NIFTY&expiry=04-Jun-2026 "HTTP/1.1 200 OK"
2026-05-30 22:48:49,355 [INFO] httpx: HTTP Request: GET http://testserver/api/fno/vix "HTTP/1.1 200 OK"
2026-05-30 22:48:49,392 [INFO] httpx: HTTP Request: GET http://testserver/api/fno/vix "HTTP/1.1 200 OK"
2026-05-30 22:48:49,421 [WARNING] services.fno_data_service: FNO NSE API /api/option-chain-indices → 404
2026-05-30 22:48:49,421 [INFO] services.fno_data_service: NSE option chain unavailable for NIFTY — using synthetic fallback
2026-05-30 22:48:49,456 [INFO] httpx: HTTP Request: GET http://testserver/api/fno/pcr?symbol=NIFTY "HTTP/1.1 200 OK"
2026-05-30 22:48:49,484 [WARNING] services.fno_data_service: FNO NSE API /api/option-chain-indices → 404
2026-05-30 22:48:49,484 [INFO] services.fno_data_service: NSE option chain unavailable for NIFTY — using synthetic fallback
2026-05-30 22:48:49,545 [INFO] httpx: HTTP Request: GET http://testserver/api/fno/pcr?symbol=NIFTY "HTTP/1.1 200 OK"
2026-05-30 22:48:49,579 [WARNING] services.fno_data_service: FNO NSE API /api/option-chain-indices → 404
2026-05-30 22:48:49,580 [INFO] services.fno_data_service: NSE option chain unavailable for NIFTY — using synthetic fallback
2026-05-30 22:48:49,615 [INFO] httpx: HTTP Request: GET http://testserver/api/fno/pcr "HTTP/1.1 200 OK"
2026-05-30 22:48:49,677 [WARNING] services.fno_data_service: FNO NSE API /api/equity-stockIndices → 404
2026-05-30 22:48:49,679 [INFO] httpx: HTTP Request: GET http://testserver/api/fno/symbols "HTTP/1.1 200 OK"
2026-05-30 22:48:49,708 [WARNING] services.fno_data_service: FNO NSE API /api/equity-stockIndices → 404
2026-05-30 22:48:49,710 [INFO] httpx: HTTP Request: GET http://testserver/api/fno/symbols "HTTP/1.1 200 OK"
2026-05-30 22:48:50,073 [INFO] httpx: HTTP Request: GET http://testserver/api/fno/oi-spurts "HTTP/1.1 200 OK"
2026-05-30 22:48:50,136 [INFO] httpx: HTTP Request: GET http://testserver/api/fno/oi-variations "HTTP/1.1 200 OK"
2026-05-30 22:48:50,175 [INFO] httpx: HTTP Request: GET http://testserver/api/fno/paper-trades/open "HTTP/1.1 200 OK"
2026-05-30 22:48:50,181 [INFO] httpx: HTTP Request: GET http://testserver/api/fno/paper-trades/closed "HTTP/1.1 200 OK"
2026-05-30 22:48:50,188 [INFO] httpx: HTTP Request: GET http://testserver/api/fno/paper-trades/equity-curve "HTTP/1.1 200 OK"
2026-05-30 22:48:50,197 [INFO] httpx: HTTP Request: GET http://testserver/api/fno/paper-trades/portfolio "HTTP/1.1 200 OK"
2026-05-30 22:48:50,208 [INFO] backend: POST /api/fno/paper-trades -> 422 in 5ms
2026-05-30 22:48:50,208 [INFO] httpx: HTTP Request: POST http://testserver/api/fno/paper-trades "HTTP/1.1 422 Unprocessable Entity"
2026-05-30 22:48:50,214 [INFO] backend: POST /api/fno/paper-trades -> 422 in 1ms
2026-05-30 22:48:50,216 [INFO] httpx: HTTP Request: POST http://testserver/api/fno/paper-trades "HTTP/1.1 422 Unprocessable Entity"
2026-05-30 22:48:50,224 [INFO] httpx: HTTP Request: POST http://testserver/api/fno/paper-trades "HTTP/1.1 200 OK"
2026-05-30 22:48:50,339 [INFO] httpx: HTTP Request: GET http://testserver/api/market/status?region=IN "HTTP/1.1 200 OK"
2026-05-30 22:48:50,804 [INFO] services.us_market_service: YF session refreshed, crumb=n32pA6…
2026-05-30 22:48:51,000 [INFO] httpx: HTTP Request: GET http://testserver/api/market/status?region=US "HTTP/1.1 200 OK"
2026-05-30 22:48:51,040 [INFO] httpx: HTTP Request: GET http://testserver/api/market/status "HTTP/1.1 200 OK"
2026-05-30 22:48:51,068 [INFO] httpx: HTTP Request: GET http://testserver/api/market/status?region=EU "HTTP/1.1 200 OK"
2026-05-30 22:48:51,253 [WARNING] services.nse_service: NSE API /api/equity-stockIndices → 404
2026-05-30 22:48:51,308 [WARNING] services.nse_service: NSE API /api/equity-stockIndices → 404
2026-05-30 22:48:51,388 [WARNING] services.nse_service: NSE API /api/equity-stockIndices → 404
2026-05-30 22:48:51,445 [WARNING] services.nse_service: NSE API /api/equity-stockIndices → 404
2026-05-30 22:48:51,492 [WARNING] services.nse_service: NSE API /api/equity-stockIndices → 404
2026-05-30 22:48:51,557 [WARNING] services.nse_service: NSE API /api/equity-stockIndices → 404
2026-05-30 22:48:51,558 [INFO] httpx: HTTP Request: GET http://testserver/api/market/indices?region=IN "HTTP/1.1 200 OK"
2026-05-30 22:48:52,699 [INFO] backend: GET /api/market/indices -> 200 in 1137ms
2026-05-30 22:48:52,700 [INFO] httpx: HTTP Request: GET http://testserver/api/market/indices?region=US "HTTP/1.1 200 OK"
2026-05-30 22:48:52,734 [WARNING] services.nse_service: NSE API /api/equity-stockIndices → 404
2026-05-30 22:48:52,758 [WARNING] services.nse_service: NSE API /api/equity-stockIndices → 404
2026-05-30 22:48:52,784 [WARNING] services.nse_service: NSE API /api/equity-stockIndices → 404
2026-05-30 22:48:52,810 [WARNING] services.nse_service: NSE API /api/equity-stockIndices → 404
2026-05-30 22:48:52,838 [WARNING] services.nse_service: NSE API /api/equity-stockIndices → 404
2026-05-30 22:48:52,865 [WARNING] services.nse_service: NSE API /api/equity-stockIndices → 404
2026-05-30 22:48:52,867 [INFO] httpx: HTTP Request: GET http://testserver/api/market/indices?region=IN "HTTP/1.1 200 OK"
2026-05-30 22:48:52,906 [INFO] httpx: HTTP Request: GET http://testserver/api/market/sectors?region=IN "HTTP/1.1 200 OK"
2026-05-30 22:48:53,008 [INFO] httpx: HTTP Request: GET http://testserver/api/market/sectors?region=US "HTTP/1.1 200 OK"
2026-05-30 22:48:53,043 [INFO] httpx: HTTP Request: GET http://testserver/api/market/sectors?region=IN "HTTP/1.1 200 OK"
2026-05-30 22:48:53,076 [INFO] httpx: HTTP Request: GET http://testserver/api/market/sectors?region=US "HTTP/1.1 200 OK"
2026-05-30 22:48:53,107 [WARNING] services.nse_service: NSE API /api/equity-stockIndices → 404
2026-05-30 22:48:54,792 [INFO] backend: GET /api/market/universe/NIFTY 50/quotes -> 200 in 1711ms
2026-05-30 22:48:54,793 [INFO] httpx: HTTP Request: GET http://testserver/api/market/universe/NIFTY%2050/quotes?region=IN "HTTP/1.1 200 OK"
2026-05-30 22:48:54,827 [WARNING] services.nse_service: NSE API /api/equity-stockIndices → 404
2026-05-30 22:48:55,612 [INFO] httpx: HTTP Request: GET http://testserver/api/market/universe/NIFTY%2050/quotes?region=IN "HTTP/1.1 200 OK"
2026-05-30 22:48:55,725 [INFO] httpx: HTTP Request: GET http://testserver/api/market/universe/DOW%2030/quotes?region=US "HTTP/1.1 200 OK"
2026-05-30 22:48:55,787 [WARNING] services.nse_service: NSE API /api/equity-stockIndices → 404
2026-05-30 22:48:55,788 [WARNING] backend.routers.market: Universe fallback: JSON file not found: C:\Users\mohan\Stock App\stock-intelligence-platform\storage\universe\NONEXISTENT_INDEX.json
2026-05-30 22:48:55,790 [INFO] httpx: HTTP Request: GET http://testserver/api/market/universe/NONEXISTENT_INDEX/quotes?region=IN "HTTP/1.1 200 OK"
2026-05-30 22:48:55,857 [INFO] httpx: HTTP Request: GET http://testserver/api/market/fii-dii "HTTP/1.1 200 OK"
2026-05-30 22:48:55,885 [INFO] httpx: HTTP Request: GET http://testserver/api/market/fii-dii "HTTP/1.1 200 OK"
2026-05-30 22:48:55,918 [INFO] httpx: HTTP Request: GET http://testserver/api/market/status?region=IN "HTTP/1.1 200 OK"
2026-05-30 22:48:55,971 [INFO] httpx: HTTP Request: GET http://testserver/api/market/status?region=US "HTTP/1.1 200 OK"
2026-05-30 22:48:56,000 [INFO] httpx: HTTP Request: GET http://testserver/api/market/sectors?region=IN "HTTP/1.1 200 OK"
2026-05-30 22:48:56,109 [INFO] httpx: HTTP Request: GET http://testserver/api/market/sectors?region=US "HTTP/1.1 200 OK"
2026-05-30 22:48:56,136 [WARNING] services.nse_service: NSE API /api/equity-stockIndices → 404
2026-05-30 22:48:56,677 [INFO] httpx: HTTP Request: GET http://testserver/api/market/universe/NIFTY%2050/quotes?region=IN "HTTP/1.1 200 OK"
2026-05-30 22:48:56,799 [INFO] httpx: HTTP Request: GET http://testserver/api/market/universe/DOW%2030/quotes?region=US "HTTP/1.1 200 OK"
2026-05-30 22:48:56,829 [INFO] httpx: HTTP Request: GET http://testserver/api/market/fii-dii "HTTP/1.1 200 OK"
2026-05-30 22:48:56,972 [WARNING] services.market_data_service: OHLCV history failed for RELIANCE: 404 Client Error: Not Found for url: https://query1.finance.yahoo.com/v8/finance/chart/RELIANCE?interval=1d&range=1y&includeAdjustedClose=true
2026-05-30 22:48:56,973 [INFO] backend: GET /api/stocks/RELIANCE/ohlcv -> 404 in 139ms
2026-05-30 22:48:56,973 [INFO] httpx: HTTP Request: GET http://testserver/api/stocks/RELIANCE/ohlcv?region=US&timeframe=1D "HTTP/1.1 404 Not Found"
2026-05-30 22:48:57,121 [WARNING] services.market_data_service: OHLCV history failed for AAPL: 404 Client Error: Not Found for url: https://query1.finance.yahoo.com/v8/finance/chart/AAPL.NS?interval=1d&range=1y&includeAdjustedClose=true
2026-05-30 22:48:57,123 [INFO] backend: GET /api/stocks/AAPL/ohlcv -> 404 in 146ms
2026-05-30 22:48:57,123 [INFO] httpx: HTTP Request: GET http://testserver/api/stocks/AAPL/ohlcv?region=IN&timeframe=1D "HTTP/1.1 404 Not Found"
2026-05-30 22:48:57,593 [INFO] httpx: HTTP Request: GET http://testserver/api/stocks/INFY/ohlcv?region=IN&timeframe=1D "HTTP/1.1 200 OK"
2026-05-30 22:48:57,794 [INFO] httpx: HTTP Request: GET http://testserver/api/stocks/INFY/ohlcv?region=US&timeframe=1D "HTTP/1.1 200 OK"
2026-05-30 22:48:57,798 [INFO] httpx: HTTP Request: GET http://testserver/api/universe/list?region=IN "HTTP/1.1 200 OK"
2026-05-30 22:48:57,801 [INFO] httpx: HTTP Request: GET http://testserver/api/universe/list?region=US "HTTP/1.1 200 OK"
2026-05-30 22:48:57,807 [INFO] httpx: HTTP Request: GET http://testserver/api/universe/NIFTY%2050/symbols?region=IN "HTTP/1.1 200 OK"
2026-05-30 22:48:58,029 [INFO] httpx: HTTP Request: GET http://testserver/api/stocks/RELIANCE/ohlcv?region=IN&timeframe=1D "HTTP/1.1 200 OK"
2026-05-30 22:48:58,257 [INFO] httpx: HTTP Request: GET http://testserver/api/stocks/AAPL/ohlcv?region=US&timeframe=1D "HTTP/1.1 200 OK"
2026-05-30 22:48:58,451 [INFO] httpx: HTTP Request: GET http://testserver/api/stocks/RELIANCE/ohlcv?region=IN&timeframe=1D "HTTP/1.1 200 OK"
2026-05-30 22:48:58,648 [INFO] httpx: HTTP Request: GET http://testserver/api/stocks/RELIANCE/ohlcv?region=IN&timeframe=1D "HTTP/1.1 200 OK"
2026-05-30 22:48:58,901 [INFO] httpx: HTTP Request: GET http://testserver/api/stocks/RELIANCE/ohlcv?region=IN&timeframe=1W "HTTP/1.1 200 OK"
2026-05-30 22:48:59,157 [INFO] httpx: HTTP Request: GET http://testserver/api/stocks/RELIANCE/ohlcv?region=IN&timeframe=1M "HTTP/1.1 200 OK"
2026-05-30 22:48:59,307 [WARNING] services.market_data_service: OHLCV history failed for UNKNOWNSYMBOL99999: 404 Client Error: Not Found for url: https://query1.finance.yahoo.com/v8/finance/chart/UNKNOWNSYMBOL99999.NS?interval=1d&range=1y&includeAdjustedClose=true
2026-05-30 22:48:59,308 [INFO] backend: GET /api/stocks/UNKNOWNSYMBOL99999/ohlcv -> 404 in 147ms
2026-05-30 22:48:59,308 [INFO] httpx: HTTP Request: GET http://testserver/api/stocks/UNKNOWNSYMBOL99999/ohlcv?region=IN&timeframe=1D "HTTP/1.1 404 Not Found"
2026-05-30 22:48:59,453 [INFO] httpx: HTTP Request: GET http://testserver/api/stocks/RELIANCE/indicators?region=IN&timeframe=1D "HTTP/1.1 200 OK"
2026-05-30 22:48:59,561 [INFO] httpx: HTTP Request: GET http://testserver/api/stocks/RELIANCE/indicators?region=IN&timeframe=1D "HTTP/1.1 200 OK"
2026-05-30 22:48:59,690 [INFO] httpx: HTTP Request: GET http://testserver/api/stocks/RELIANCE/indicators?region=IN&timeframe=1D "HTTP/1.1 200 OK"
2026-05-30 22:48:59,837 [INFO] services.screener_service: Screener.in session configured.
2026-05-30 22:49:00,319 [INFO] httpx: HTTP Request: GET http://testserver/api/stocks/RELIANCE/fundamentals?region=IN "HTTP/1.1 200 OK"
2026-05-30 22:49:00,678 [INFO] httpx: HTTP Request: GET http://testserver/api/stocks/RELIANCE/fundamentals?region=IN "HTTP/1.1 200 OK"
2026-05-30 22:49:01,017 [INFO] httpx: HTTP Request: GET http://testserver/api/stocks/AAPL/fundamentals?region=US "HTTP/1.1 200 OK"
2026-05-30 22:49:01,621 [INFO] httpx: HTTP Request: GET http://testserver/api/stocks/RELIANCE/verdict?region=IN&timeframe=1D "HTTP/1.1 200 OK"
2026-05-30 22:49:02,095 [INFO] httpx: HTTP Request: GET http://testserver/api/stocks/RELIANCE/verdict?region=IN&timeframe=1D "HTTP/1.1 200 OK"
2026-05-30 22:49:02,199 [INFO] httpx: HTTP Request: GET http://testserver/api/stocks/RELIANCE/ohlcv?region=IN&timeframe=1D "HTTP/1.1 200 OK"
2026-05-30 22:49:02,343 [WARNING] services.market_data_service: OHLCV history failed for RELIANCE: 404 Client Error: Not Found for url: https://query1.finance.yahoo.com/v8/finance/chart/RELIANCE?interval=1d&range=1y&includeAdjustedClose=true
2026-05-30 22:49:02,344 [INFO] backend: GET /api/stocks/RELIANCE/ohlcv -> 404 in 144ms
2026-05-30 22:49:02,345 [INFO] httpx: HTTP Request: GET http://testserver/api/stocks/RELIANCE/ohlcv?region=US&timeframe=1D "HTTP/1.1 404 Not Found"
2026-05-30 22:49:02,493 [WARNING] services.market_data_service: OHLCV history failed for AAPL: 404 Client Error: Not Found for url: https://query1.finance.yahoo.com/v8/finance/chart/AAPL.NS?interval=1d&range=1y&includeAdjustedClose=true
2026-05-30 22:49:02,495 [INFO] backend: GET /api/stocks/AAPL/ohlcv -> 404 in 145ms
2026-05-30 22:49:02,495 [INFO] httpx: HTTP Request: GET http://testserver/api/stocks/AAPL/ohlcv?region=IN&timeframe=1D "HTTP/1.1 404 Not Found"
2026-05-30 22:49:02,731 [INFO] httpx: HTTP Request: GET http://testserver/api/stocks/AAPL/ohlcv?region=US&timeframe=1D "HTTP/1.1 200 OK"
2026-05-30 22:49:02,737 [INFO] httpx: HTTP Request: GET http://testserver/api/universe/list?region=IN "HTTP/1.1 200 OK"
2026-05-30 22:49:02,742 [INFO] httpx: HTTP Request: GET http://testserver/api/universe/list?region=IN "HTTP/1.1 200 OK"
2026-05-30 22:49:02,749 [INFO] httpx: HTTP Request: GET http://testserver/api/universe/list?region=US "HTTP/1.1 200 OK"
2026-05-30 22:49:02,755 [INFO] httpx: HTTP Request: GET http://testserver/api/universe/list?region=US "HTTP/1.1 200 OK"
2026-05-30 22:49:02,762 [INFO] httpx: HTTP Request: GET http://testserver/api/universe/NIFTY%2050/symbols?region=IN "HTTP/1.1 200 OK"
2026-05-30 22:49:02,767 [INFO] httpx: HTTP Request: GET http://testserver/api/universe/NIFTY%2050/symbols?region=IN "HTTP/1.1 200 OK"
2026-05-30 22:49:02,774 [INFO] httpx: HTTP Request: GET http://testserver/api/universe/NIFTY%2050/symbols?region=IN&limit=10 "HTTP/1.1 200 OK"
2026-05-30 22:49:02,780 [INFO] httpx: HTTP Request: GET http://testserver/api/universe/DOW%2030/symbols?region=US "HTTP/1.1 200 OK"
2026-05-30 22:49:02,787 [INFO] httpx: HTTP Request: GET http://testserver/api/universe/TOTALLY_UNKNOWN/symbols?region=IN "HTTP/1.1 200 OK"
2026-05-30 22:49:02,879 [INFO] httpx: HTTP Request: POST http://testserver/api/universe/NIFTY%2050/sync?region=IN "HTTP/1.1 200 OK"
2026-05-30 22:49:02,884 [INFO] backend: Stock Intelligence Platform backend v2.0.0 starting (log: C:\Users\mohan\Stock App\stock-intelligence-platform\storage\logs\backend.log)
2026-05-30 22:49:02,926 [WARNING] services.nse_service: NSE API /api/quote-equity → 403
2026-05-30 22:49:02,946 [WARNING] services.nse_service: NSE API /api/quote-equity → 403
2026-05-30 22:49:02,947 [WARNING] services.nse_service: NSE API /api/quote-equity → 403
2026-05-30 22:49:02,948 [WARNING] services.nse_service: NSE API /api/quote-equity → 403
2026-05-30 22:49:02,949 [WARNING] services.nse_service: NSE API /api/quote-equity → 403
2026-05-30 22:49:02,950 [WARNING] services.nse_service: NSE API /api/quote-equity → 403
2026-05-30 22:49:02,952 [WARNING] services.nse_service: NSE API /api/quote-equity → 403
2026-05-30 22:49:02,955 [WARNING] services.nse_service: NSE API /api/quote-equity → 403
2026-05-30 22:49:03,134 [WARNING] services.market_data_service: OHLCV history failed for TEST_WL_SYMBOL: 404 Client Error: Not Found for url: https://query1.finance.yahoo.com/v8/finance/chart/TEST_WL_SYMBOL?interval=1d&range=6mo&includeAdjustedClose=true
2026-05-30 22:49:03,140 [WARNING] services.market_data_service: OHLCV history failed for RELIANCE: 404 Client Error: Not Found for url: https://query1.finance.yahoo.com/v8/finance/chart/RELIANCE?interval=1d&range=6mo&includeAdjustedClose=true
2026-05-30 22:49:03,208 [INFO] httpx: HTTP Request: GET http://testserver/api/watchlist "HTTP/1.1 200 OK"
2026-05-30 22:49:03,211 [INFO] backend: Backend shutting down
2026-05-30 22:49:03,398 [INFO] backend: Stock Intelligence Platform backend v2.0.0 starting (log: C:\Users\mohan\Stock App\stock-intelligence-platform\storage\logs\backend.log)
2026-05-30 22:49:03,413 [INFO] httpx: HTTP Request: POST http://testserver/api/watchlist/add "HTTP/1.1 200 OK"
2026-05-30 22:49:03,416 [INFO] backend: Backend shutting down
2026-05-30 22:49:03,875 [INFO] backend: Stock Intelligence Platform backend v2.0.0 starting (log: C:\Users\mohan\Stock App\stock-intelligence-platform\storage\logs\backend.log)
2026-05-30 22:49:03,890 [INFO] httpx: HTTP Request: POST http://testserver/api/watchlist/add "HTTP/1.1 200 OK"
2026-05-30 22:49:03,924 [WARNING] services.nse_service: NSE API /api/quote-equity → 403
2026-05-30 22:49:03,925 [WARNING] services.nse_service: NSE API /api/quote-equity → 403
2026-05-30 22:49:03,925 [WARNING] services.nse_service: NSE API /api/quote-equity → 403
2026-05-30 22:49:03,926 [WARNING] services.nse_service: NSE API /api/quote-equity → 403
2026-05-30 22:49:03,927 [WARNING] services.nse_service: NSE API /api/quote-equity → 403
2026-05-30 22:49:03,928 [WARNING] services.nse_service: NSE API /api/quote-equity → 403
2026-05-30 22:49:03,929 [WARNING] services.nse_service: NSE API /api/quote-equity → 403
2026-05-30 22:49:03,929 [WARNING] services.nse_service: NSE API /api/quote-equity → 403
2026-05-30 22:49:04,089 [WARNING] services.market_data_service: OHLCV history failed for TEST_WL_SYMBOL: 404 Client Error: Not Found for url: https://query1.finance.yahoo.com/v8/finance/chart/TEST_WL_SYMBOL?interval=1d&range=6mo&includeAdjustedClose=true
2026-05-30 22:49:04,094 [WARNING] services.market_data_service: OHLCV history failed for RELIANCE: 404 Client Error: Not Found for url: https://query1.finance.yahoo.com/v8/finance/chart/RELIANCE?interval=1d&range=6mo&includeAdjustedClose=true
2026-05-30 22:49:04,185 [INFO] httpx: HTTP Request: GET http://testserver/api/watchlist "HTTP/1.1 200 OK"
2026-05-30 22:49:04,190 [INFO] backend: Backend shutting down
2026-05-30 22:49:04,339 [INFO] backend: Stock Intelligence Platform backend v2.0.0 starting (log: C:\Users\mohan\Stock App\stock-intelligence-platform\storage\logs\backend.log)
2026-05-30 22:49:04,354 [INFO] httpx: HTTP Request: POST http://testserver/api/watchlist/add "HTTP/1.1 200 OK"
2026-05-30 22:49:04,359 [INFO] httpx: HTTP Request: POST http://testserver/api/watchlist/add "HTTP/1.1 200 OK"
2026-05-30 22:49:04,363 [INFO] backend: Backend shutting down
2026-05-30 22:49:04,729 [INFO] backend: Stock Intelligence Platform backend v2.0.0 starting (log: C:\Users\mohan\Stock App\stock-intelligence-platform\storage\logs\backend.log)
2026-05-30 22:49:04,744 [INFO] httpx: HTTP Request: POST http://testserver/api/watchlist/add "HTTP/1.1 200 OK"
2026-05-30 22:49:04,751 [INFO] httpx: HTTP Request: DELETE http://testserver/api/watchlist/TEST_WL_SYMBOL "HTTP/1.1 200 OK"
2026-05-30 22:49:04,755 [INFO] backend: Backend shutting down
2026-05-30 22:49:05,127 [INFO] backend: Stock Intelligence Platform backend v2.0.0 starting (log: C:\Users\mohan\Stock App\stock-intelligence-platform\storage\logs\backend.log)
2026-05-30 22:49:05,169 [INFO] httpx: HTTP Request: POST http://testserver/api/watchlist/add "HTTP/1.1 200 OK"
2026-05-30 22:49:05,187 [INFO] httpx: HTTP Request: DELETE http://testserver/api/watchlist/TEST_WL_SYMBOL "HTTP/1.1 200 OK"
2026-05-30 22:49:05,242 [WARNING] services.nse_service: NSE API /api/quote-equity → 403
2026-05-30 22:49:05,244 [WARNING] services.nse_service: NSE API /api/quote-equity → 403
2026-05-30 22:49:05,244 [WARNING] services.nse_service: NSE API /api/quote-equity → 403
2026-05-30 22:49:05,249 [WARNING] services.nse_service: NSE API /api/quote-equity → 403
2026-05-30 22:49:05,253 [WARNING] services.nse_service: NSE API /api/quote-equity → 403
2026-05-30 22:49:05,253 [WARNING] services.nse_service: NSE API /api/quote-equity → 403
2026-05-30 22:49:05,279 [WARNING] services.nse_service: NSE API /api/quote-equity → 403
2026-05-30 22:49:05,397 [WARNING] services.market_data_service: OHLCV history failed for RELIANCE: 404 Client Error: Not Found for url: https://query1.finance.yahoo.com/v8/finance/chart/RELIANCE?interval=1d&range=6mo&includeAdjustedClose=true
2026-05-30 22:49:05,480 [INFO] httpx: HTTP Request: GET http://testserver/api/watchlist "HTTP/1.1 200 OK"
2026-05-30 22:49:05,495 [INFO] backend: Backend shutting down
2026-05-30 22:49:05,615 [INFO] backend: Stock Intelligence Platform backend v2.0.0 starting (log: C:\Users\mohan\Stock App\stock-intelligence-platform\storage\logs\backend.log)
2026-05-30 22:49:05,629 [INFO] backend: DELETE /api/watchlist/SYMBOL_THAT_DOES_NOT_EXIST_XYZ -> 404 in 4ms
2026-05-30 22:49:05,630 [INFO] httpx: HTTP Request: DELETE http://testserver/api/watchlist/SYMBOL_THAT_DOES_NOT_EXIST_XYZ "HTTP/1.1 404 Not Found"
2026-05-30 22:49:05,633 [INFO] backend: Backend shutting down
2026-05-30 22:49:06,032 [INFO] backend: Stock Intelligence Platform backend v2.0.0 starting (log: C:\Users\mohan\Stock App\stock-intelligence-platform\storage\logs\backend.log)
2026-05-30 22:49:06,049 [INFO] httpx: HTTP Request: POST http://testserver/api/watchlist/add "HTTP/1.1 200 OK"
2026-05-30 22:49:06,090 [WARNING] services.nse_service: NSE API /api/quote-equity → 403
2026-05-30 22:49:06,091 [WARNING] services.nse_service: NSE API /api/quote-equity → 403
2026-05-30 22:49:06,093 [WARNING] services.nse_service: NSE API /api/quote-equity → 403
2026-05-30 22:49:06,095 [WARNING] services.nse_service: NSE API /api/quote-equity → 403
2026-05-30 22:49:06,096 [WARNING] services.nse_service: NSE API /api/quote-equity → 403
2026-05-30 22:49:06,098 [WARNING] services.nse_service: NSE API /api/quote-equity → 403
2026-05-30 22:49:06,099 [WARNING] services.nse_service: NSE API /api/quote-equity → 403
2026-05-30 22:49:06,101 [WARNING] services.nse_service: NSE API /api/quote-equity → 403
2026-05-30 22:49:06,310 [WARNING] services.market_data_service: OHLCV history failed for TEST_WL_SYMBOL: 404 Client Error: Not Found for url: https://query1.finance.yahoo.com/v8/finance/chart/TEST_WL_SYMBOL?interval=1d&range=6mo&includeAdjustedClose=true
2026-05-30 22:49:06,398 [WARNING] services.market_data_service: OHLCV history failed for RELIANCE: 404 Client Error: Not Found for url: https://query1.finance.yahoo.com/v8/finance/chart/RELIANCE?interval=1d&range=6mo&includeAdjustedClose=true
2026-05-30 22:49:06,405 [INFO] httpx: HTTP Request: GET http://testserver/api/watchlist "HTTP/1.1 200 OK"
2026-05-30 22:49:06,409 [INFO] backend: Backend shutting down
2026-05-30 22:49:06,465 [INFO] backend: Stock Intelligence Platform backend v2.0.0 starting (log: C:\Users\mohan\Stock App\stock-intelligence-platform\storage\logs\backend.log)
2026-05-30 22:49:06,475 [INFO] backend: POST /api/watchlist/add -> 422 in 1ms
2026-05-30 22:49:06,476 [INFO] httpx: HTTP Request: POST http://testserver/api/watchlist/add "HTTP/1.1 422 Unprocessable Entity"
2026-05-30 22:49:06,481 [INFO] backend: Backend shutting down
2026-05-30 22:49:06,876 [INFO] backend: Stock Intelligence Platform backend v2.0.0 starting (log: C:\Users\mohan\Stock App\stock-intelligence-platform\storage\logs\backend.log)
2026-05-30 22:49:06,891 [INFO] httpx: HTTP Request: POST http://testserver/api/watchlist/add "HTTP/1.1 200 OK"
2026-05-30 22:49:06,923 [WARNING] services.nse_service: NSE API /api/quote-equity → 403
2026-05-30 22:49:06,925 [WARNING] services.nse_service: NSE API /api/quote-equity → 403
2026-05-30 22:49:06,925 [WARNING] services.nse_service: NSE API /api/quote-equity → 403
2026-05-30 22:49:06,927 [WARNING] services.nse_service: NSE API /api/quote-equity → 403
2026-05-30 22:49:06,928 [WARNING] services.nse_service: NSE API /api/quote-equity → 403
2026-05-30 22:49:06,929 [WARNING] services.nse_service: NSE API /api/quote-equity → 403
2026-05-30 22:49:06,930 [WARNING] services.nse_service: NSE API /api/quote-equity → 403
2026-05-30 22:49:06,933 [WARNING] services.nse_service: NSE API /api/quote-equity → 403
2026-05-30 22:49:07,102 [WARNING] services.market_data_service: OHLCV history failed for RELIANCE: 404 Client Error: Not Found for url: https://query1.finance.yahoo.com/v8/finance/chart/RELIANCE?interval=1d&range=6mo&includeAdjustedClose=true
2026-05-30 22:49:07,130 [WARNING] services.market_data_service: OHLCV history failed for TEST_WL_SYMBOL: 404 Client Error: Not Found for url: https://query1.finance.yahoo.com/v8/finance/chart/TEST_WL_SYMBOL?interval=1d&range=6mo&includeAdjustedClose=true
2026-05-30 22:49:07,132 [INFO] httpx: HTTP Request: GET http://testserver/api/watchlist "HTTP/1.1 200 OK"
2026-05-30 22:49:07,134 [INFO] backend: Backend shutting down
2026-05-30 22:49:07,348 [INFO] backend: Stock Intelligence Platform backend v2.0.0 starting (log: C:\Users\mohan\Stock App\stock-intelligence-platform\storage\logs\backend.log)
2026-05-30 22:49:07,360 [INFO] httpx: HTTP Request: POST http://testserver/api/watchlist/add "HTTP/1.1 200 OK"
2026-05-30 22:49:07,497 [WARNING] services.nse_service: NSE API /api/quote-equity → 403
2026-05-30 22:49:07,498 [WARNING] services.nse_service: NSE API /api/quote-equity → 403
2026-05-30 22:49:07,501 [WARNING] services.nse_service: NSE API /api/quote-equity → 403
2026-05-30 22:49:07,503 [WARNING] services.nse_service: NSE API /api/quote-equity → 403
2026-05-30 22:49:07,503 [WARNING] services.nse_service: NSE API /api/quote-equity → 403
2026-05-30 22:49:07,504 [WARNING] services.nse_service: NSE API /api/quote-equity → 403
2026-05-30 22:49:07,506 [WARNING] services.nse_service: NSE API /api/quote-equity → 403
2026-05-30 22:49:07,517 [WARNING] services.nse_service: NSE API /api/quote-equity → 403
2026-05-30 22:49:07,663 [WARNING] services.market_data_service: OHLCV history failed for RELIANCE: 404 Client Error: Not Found for url: https://query1.finance.yahoo.com/v8/finance/chart/RELIANCE?interval=1d&range=6mo&includeAdjustedClose=true
2026-05-30 22:49:07,668 [WARNING] services.market_data_service: OHLCV history failed for TEST_WL_SYMBOL: 404 Client Error: Not Found for url: https://query1.finance.yahoo.com/v8/finance/chart/TEST_WL_SYMBOL?interval=1d&range=6mo&includeAdjustedClose=true
2026-05-30 22:49:07,732 [INFO] httpx: HTTP Request: GET http://testserver/api/watchlist "HTTP/1.1 200 OK"
2026-05-30 22:49:07,737 [INFO] backend: Backend shutting down
2026-05-30 22:49:07,931 [INFO] backend: Stock Intelligence Platform backend v2.0.0 starting (log: C:\Users\mohan\Stock App\stock-intelligence-platform\storage\logs\backend.log)
2026-05-30 22:49:07,945 [INFO] httpx: HTTP Request: POST http://testserver/api/watchlist/add "HTTP/1.1 200 OK"
2026-05-30 22:49:07,978 [WARNING] services.nse_service: NSE API /api/quote-equity → 403
2026-05-30 22:49:07,979 [WARNING] services.nse_service: NSE API /api/quote-equity → 403
2026-05-30 22:49:07,979 [WARNING] services.nse_service: NSE API /api/quote-equity → 403
2026-05-30 22:49:07,981 [WARNING] services.nse_service: NSE API /api/quote-equity → 403
2026-05-30 22:49:07,984 [WARNING] services.nse_service: NSE API /api/quote-equity → 403
2026-05-30 22:49:07,985 [WARNING] services.nse_service: NSE API /api/quote-equity → 403
2026-05-30 22:49:07,985 [WARNING] services.nse_service: NSE API /api/quote-equity → 403
2026-05-30 22:49:07,986 [WARNING] services.nse_service: NSE API /api/quote-equity → 403
2026-05-30 22:49:08,157 [WARNING] services.market_data_service: OHLCV history failed for TEST_WL_SYMBOL: 404 Client Error: Not Found for url: https://query1.finance.yahoo.com/v8/finance/chart/TEST_WL_SYMBOL?interval=1d&range=6mo&includeAdjustedClose=true
2026-05-30 22:49:08,158 [WARNING] services.market_data_service: OHLCV history failed for RELIANCE: 404 Client Error: Not Found for url: https://query1.finance.yahoo.com/v8/finance/chart/RELIANCE?interval=1d&range=6mo&includeAdjustedClose=true
2026-05-30 22:49:08,190 [INFO] httpx: HTTP Request: GET http://testserver/api/watchlist "HTTP/1.1 200 OK"
2026-05-30 22:49:08,193 [INFO] backend: Backend shutting down
2026-05-30 22:49:08,454 [INFO] backend: Backend shutting down
2026-05-30 22:49:17,230 [INFO] backend: Stock Intelligence Platform backend v2.0.0 starting (log: C:\Users\mohan\Stock App\stock-intelligence-platform\storage\logs\backend.log)
2026-05-30 22:49:55,528 [WARNING] services.nse_service: NSE API /api/equity-stockIndices → 404
2026-05-30 22:49:55,595 [WARNING] services.nse_service: NSE API /api/equity-stockIndices → 404
2026-05-30 22:49:55,659 [WARNING] services.nse_service: NSE API /api/equity-stockIndices → 404
2026-05-30 22:49:55,721 [WARNING] services.nse_service: NSE API /api/equity-stockIndices → 404
2026-05-30 22:49:55,787 [WARNING] services.nse_service: NSE API /api/equity-stockIndices → 404
2026-05-30 22:49:55,797 [INFO] services.us_market_service: YF session refreshed, crumb=CNvxqk…
2026-05-30 22:49:55,851 [WARNING] services.nse_service: NSE API /api/equity-stockIndices → 404
2026-05-30 22:49:56,887 [INFO] backend: GET /api/market/indices -> 200 in 1555ms
2026-05-30 22:49:57,803 [WARNING] services.nse_service: NSE API /api/equity-stockIndices → 404
2026-05-30 22:49:57,837 [WARNING] services.nse_service: NSE API /api/equity-stockIndices → 404
2026-05-30 22:49:57,865 [WARNING] services.nse_service: NSE API /api/equity-stockIndices → 404
2026-05-30 22:49:57,891 [WARNING] services.nse_service: NSE API /api/equity-stockIndices → 404
2026-05-30 22:49:57,918 [WARNING] services.nse_service: NSE API /api/equity-stockIndices → 404
2026-05-30 22:49:57,945 [WARNING] services.nse_service: NSE API /api/equity-stockIndices → 404
2026-05-30 22:49:58,851 [INFO] backend: GET /api/market/indices -> 200 in 1079ms
2026-05-30 22:50:16,935 [INFO] backend: GET /api/market/universe/S&P 500/quotes -> 200 in 1305ms
2026-05-30 22:50:22,450 [WARNING] services.market_data_service: OHLCV history failed for RELIANCE: 404 Client Error: Not Found for url: https://query1.finance.yahoo.com/v8/finance/chart/RELIANCE?interval=1d&range=1y&includeAdjustedClose=true
2026-05-30 22:50:22,626 [WARNING] services.market_data_service: OHLCV history failed for RELIANCE: 404 Client Error: Not Found for url: https://query1.finance.yahoo.com/v8/finance/chart/RELIANCE?interval=1d&range=1y&includeAdjustedClose=true
2026-05-30 22:50:22,634 [INFO] backend: GET /api/stocks/RELIANCE/chart-analysis -> 404 in 140ms
2026-05-30 22:50:23,296 [INFO] services.screener_service: Screener.in session configured.
2026-05-30 22:50:23,930 [INFO] backend: GET /api/stocks/RELIANCE/verdict -> 200 in 1580ms
2026-05-30 22:50:23,960 [WARNING] services.market_data_service: OHLCV history failed for RELIANCE: 404 Client Error: Not Found for url: https://query1.finance.yahoo.com/v8/finance/chart/RELIANCE?interval=1d&range=1y&includeAdjustedClose=true
2026-05-30 22:50:23,966 [INFO] backend: GET /api/stocks/RELIANCE/chart-analysis -> 404 in 259ms
2026-05-30 22:59:18,363 [WARNING] services.nse_service: NSE API /api/quote-equity → 403
2026-05-30 22:59:18,367 [WARNING] services.nse_service: NSE API /api/quote-equity → 403
2026-05-30 22:59:18,369 [WARNING] services.nse_service: NSE API /api/quote-equity → 403
2026-05-30 22:59:22,580 [WARNING] services.nse_service: NSE API /api/quote-equity → 403
2026-05-30 22:59:22,581 [WARNING] services.nse_service: NSE API /api/quote-equity → 403
2026-05-30 22:59:22,592 [WARNING] services.nse_service: NSE API /api/quote-equity → 403
2026-05-30 22:59:22,604 [WARNING] services.nse_service: NSE API /api/quote-equity → 403
2026-05-30 22:59:22,606 [WARNING] services.nse_service: NSE API /api/quote-equity → 403
2026-05-30 22:59:22,609 [WARNING] services.nse_service: NSE API /api/quote-equity → 403
2026-05-30 22:59:22,628 [WARNING] services.nse_service: NSE API /api/quote-equity → 403
2026-05-30 22:59:22,630 [WARNING] services.nse_service: NSE API /api/quote-equity → 403
2026-05-30 22:59:22,743 [WARNING] services.market_data_service: OHLCV history failed for TEST_WL_SYMBOL: 404 Client Error: Not Found for url: https://query1.finance.yahoo.com/v8/finance/chart/TEST_WL_SYMBOL?interval=1d&range=6mo&includeAdjustedClose=true
2026-05-30 22:59:22,769 [WARNING] services.market_data_service: OHLCV history failed for RELIANCE: 404 Client Error: Not Found for url: https://query1.finance.yahoo.com/v8/finance/chart/RELIANCE?interval=1d&range=6mo&includeAdjustedClose=true
2026-05-30 22:59:37,295 [ERROR] backend: UNCAUGHT POST /api/reports/generate
  + Exception Group Traceback (most recent call last):
  |   File "C:\Users\mohan\AppData\Local\Programs\Python\Python312\Lib\site-packages\starlette\_utils.py", line 76, in collapse_excgroups
  |     yield
  |   File "C:\Users\mohan\AppData\Local\Programs\Python\Python312\Lib\site-packages\starlette\middleware\base.py", line 186, in __call__
  |     async with anyio.create_task_group() as task_group:
  |                ^^^^^^^^^^^^^^^^^^^^^^^^^
  |   File "C:\Users\mohan\AppData\Local\Programs\Python\Python312\Lib\site-packages\anyio\_backends\_asyncio.py", line 799, in __aexit__
  |     raise BaseExceptionGroup(
  | ExceptionGroup: unhandled errors in a TaskGroup (1 sub-exception)
  +-+---------------- 1 ----------------
    | Traceback (most recent call last):
    |   File "C:\Users\mohan\AppData\Local\Programs\Python\Python312\Lib\site-packages\starlette\middleware\errors.py", line 165, in __call__
    |     await self.app(scope, receive, _send)
    |   File "C:\Users\mohan\AppData\Local\Programs\Python\Python312\Lib\site-packages\starlette\middleware\base.py", line 185, in __call__
    |     with collapse_excgroups():
    |          ^^^^^^^^^^^^^^^^^^^^
    |   File "C:\Users\mohan\AppData\Local\Programs\Python\Python312\Lib\contextlib.py", line 158, in __exit__
    |     self.gen.throw(value)
    |   File "C:\Users\mohan\AppData\Local\Programs\Python\Python312\Lib\site-packages\starlette\_utils.py", line 82, in collapse_excgroups
    |     raise exc
    |   File "C:\Users\mohan\AppData\Local\Programs\Python\Python312\Lib\site-packages\starlette\middleware\base.py", line 187, in __call__
    |     response = await self.dispatch_func(request, call_next)
    |                ^^^^^^^^^^^^^^^^^^^^^^^^^^^^^^^^^^^^^^^^^^^^
    |   File "C:\Users\mohan\Stock App\stock-intelligence-platform\backend\main.py", line 108, in log_requests
    |     resp = await call_next(request)
    |            ^^^^^^^^^^^^^^^^^^^^^^^^
    |   File "C:\Users\mohan\AppData\Local\Programs\Python\Python312\Lib\site-packages\starlette\middleware\base.py", line 163, in call_next
    |     raise app_exc
    |   File "C:\Users\mohan\AppData\Local\Programs\Python\Python312\Lib\site-packages\starlette\middleware\base.py", line 149, in coro
    |     await self.app(scope, receive_or_disconnect, send_no_error)
    |   File "C:\Users\mohan\Stock App\stock-intelligence-platform\backend\main.py", line 40, in __call__
    |     await self._gzip(scope, receive, send)
    |   File "C:\Users\mohan\AppData\Local\Programs\Python\Python312\Lib\site-packages\starlette\middleware\gzip.py", line 20, in __call__
    |     await responder(scope, receive, send)
    |   File "C:\Users\mohan\AppData\Local\Programs\Python\Python312\Lib\site-packages\starlette\middleware\gzip.py", line 39, in __call__
    |     await self.app(scope, receive, self.send_with_gzip)
    |   File "C:\Users\mohan\AppData\Local\Programs\Python\Python312\Lib\site-packages\starlette\middleware\cors.py", line 93, in __call__
    |     await self.simple_response(scope, receive, send, request_headers=headers)
    |   File "C:\Users\mohan\AppData\Local\Programs\Python\Python312\Lib\site-packages\starlette\middleware\cors.py", line 144, in simple_response
    |     await self.app(scope, receive, send)
    |   File "C:\Users\mohan\AppData\Local\Programs\Python\Python312\Lib\site-packages\starlette\middleware\exceptions.py", line 62, in __call__
    |     await wrap_app_handling_exceptions(self.app, conn)(scope, receive, send)
    |   File "C:\Users\mohan\AppData\Local\Programs\Python\Python312\Lib\site-packages\starlette\_exception_handler.py", line 53, in wrapped_app
    |     raise exc
    |   File "C:\Users\mohan\AppData\Local\Programs\Python\Python312\Lib\site-packages\starlette\_exception_handler.py", line 42, in wrapped_app
    |     await app(scope, receive, sender)
    |   File "C:\Users\mohan\AppData\Local\Programs\Python\Python312\Lib\site-packages\starlette\routing.py", line 715, in __call__
    |     await self.middleware_stack(scope, receive, send)
    |   File "C:\Users\mohan\AppData\Local\Programs\Python\Python312\Lib\site-packages\starlette\routing.py", line 735, in app
    |     await route.handle(scope, receive, send)
    |   File "C:\Users\mohan\AppData\Local\Programs\Python\Python312\Lib\site-packages\starlette\routing.py", line 288, in handle
    |     await self.app(scope, receive, send)
    |   File "C:\Users\mohan\AppData\Local\Programs\Python\Python312\Lib\site-packages\starlette\routing.py", line 76, in app
    |     await wrap_app_handling_exceptions(app, request)(scope, receive, send)
    |   File "C:\Users\mohan\AppData\Local\Programs\Python\Python312\Lib\site-packages\starlette\_exception_handler.py", line 53, in wrapped_app
    |     raise exc
    |   File "C:\Users\mohan\AppData\Local\Programs\Python\Python312\Lib\site-packages\starlette\_exception_handler.py", line 42, in wrapped_app
    |     await app(scope, receive, sender)
    |   File "C:\Users\mohan\AppData\Local\Programs\Python\Python312\Lib\site-packages\starlette\routing.py", line 73, in app
    |     response = await f(request)
    |                ^^^^^^^^^^^^^^^^
    |   File "C:\Users\mohan\AppData\Local\Programs\Python\Python312\Lib\site-packages\fastapi\routing.py", line 301, in app
    |     raw_response = await run_endpoint_function(
    |                    ^^^^^^^^^^^^^^^^^^^^^^^^^^^^
    |   File "C:\Users\mohan\AppData\Local\Programs\Python\Python312\Lib\site-packages\fastapi\routing.py", line 212, in run_endpoint_function
    |     return await dependant.call(**values)
    |            ^^^^^^^^^^^^^^^^^^^^^^^^^^^^^^
    |   File "C:\Users\mohan\Stock App\stock-intelligence-platform\backend\routers\reports.py", line 23, in generate
    |     path = await run_sync(build_pdf_report, req.symbol, req.timeframe.value)
    |            ^^^^^^^^^^^^^^^^^^^^^^^^^^^^^^^^^^^^^^^^^^^^^^^^^^^^^^^^^^^^^^^^^
    |   File "C:\Users\mohan\Stock App\stock-intelligence-platform\backend\deps.py", line 31, in run_sync
    |     return await loop.run_in_executor(thread_pool(), fn, *args)  # type: ignore[arg-type]
    |            ^^^^^^^^^^^^^^^^^^^^^^^^^^^^^^^^^^^^^^^^^^^^^^^^^^^^
    |   File "C:\Users\mohan\AppData\Local\Programs\Python\Python312\Lib\concurrent\futures\thread.py", line 58, in run
    |     result = self.fn(*self.args, **self.kwargs)
    |              ^^^^^^^^^^^^^^^^^^^^^^^^^^^^^^^^^^
    | TypeError: build_pdf_report() missing 4 required positional arguments: 'indicators', 'patterns', 'fundamentals', and 'ai_verdict'
    +------------------------------------

During handling of the above exception, another exception occurred:

Traceback (most recent call last):
  File "C:\Users\mohan\AppData\Local\Programs\Python\Python312\Lib\site-packages\starlette\middleware\errors.py", line 165, in __call__
    await self.app(scope, receive, _send)
  File "C:\Users\mohan\AppData\Local\Programs\Python\Python312\Lib\site-packages\starlette\middleware\base.py", line 185, in __call__
    with collapse_excgroups():
         ^^^^^^^^^^^^^^^^^^^^
  File "C:\Users\mohan\AppData\Local\Programs\Python\Python312\Lib\contextlib.py", line 158, in __exit__
    self.gen.throw(value)
  File "C:\Users\mohan\AppData\Local\Programs\Python\Python312\Lib\site-packages\starlette\_utils.py", line 82, in collapse_excgroups
    raise exc
  File "C:\Users\mohan\AppData\Local\Programs\Python\Python312\Lib\site-packages\starlette\middleware\base.py", line 187, in __call__
    response = await self.dispatch_func(request, call_next)
               ^^^^^^^^^^^^^^^^^^^^^^^^^^^^^^^^^^^^^^^^^^^^
  File "C:\Users\mohan\Stock App\stock-intelligence-platform\backend\main.py", line 108, in log_requests
    resp = await call_next(request)
           ^^^^^^^^^^^^^^^^^^^^^^^^
  File "C:\Users\mohan\AppData\Local\Programs\Python\Python312\Lib\site-packages\starlette\middleware\base.py", line 163, in call_next
    raise app_exc
  File "C:\Users\mohan\AppData\Local\Programs\Python\Python312\Lib\site-packages\starlette\middleware\base.py", line 149, in coro
    await self.app(scope, receive_or_disconnect, send_no_error)
  File "C:\Users\mohan\Stock App\stock-intelligence-platform\backend\main.py", line 40, in __call__
    await self._gzip(scope, receive, send)
  File "C:\Users\mohan\AppData\Local\Programs\Python\Python312\Lib\site-packages\starlette\middleware\gzip.py", line 20, in __call__
    await responder(scope, receive, send)
  File "C:\Users\mohan\AppData\Local\Programs\Python\Python312\Lib\site-packages\starlette\middleware\gzip.py", line 39, in __call__
    await self.app(scope, receive, self.send_with_gzip)
  File "C:\Users\mohan\AppData\Local\Programs\Python\Python312\Lib\site-packages\starlette\middleware\cors.py", line 93, in __call__
    await self.simple_response(scope, receive, send, request_headers=headers)
  File "C:\Users\mohan\AppData\Local\Programs\Python\Python312\Lib\site-packages\starlette\middleware\cors.py", line 144, in simple_response
    await self.app(scope, receive, send)
  File "C:\Users\mohan\AppData\Local\Programs\Python\Python312\Lib\site-packages\starlette\middleware\exceptions.py", line 62, in __call__
    await wrap_app_handling_exceptions(self.app, conn)(scope, receive, send)
  File "C:\Users\mohan\AppData\Local\Programs\Python\Python312\Lib\site-packages\starlette\_exception_handler.py", line 53, in wrapped_app
    raise exc
  File "C:\Users\mohan\AppData\Local\Programs\Python\Python312\Lib\site-packages\starlette\_exception_handler.py", line 42, in wrapped_app
    await app(scope, receive, sender)
  File "C:\Users\mohan\AppData\Local\Programs\Python\Python312\Lib\site-packages\starlette\routing.py", line 715, in __call__
    await self.middleware_stack(scope, receive, send)
  File "C:\Users\mohan\AppData\Local\Programs\Python\Python312\Lib\site-packages\starlette\routing.py", line 735, in app
    await route.handle(scope, receive, send)
  File "C:\Users\mohan\AppData\Local\Programs\Python\Python312\Lib\site-packages\starlette\routing.py", line 288, in handle
    await self.app(scope, receive, send)
  File "C:\Users\mohan\AppData\Local\Programs\Python\Python312\Lib\site-packages\starlette\routing.py", line 76, in app
    await wrap_app_handling_exceptions(app, request)(scope, receive, send)
  File "C:\Users\mohan\AppData\Local\Programs\Python\Python312\Lib\site-packages\starlette\_exception_handler.py", line 53, in wrapped_app
    raise exc
  File "C:\Users\mohan\AppData\Local\Programs\Python\Python312\Lib\site-packages\starlette\_exception_handler.py", line 42, in wrapped_app
    await app(scope, receive, sender)
  File "C:\Users\mohan\AppData\Local\Programs\Python\Python312\Lib\site-packages\starlette\routing.py", line 73, in app
    response = await f(request)
               ^^^^^^^^^^^^^^^^
  File "C:\Users\mohan\AppData\Local\Programs\Python\Python312\Lib\site-packages\fastapi\routing.py", line 301, in app
    raw_response = await run_endpoint_function(
                   ^^^^^^^^^^^^^^^^^^^^^^^^^^^^
  File "C:\Users\mohan\AppData\Local\Programs\Python\Python312\Lib\site-packages\fastapi\routing.py", line 212, in run_endpoint_function
    return await dependant.call(**values)
           ^^^^^^^^^^^^^^^^^^^^^^^^^^^^^^
  File "C:\Users\mohan\Stock App\stock-intelligence-platform\backend\routers\reports.py", line 23, in generate
    path = await run_sync(build_pdf_report, req.symbol, req.timeframe.value)
           ^^^^^^^^^^^^^^^^^^^^^^^^^^^^^^^^^^^^^^^^^^^^^^^^^^^^^^^^^^^^^^^^^
  File "C:\Users\mohan\Stock App\stock-intelligence-platform\backend\deps.py", line 31, in run_sync
    return await loop.run_in_executor(thread_pool(), fn, *args)  # type: ignore[arg-type]
           ^^^^^^^^^^^^^^^^^^^^^^^^^^^^^^^^^^^^^^^^^^^^^^^^^^^^
  File "C:\Users\mohan\AppData\Local\Programs\Python\Python312\Lib\concurrent\futures\thread.py", line 58, in run
    result = self.fn(*self.args, **self.kwargs)
             ^^^^^^^^^^^^^^^^^^^^^^^^^^^^^^^^^^
TypeError: build_pdf_report() missing 4 required positional arguments: 'indicators', 'patterns', 'fundamentals', and 'ai_verdict'

2026-05-30 23:01:00,400 [WARNING] services.fno_data_service: FNO NSE API /api/equity-stockIndices → 404
2026-05-30 23:01:00,403 [INFO] backend: GET /api/fno/symbols -> 200 in 1289ms
2026-05-30 23:05:31,961 [INFO] backend: Backend shutting down
2026-05-30 23:05:37,421 [INFO] backend: Stock Intelligence Platform backend v2.0.0 starting (log: C:\Users\mohan\Stock App\stock-intelligence-platform\storage\logs\backend.log)
2026-05-30 23:11:54,373 [WARNING] services.fno_data_service: FNO NSE API /api/option-chain-indices → 404
2026-05-30 23:11:54,390 [INFO] services.fno_data_service: NSE option chain unavailable for NIFTY — using synthetic fallback
2026-05-30 23:11:54,402 [WARNING] services.fno_data_service: FNO NSE API /api/quote-derivative?symbol=MIDCPNIFTY → 404
2026-05-30 23:11:54,403 [WARNING] services.fno_data_service: FNO NSE API /api/quote-derivative?symbol=BANKNIFTY → 404
2026-05-30 23:11:54,408 [INFO] backend: GET /api/fno/vix -> 200 in 2168ms
2026-05-30 23:11:54,410 [WARNING] services.fno_data_service: FNO NSE API /api/quote-derivative?symbol=NIFTY → 404
2026-05-30 23:11:54,495 [WARNING] services.fno_data_service: FNO NSE API /api/option-chain-indices → 404
2026-05-30 23:11:54,496 [WARNING] services.fno_data_service: FNO NSE API /api/quote-derivative?symbol=FINNIFTY → 404
2026-05-30 23:11:54,512 [INFO] services.fno_data_service: NSE option chain unavailable for BANKNIFTY — using synthetic fallback
2026-05-30 23:11:54,522 [INFO] backend: GET /api/fno/pcr -> 200 in 2346ms
2026-05-30 23:11:54,553 [INFO] backend: GET /api/fno/pcr -> 200 in 2358ms
2026-05-30 23:11:54,559 [WARNING] services.fno_data_service: FNO NSE API /api/option-chain-indices → 404
2026-05-30 23:11:54,559 [INFO] services.fno_data_service: NSE option chain unavailable for FINNIFTY — using synthetic fallback
2026-05-30 23:11:54,569 [INFO] backend: GET /api/fno/index-futures -> 200 in 2375ms
2026-05-30 23:11:54,596 [INFO] backend: GET /api/fno/pcr -> 200 in 1950ms
2026-05-30 23:11:54,740 [INFO] backend: GET /api/fno/oi-spurts -> 200 in 2095ms
2026-05-30 23:40:16,382 [INFO] backend: Backend shutting down
2026-05-30 23:40:20,867 [INFO] backend: Stock Intelligence Platform backend v2.0.0 starting (log: C:\Users\mohan\Stock App\stock-intelligence-platform\storage\logs\backend.log)
2026-05-30 23:50:18,947 [INFO] backend: Backend shutting down
2026-05-30 23:50:22,291 [INFO] backend: Stock Intelligence Platform backend v2.0.0 starting (log: C:\Users\mohan\Stock App\stock-intelligence-platform\storage\logs\backend.log)
2026-05-30 23:51:42,988 [INFO] backend: Backend shutting down
2026-05-30 23:51:49,262 [INFO] backend: Stock Intelligence Platform backend v2.0.0 starting (log: C:\Users\mohan\Stock App\stock-intelligence-platform\storage\logs\backend.log)
2026-05-30 23:52:17,933 [INFO] backend: GET /api/fno/vix -> 200 in 1448ms
2026-05-30 23:52:17,943 [WARNING] services.fno_data_service: FNO NSE API /api/option-chain-indices → 404
2026-05-30 23:52:17,947 [INFO] services.fno_data_service: NSE option chain unavailable for NIFTY — using synthetic fallback
2026-05-30 23:52:17,956 [WARNING] services.fno_data_service: FNO NSE API /api/quote-derivative?symbol=NIFTY → 404
2026-05-30 23:52:17,960 [WARNING] services.fno_data_service: FNO NSE API /api/quote-derivative?symbol=FINNIFTY → 404
2026-05-30 23:52:17,992 [WARNING] services.fno_data_service: FNO NSE API /api/quote-derivative?symbol=BANKNIFTY → 404
2026-05-30 23:52:17,992 [WARNING] services.fno_data_service: FNO NSE API /api/option-chain-indices → 404
2026-05-30 23:52:17,993 [WARNING] services.fno_data_service: FNO NSE API /api/quote-derivative?symbol=MIDCPNIFTY → 404
2026-05-30 23:52:18,002 [WARNING] services.fno_data_service: FNO NSE API /api/option-chain-indices → 404
2026-05-30 23:52:18,004 [INFO] services.fno_data_service: NSE option chain unavailable for BANKNIFTY — using synthetic fallback
2026-05-30 23:52:18,009 [INFO] services.fno_data_service: NSE option chain unavailable for FINNIFTY — using synthetic fallback
2026-05-30 23:52:18,010 [INFO] backend: GET /api/fno/pcr -> 200 in 1482ms
2026-05-30 23:52:18,073 [INFO] backend: GET /api/fno/pcr -> 200 in 1538ms
2026-05-30 23:52:18,094 [INFO] backend: GET /api/fno/pcr -> 200 in 1559ms
2026-05-30 23:52:18,096 [INFO] backend: GET /api/fno/index-futures -> 200 in 1562ms
2026-05-30 23:52:18,308 [INFO] backend: GET /api/fno/oi-spurts -> 200 in 1774ms
2026-05-30 23:52:35,447 [WARNING] services.nse_service: NSE API /api/equity-stockIndices → 404
2026-05-30 23:52:35,496 [WARNING] services.nse_service: NSE API /api/equity-stockIndices → 404
2026-05-30 23:52:35,542 [WARNING] services.nse_service: NSE API /api/equity-stockIndices → 404
2026-05-30 23:52:35,593 [WARNING] services.nse_service: NSE API /api/equity-stockIndices → 404
2026-05-30 23:52:35,652 [WARNING] services.nse_service: NSE API /api/equity-stockIndices → 404
2026-05-30 23:52:35,696 [WARNING] services.nse_service: NSE API /api/equity-stockIndices → 404
2026-05-30 23:52:41,101 [WARNING] services.fno_data_service: FNO NSE API /api/quote-derivative?symbol=NIFTY → 404
2026-05-30 23:52:41,104 [WARNING] services.fno_data_service: FNO NSE API /api/quote-derivative?symbol=BANKNIFTY → 404
2026-05-30 23:52:41,139 [WARNING] services.fno_data_service: FNO NSE API /api/quote-derivative?symbol=MIDCPNIFTY → 404
2026-05-30 23:52:41,141 [WARNING] services.fno_data_service: FNO NSE API /api/quote-derivative?symbol=FINNIFTY → 404
2026-05-30 23:52:41,153 [WARNING] services.fno_data_service: FNO NSE API /api/option-chain-indices → 404
2026-05-30 23:52:41,158 [WARNING] services.fno_data_service: FNO NSE API /api/option-chain-indices → 404
2026-05-30 23:52:41,178 [INFO] services.fno_data_service: NSE option chain unavailable for BANKNIFTY — using synthetic fallback
2026-05-30 23:52:41,178 [WARNING] services.fno_data_service: FNO NSE API /api/option-chain-indices → 404
2026-05-30 23:52:41,181 [INFO] services.fno_data_service: NSE option chain unavailable for NIFTY — using synthetic fallback
2026-05-30 23:52:41,195 [INFO] services.fno_data_service: NSE option chain unavailable for FINNIFTY — using synthetic fallback
2026-05-30 23:52:49,899 [WARNING] services.fno_data_service: FNO NSE API /api/option-chain-indices → 404
2026-05-30 23:52:49,899 [INFO] services.fno_data_service: NSE option chain unavailable for NIFTY — using synthetic fallback
2026-05-30 23:52:49,983 [WARNING] services.fno_data_service: FNO NSE API /api/option-chain-indices → 404
2026-05-30 23:52:49,984 [INFO] services.fno_data_service: NSE option chain unavailable for BANKNIFTY — using synthetic fallback
2026-05-30 23:52:50,149 [WARNING] services.fno_data_service: FNO NSE API /api/option-chain-indices → 404
2026-05-30 23:52:50,150 [INFO] services.fno_data_service: NSE option chain unavailable for NIFTY — using synthetic fallback
2026-05-30 23:52:50,217 [WARNING] services.fno_data_service: FNO NSE API /api/option-chain-indices → 404
2026-05-30 23:52:50,218 [INFO] services.fno_data_service: NSE option chain unavailable for BANKNIFTY — using synthetic fallback
2026-05-30 23:53:03,748 [WARNING] services.fno_data_service: FNO NSE API /api/equity-stockIndices → 404
2026-05-30 23:53:09,127 [WARNING] services.fno_data_service: FNO NSE API /api/quote-derivative → 404
2026-05-30 23:53:09,140 [WARNING] services.fno_data_service: FNO NSE API /api/quote-derivative → 404
2026-05-30 23:53:09,148 [WARNING] services.fno_data_service: FNO NSE API /api/quote-derivative → 404
2026-05-30 23:53:09,168 [WARNING] services.fno_data_service: FNO NSE API /api/quote-derivative → 404
2026-05-30 23:53:09,203 [WARNING] services.fno_data_service: FNO NSE API /api/quote-derivative → 404
2026-05-30 23:53:09,204 [WARNING] services.fno_data_service: FNO NSE API /api/quote-derivative → 404
2026-05-30 23:53:09,207 [WARNING] services.fno_data_service: FNO NSE API /api/quote-derivative → 404
2026-05-30 23:53:09,256 [WARNING] services.fno_data_service: FNO NSE API /api/quote-derivative → 404
2026-05-30 23:53:09,263 [WARNING] services.fno_data_service: FNO NSE API /api/quote-derivative → 404
2026-05-30 23:53:09,269 [WARNING] services.fno_data_service: FNO NSE API /api/quote-derivative → 404
2026-05-30 23:53:09,306 [WARNING] services.fno_data_service: FNO NSE API /api/quote-derivative → 404
2026-05-30 23:53:09,321 [WARNING] services.fno_data_service: FNO NSE API /api/quote-derivative → 404
2026-05-30 23:53:09,325 [WARNING] services.fno_data_service: FNO NSE API /api/quote-derivative → 404
2026-05-30 23:53:09,347 [WARNING] services.fno_data_service: FNO NSE API /api/quote-derivative → 404
2026-05-30 23:53:09,384 [WARNING] services.fno_data_service: FNO NSE API /api/quote-derivative → 404
2026-05-30 23:53:09,390 [WARNING] services.fno_data_service: FNO NSE API /api/quote-derivative → 404
2026-05-30 23:53:09,392 [WARNING] services.fno_data_service: FNO NSE API /api/quote-derivative → 404
2026-05-30 23:53:09,442 [WARNING] services.fno_data_service: FNO NSE API /api/quote-derivative → 404
2026-05-30 23:53:09,442 [WARNING] services.fno_data_service: FNO NSE API /api/quote-derivative → 404
2026-05-30 23:53:09,444 [WARNING] services.fno_data_service: FNO NSE API /api/quote-derivative → 404
2026-05-30 23:53:09,496 [WARNING] services.fno_data_service: FNO NSE API /api/quote-derivative → 404
2026-05-30 23:53:09,510 [WARNING] services.fno_data_service: FNO NSE API /api/quote-derivative → 404
2026-05-30 23:53:09,514 [WARNING] services.fno_data_service: FNO NSE API /api/quote-derivative → 404
2026-05-30 23:53:09,535 [WARNING] services.fno_data_service: FNO NSE API /api/quote-derivative → 404
2026-05-30 23:53:09,565 [WARNING] services.fno_data_service: FNO NSE API /api/quote-derivative → 404
2026-05-30 23:53:09,570 [WARNING] services.fno_data_service: FNO NSE API /api/quote-derivative → 404
2026-05-30 23:53:09,576 [WARNING] services.fno_data_service: FNO NSE API /api/quote-derivative → 404
2026-05-30 23:53:09,614 [WARNING] services.fno_data_service: FNO NSE API /api/quote-derivative → 404
2026-05-30 23:53:09,619 [WARNING] services.fno_data_service: FNO NSE API /api/quote-derivative → 404
2026-05-30 23:53:09,625 [WARNING] services.fno_data_service: FNO NSE API /api/quote-derivative → 404
2026-05-30 23:53:09,651 [WARNING] services.fno_data_service: FNO NSE API /api/quote-derivative → 404
2026-05-30 23:53:09,672 [WARNING] services.fno_data_service: FNO NSE API /api/quote-derivative → 404
2026-05-30 23:53:09,677 [WARNING] services.fno_data_service: FNO NSE API /api/quote-derivative → 404
2026-05-30 23:53:09,691 [WARNING] services.fno_data_service: FNO NSE API /api/quote-derivative → 404
2026-05-30 23:53:09,730 [WARNING] services.fno_data_service: FNO NSE API /api/quote-derivative → 404
2026-05-30 23:53:09,732 [WARNING] services.fno_data_service: FNO NSE API /api/quote-derivative → 404
2026-05-30 23:53:09,736 [WARNING] services.fno_data_service: FNO NSE API /api/quote-derivative → 404
2026-05-30 23:53:09,789 [WARNING] services.fno_data_service: FNO NSE API /api/quote-derivative → 404
2026-05-30 23:53:09,797 [WARNING] services.fno_data_service: FNO NSE API /api/quote-derivative → 404
2026-05-30 23:53:09,801 [WARNING] services.fno_data_service: FNO NSE API /api/quote-derivative → 404
2026-05-30 23:53:09,832 [WARNING] services.fno_data_service: FNO NSE API /api/quote-derivative → 404
2026-05-30 23:53:09,851 [WARNING] services.fno_data_service: FNO NSE API /api/quote-derivative → 404
2026-05-30 23:53:09,859 [WARNING] services.fno_data_service: FNO NSE API /api/quote-derivative → 404
2026-05-30 23:53:09,868 [WARNING] services.fno_data_service: FNO NSE API /api/quote-derivative → 404
2026-05-30 23:53:09,903 [WARNING] services.fno_data_service: FNO NSE API /api/quote-derivative → 404
2026-05-30 23:53:09,910 [WARNING] services.fno_data_service: FNO NSE API /api/quote-derivative → 404
2026-05-30 23:53:09,923 [WARNING] services.fno_data_service: FNO NSE API /api/quote-derivative → 404
2026-05-30 23:53:09,956 [WARNING] services.fno_data_service: FNO NSE API /api/quote-derivative → 404
2026-05-30 23:53:09,964 [WARNING] services.fno_data_service: FNO NSE API /api/quote-derivative → 404
2026-05-30 23:53:09,966 [WARNING] services.fno_data_service: FNO NSE API /api/quote-derivative → 404
2026-05-30 23:53:10,010 [WARNING] services.fno_data_service: FNO NSE API /api/quote-derivative → 404
2026-05-30 23:53:10,012 [WARNING] services.fno_data_service: FNO NSE API /api/quote-derivative → 404
2026-05-30 23:53:10,017 [WARNING] services.fno_data_service: FNO NSE API /api/quote-derivative → 404
2026-05-30 23:53:10,062 [WARNING] services.fno_data_service: FNO NSE API /api/quote-derivative → 404
2026-05-30 23:53:10,073 [WARNING] services.fno_data_service: FNO NSE API /api/quote-derivative → 404
2026-05-30 23:53:10,080 [WARNING] services.fno_data_service: FNO NSE API /api/quote-derivative → 404
2026-05-30 23:53:10,098 [WARNING] services.fno_data_service: FNO NSE API /api/quote-derivative → 404
2026-05-30 23:53:10,129 [WARNING] services.fno_data_service: FNO NSE API /api/quote-derivative → 404
2026-05-30 23:53:10,134 [WARNING] services.fno_data_service: FNO NSE API /api/quote-derivative → 404
2026-05-30 23:53:10,137 [WARNING] services.fno_data_service: FNO NSE API /api/quote-derivative → 404
2026-05-30 23:53:10,176 [WARNING] services.fno_data_service: FNO NSE API /api/quote-derivative → 404
2026-05-30 23:53:10,185 [WARNING] services.fno_data_service: FNO NSE API /api/quote-derivative → 404
2026-05-30 23:53:10,190 [WARNING] services.fno_data_service: FNO NSE API /api/quote-derivative → 404
2026-05-30 23:53:10,216 [WARNING] services.fno_data_service: FNO NSE API /api/quote-derivative → 404
2026-05-30 23:53:10,234 [WARNING] services.fno_data_service: FNO NSE API /api/quote-derivative → 404
2026-05-30 23:53:10,239 [WARNING] services.fno_data_service: FNO NSE API /api/quote-derivative → 404
2026-05-30 23:53:10,262 [WARNING] services.fno_data_service: FNO NSE API /api/quote-derivative → 404
2026-05-30 23:53:10,278 [WARNING] services.fno_data_service: FNO NSE API /api/quote-derivative → 404
2026-05-30 23:53:10,282 [INFO] backend: GET /api/options-scanner/scan -> 200 in 6638ms
2026-05-30 23:53:23,355 [WARNING] services.fno_data_service: FNO NSE API /api/equity-stockIndices → 404
2026-05-30 23:53:23,409 [WARNING] services.fno_data_service: FNO NSE API /api/quote-derivative → 404
2026-05-30 23:53:23,410 [WARNING] services.fno_data_service: FNO NSE API /api/quote-derivative → 404
2026-05-30 23:53:23,421 [WARNING] services.fno_data_service: FNO NSE API /api/quote-derivative → 404
2026-05-30 23:53:23,458 [WARNING] services.fno_data_service: FNO NSE API /api/quote-derivative → 404
2026-05-30 23:53:23,473 [WARNING] services.fno_data_service: FNO NSE API /api/quote-derivative → 404
2026-05-30 23:53:23,478 [WARNING] services.fno_data_service: FNO NSE API /api/quote-derivative → 404
2026-05-30 23:53:23,506 [WARNING] services.fno_data_service: FNO NSE API /api/quote-derivative → 404
2026-05-30 23:53:23,526 [WARNING] services.fno_data_service: FNO NSE API /api/quote-derivative → 404
2026-05-30 23:53:23,532 [WARNING] services.fno_data_service: FNO NSE API /api/quote-derivative → 404
2026-05-30 23:53:23,554 [WARNING] services.fno_data_service: FNO NSE API /api/quote-derivative → 404
2026-05-30 23:53:23,576 [WARNING] services.fno_data_service: FNO NSE API /api/quote-derivative → 404
2026-05-30 23:53:23,580 [WARNING] services.fno_data_service: FNO NSE API /api/quote-derivative → 404
2026-05-30 23:53:23,599 [WARNING] services.fno_data_service: FNO NSE API /api/quote-derivative → 404
2026-05-30 23:53:23,628 [WARNING] services.fno_data_service: FNO NSE API /api/quote-derivative → 404
2026-05-30 23:53:23,634 [WARNING] services.fno_data_service: FNO NSE API /api/quote-derivative → 404
2026-05-30 23:53:23,645 [WARNING] services.fno_data_service: FNO NSE API /api/quote-derivative → 404
2026-05-30 23:53:23,682 [WARNING] services.fno_data_service: FNO NSE API /api/quote-derivative → 404
2026-05-30 23:53:23,687 [WARNING] services.fno_data_service: FNO NSE API /api/quote-derivative → 404
2026-05-30 23:53:23,694 [WARNING] services.fno_data_service: FNO NSE API /api/quote-derivative → 404
2026-05-30 23:53:23,739 [WARNING] services.fno_data_service: FNO NSE API /api/quote-derivative → 404
2026-05-30 23:53:23,748 [WARNING] services.fno_data_service: FNO NSE API /api/quote-derivative → 404
2026-05-30 23:53:23,754 [WARNING] services.fno_data_service: FNO NSE API /api/quote-derivative → 404
2026-05-30 23:53:23,783 [WARNING] services.fno_data_service: FNO NSE API /api/quote-derivative → 404
2026-05-30 23:53:23,808 [WARNING] services.fno_data_service: FNO NSE API /api/quote-derivative → 404
2026-05-30 23:53:23,812 [WARNING] services.fno_data_service: FNO NSE API /api/quote-derivative → 404
2026-05-30 23:53:23,824 [WARNING] services.fno_data_service: FNO NSE API /api/quote-derivative → 404
2026-05-30 23:53:23,866 [WARNING] services.fno_data_service: FNO NSE API /api/quote-derivative → 404
2026-05-30 23:53:23,872 [WARNING] services.fno_data_service: FNO NSE API /api/quote-derivative → 404
2026-05-30 23:53:23,872 [WARNING] services.fno_data_service: FNO NSE API /api/quote-derivative → 404
2026-05-30 23:53:23,919 [WARNING] services.fno_data_service: FNO NSE API /api/quote-derivative → 404
2026-05-30 23:53:23,928 [WARNING] services.fno_data_service: FNO NSE API /api/quote-derivative → 404
2026-05-30 23:53:23,936 [WARNING] services.fno_data_service: FNO NSE API /api/quote-derivative → 404
2026-05-30 23:53:23,959 [WARNING] services.fno_data_service: FNO NSE API /api/quote-derivative → 404
2026-05-30 23:53:23,989 [WARNING] services.fno_data_service: FNO NSE API /api/quote-derivative → 404
2026-05-30 23:53:23,994 [WARNING] services.fno_data_service: FNO NSE API /api/quote-derivative → 404
2026-05-30 23:53:23,998 [WARNING] services.fno_data_service: FNO NSE API /api/quote-derivative → 404
2026-05-30 23:53:24,041 [WARNING] services.fno_data_service: FNO NSE API /api/quote-derivative → 404
2026-05-30 23:53:24,046 [WARNING] services.fno_data_service: FNO NSE API /api/quote-derivative → 404
2026-05-30 23:53:24,053 [WARNING] services.fno_data_service: FNO NSE API /api/quote-derivative → 404
2026-05-30 23:53:24,081 [WARNING] services.fno_data_service: FNO NSE API /api/quote-derivative → 404
2026-05-30 23:53:24,097 [WARNING] services.fno_data_service: FNO NSE API /api/quote-derivative → 404
2026-05-30 23:53:24,104 [WARNING] services.fno_data_service: FNO NSE API /api/quote-derivative → 404
2026-05-30 23:53:24,122 [WARNING] services.fno_data_service: FNO NSE API /api/quote-derivative → 404
2026-05-30 23:53:24,152 [WARNING] services.fno_data_service: FNO NSE API /api/quote-derivative → 404
2026-05-30 23:53:24,158 [WARNING] services.fno_data_service: FNO NSE API /api/quote-derivative → 404
2026-05-30 23:53:24,162 [WARNING] services.fno_data_service: FNO NSE API /api/quote-derivative → 404
2026-05-30 23:53:24,203 [WARNING] services.fno_data_service: FNO NSE API /api/quote-derivative → 404
2026-05-30 23:53:24,209 [WARNING] services.fno_data_service: FNO NSE API /api/quote-derivative → 404
2026-05-30 23:53:24,213 [WARNING] services.fno_data_service: FNO NSE API /api/quote-derivative → 404
2026-05-30 23:53:24,243 [WARNING] services.fno_data_service: FNO NSE API /api/quote-derivative → 404
2026-05-30 23:53:24,257 [WARNING] services.fno_data_service: FNO NSE API /api/quote-derivative → 404
2026-05-30 23:53:24,266 [WARNING] services.fno_data_service: FNO NSE API /api/quote-derivative → 404
2026-05-30 23:53:24,281 [WARNING] services.fno_data_service: FNO NSE API /api/quote-derivative → 404
2026-05-30 23:53:24,308 [WARNING] services.fno_data_service: FNO NSE API /api/quote-derivative → 404
2026-05-30 23:53:24,314 [WARNING] services.fno_data_service: FNO NSE API /api/quote-derivative → 404
2026-05-30 23:53:24,321 [WARNING] services.fno_data_service: FNO NSE API /api/quote-derivative → 404
2026-05-30 23:53:24,362 [WARNING] services.fno_data_service: FNO NSE API /api/quote-derivative → 404
2026-05-30 23:53:24,364 [WARNING] services.fno_data_service: FNO NSE API /api/quote-derivative → 404
2026-05-30 23:53:24,369 [WARNING] services.fno_data_service: FNO NSE API /api/quote-derivative → 404
2026-05-30 23:53:24,417 [WARNING] services.fno_data_service: FNO NSE API /api/quote-derivative → 404
2026-05-30 23:53:24,425 [WARNING] services.fno_data_service: FNO NSE API /api/quote-derivative → 404
2026-05-30 23:53:24,429 [WARNING] services.fno_data_service: FNO NSE API /api/quote-derivative → 404
2026-05-30 23:53:24,465 [WARNING] services.fno_data_service: FNO NSE API /api/quote-derivative → 404
2026-05-30 23:53:24,490 [WARNING] services.fno_data_service: FNO NSE API /api/quote-derivative → 404
2026-05-30 23:53:24,494 [WARNING] services.fno_data_service: FNO NSE API /api/quote-derivative → 404
2026-05-30 23:53:24,506 [WARNING] services.fno_data_service: FNO NSE API /api/quote-derivative → 404
2026-05-30 23:53:24,567 [WARNING] services.fno_data_service: FNO NSE API /api/quote-derivative → 404
2026-05-30 23:53:24,571 [WARNING] services.fno_data_service: FNO NSE API /api/quote-derivative → 404
2026-05-30 23:53:24,574 [INFO] backend: GET /api/options-scanner/scan -> 200 in 1296ms
2026-05-30 23:53:32,793 [WARNING] services.fno_data_service: FNO NSE API /api/equity-stockIndices → 404
2026-05-30 23:53:32,850 [WARNING] services.fno_data_service: FNO NSE API /api/quote-derivative → 404
2026-05-30 23:53:32,850 [WARNING] services.fno_data_service: FNO NSE API /api/quote-derivative → 404
2026-05-30 23:53:32,859 [WARNING] services.fno_data_service: FNO NSE API /api/quote-derivative → 404
2026-05-30 23:53:32,881 [WARNING] services.fno_data_service: FNO NSE API /api/quote-derivative → 404
2026-05-30 23:53:32,890 [WARNING] services.fno_data_service: FNO NSE API /api/quote-derivative → 404
2026-05-30 23:53:32,901 [WARNING] services.fno_data_service: FNO NSE API /api/quote-derivative → 404
2026-05-30 23:53:32,912 [WARNING] services.fno_data_service: FNO NSE API /api/quote-derivative → 404
2026-05-30 23:53:32,919 [WARNING] services.fno_data_service: FNO NSE API /api/quote-derivative → 404
2026-05-30 23:53:32,947 [WARNING] services.fno_data_service: FNO NSE API /api/quote-derivative → 404
2026-05-30 23:53:32,951 [WARNING] services.fno_data_service: FNO NSE API /api/quote-derivative → 404
2026-05-30 23:53:32,955 [WARNING] services.fno_data_service: FNO NSE API /api/quote-derivative → 404
2026-05-30 23:53:32,983 [WARNING] services.fno_data_service: FNO NSE API /api/quote-derivative → 404
2026-05-30 23:53:33,006 [WARNING] services.fno_data_service: FNO NSE API /api/quote-derivative → 404
2026-05-30 23:53:33,007 [WARNING] services.fno_data_service: FNO NSE API /api/quote-derivative → 404
2026-05-30 23:53:33,016 [WARNING] services.fno_data_service: FNO NSE API /api/quote-derivative → 404
2026-05-30 23:53:33,029 [WARNING] services.fno_data_service: FNO NSE API /api/quote-derivative → 404
2026-05-30 23:53:33,032 [WARNING] services.fno_data_service: FNO NSE API /api/quote-derivative → 404
2026-05-30 23:53:33,045 [WARNING] services.fno_data_service: FNO NSE API /api/quote-derivative → 404
2026-05-30 23:53:33,059 [WARNING] services.fno_data_service: FNO NSE API /api/quote-derivative → 404
2026-05-30 23:53:33,060 [WARNING] services.fno_data_service: FNO NSE API /api/quote-derivative → 404
2026-05-30 23:53:33,073 [WARNING] services.fno_data_service: FNO NSE API /api/quote-derivative → 404
2026-05-30 23:53:33,087 [WARNING] services.fno_data_service: FNO NSE API /api/quote-derivative → 404
2026-05-30 23:53:33,097 [WARNING] services.fno_data_service: FNO NSE API /api/quote-derivative → 404
2026-05-30 23:53:33,119 [WARNING] services.fno_data_service: FNO NSE API /api/quote-derivative → 404
2026-05-30 23:53:33,129 [WARNING] services.fno_data_service: FNO NSE API /api/quote-derivative → 404
2026-05-30 23:53:33,139 [WARNING] services.fno_data_service: FNO NSE API /api/quote-derivative → 404
2026-05-30 23:53:33,145 [WARNING] services.fno_data_service: FNO NSE API /api/quote-derivative → 404
2026-05-30 23:53:33,174 [WARNING] services.fno_data_service: FNO NSE API /api/quote-derivative → 404
2026-05-30 23:53:33,178 [WARNING] services.fno_data_service: FNO NSE API /api/quote-derivative → 404
2026-05-30 23:53:33,183 [WARNING] services.fno_data_service: FNO NSE API /api/quote-derivative → 404
2026-05-30 23:53:33,195 [WARNING] services.fno_data_service: FNO NSE API /api/quote-derivative → 404
2026-05-30 23:53:33,203 [WARNING] services.fno_data_service: FNO NSE API /api/quote-derivative → 404
2026-05-30 23:53:33,217 [WARNING] services.fno_data_service: FNO NSE API /api/quote-derivative → 404
2026-05-30 23:53:33,227 [WARNING] services.fno_data_service: FNO NSE API /api/quote-derivative → 404
2026-05-30 23:53:33,239 [WARNING] services.fno_data_service: FNO NSE API /api/quote-derivative → 404
2026-05-30 23:53:33,245 [WARNING] services.fno_data_service: FNO NSE API /api/quote-derivative → 404
2026-05-30 23:53:33,253 [WARNING] services.fno_data_service: FNO NSE API /api/quote-derivative → 404
2026-05-30 23:53:33,269 [WARNING] services.fno_data_service: FNO NSE API /api/quote-derivative → 404
2026-05-30 23:53:33,271 [WARNING] services.fno_data_service: FNO NSE API /api/quote-derivative → 404
2026-05-30 23:53:33,277 [WARNING] services.fno_data_service: FNO NSE API /api/quote-derivative → 404
2026-05-30 23:53:33,301 [WARNING] services.fno_data_service: FNO NSE API /api/quote-derivative → 404
2026-05-30 23:53:33,303 [WARNING] services.fno_data_service: FNO NSE API /api/quote-derivative → 404
2026-05-30 23:53:33,312 [WARNING] services.fno_data_service: FNO NSE API /api/quote-derivative → 404
2026-05-30 23:53:33,327 [WARNING] services.fno_data_service: FNO NSE API /api/quote-derivative → 404
2026-05-30 23:53:33,343 [WARNING] services.fno_data_service: FNO NSE API /api/quote-derivative → 404
2026-05-30 23:53:33,351 [WARNING] services.fno_data_service: FNO NSE API /api/quote-derivative → 404
2026-05-30 23:53:33,360 [WARNING] services.fno_data_service: FNO NSE API /api/quote-derivative → 404
2026-05-30 23:53:33,370 [WARNING] services.fno_data_service: FNO NSE API /api/quote-derivative → 404
2026-05-30 23:53:33,375 [WARNING] services.fno_data_service: FNO NSE API /api/quote-derivative → 404
2026-05-30 23:53:33,377 [WARNING] services.fno_data_service: FNO NSE API /api/quote-derivative → 404
2026-05-30 23:53:33,393 [WARNING] services.fno_data_service: FNO NSE API /api/quote-derivative → 404
2026-05-30 23:53:33,421 [WARNING] services.fno_data_service: FNO NSE API /api/quote-derivative → 404
2026-05-30 23:53:33,429 [WARNING] services.fno_data_service: FNO NSE API /api/quote-derivative → 404
2026-05-30 23:53:33,444 [WARNING] services.fno_data_service: FNO NSE API /api/quote-derivative → 404
2026-05-30 23:53:33,473 [WARNING] services.fno_data_service: FNO NSE API /api/quote-derivative → 404
2026-05-30 23:53:33,479 [WARNING] services.fno_data_service: FNO NSE API /api/quote-derivative → 404
2026-05-30 23:53:33,493 [WARNING] services.fno_data_service: FNO NSE API /api/quote-derivative → 404
2026-05-30 23:53:33,512 [WARNING] services.fno_data_service: FNO NSE API /api/quote-derivative → 404
2026-05-30 23:53:33,517 [WARNING] services.fno_data_service: FNO NSE API /api/quote-derivative → 404
2026-05-30 23:53:33,540 [WARNING] services.fno_data_service: FNO NSE API /api/quote-derivative → 404
2026-05-30 23:53:33,543 [WARNING] services.fno_data_service: FNO NSE API /api/quote-derivative → 404
2026-05-30 23:53:33,561 [WARNING] services.fno_data_service: FNO NSE API /api/quote-derivative → 404
2026-05-30 23:53:33,568 [WARNING] services.fno_data_service: FNO NSE API /api/quote-derivative → 404
2026-05-30 23:53:33,574 [WARNING] services.fno_data_service: FNO NSE API /api/quote-derivative → 404
2026-05-30 23:53:33,586 [WARNING] services.fno_data_service: FNO NSE API /api/quote-derivative → 404
2026-05-30 23:53:33,602 [WARNING] services.fno_data_service: FNO NSE API /api/quote-derivative → 404
2026-05-30 23:53:33,626 [WARNING] services.fno_data_service: FNO NSE API /api/quote-derivative → 404
2026-05-30 23:53:33,628 [WARNING] services.fno_data_service: FNO NSE API /api/quote-derivative → 404
2026-05-30 23:53:39,157 [WARNING] services.fno_data_service: FNO NSE API /api/equity-stockIndices → 404
2026-05-30 23:53:39,185 [WARNING] services.fno_data_service: FNO NSE API /api/quote-derivative → 404
2026-05-30 23:53:39,195 [WARNING] services.fno_data_service: FNO NSE API /api/quote-derivative → 404
2026-05-30 23:53:39,219 [WARNING] services.fno_data_service: FNO NSE API /api/quote-derivative → 404
2026-05-30 23:53:39,225 [WARNING] services.fno_data_service: FNO NSE API /api/quote-derivative → 404
2026-05-30 23:53:39,240 [WARNING] services.fno_data_service: FNO NSE API /api/quote-derivative → 404
2026-05-30 23:53:39,263 [WARNING] services.fno_data_service: FNO NSE API /api/quote-derivative → 404
2026-05-30 23:53:39,278 [WARNING] services.fno_data_service: FNO NSE API /api/quote-derivative → 404
2026-05-30 23:53:39,286 [WARNING] services.fno_data_service: FNO NSE API /api/quote-derivative → 404
2026-05-30 23:53:39,291 [WARNING] services.fno_data_service: FNO NSE API /api/quote-derivative → 404
2026-05-30 23:53:39,322 [WARNING] services.fno_data_service: FNO NSE API /api/quote-derivative → 404
2026-05-30 23:53:39,337 [WARNING] services.fno_data_service: FNO NSE API /api/quote-derivative → 404
2026-05-30 23:53:39,342 [WARNING] services.fno_data_service: FNO NSE API /api/quote-derivative → 404
2026-05-30 23:53:39,359 [WARNING] services.fno_data_service: FNO NSE API /api/quote-derivative → 404
2026-05-30 23:53:39,387 [WARNING] services.fno_data_service: FNO NSE API /api/quote-derivative → 404
2026-05-30 23:53:39,391 [WARNING] services.fno_data_service: FNO NSE API /api/quote-derivative → 404
2026-05-30 23:53:39,399 [WARNING] services.fno_data_service: FNO NSE API /api/quote-derivative → 404
2026-05-30 23:53:39,443 [WARNING] services.fno_data_service: FNO NSE API /api/quote-derivative → 404
2026-05-30 23:53:39,446 [WARNING] services.fno_data_service: FNO NSE API /api/quote-derivative → 404
2026-05-30 23:53:39,451 [WARNING] services.fno_data_service: FNO NSE API /api/quote-derivative → 404
2026-05-30 23:53:39,503 [WARNING] services.fno_data_service: FNO NSE API /api/quote-derivative → 404
2026-05-30 23:53:39,507 [WARNING] services.fno_data_service: FNO NSE API /api/quote-derivative → 404
2026-05-30 23:53:39,525 [WARNING] services.fno_data_service: FNO NSE API /api/quote-derivative → 404
2026-05-30 23:53:39,574 [WARNING] services.fno_data_service: FNO NSE API /api/quote-derivative → 404
2026-05-30 23:53:39,577 [WARNING] services.fno_data_service: FNO NSE API /api/quote-derivative → 404
2026-05-30 23:53:39,594 [WARNING] services.fno_data_service: FNO NSE API /api/quote-derivative → 404
2026-05-30 23:53:39,641 [WARNING] services.fno_data_service: FNO NSE API /api/quote-derivative → 404
2026-05-30 23:53:39,645 [WARNING] services.fno_data_service: FNO NSE API /api/quote-derivative → 404
2026-05-30 23:53:39,664 [WARNING] services.fno_data_service: FNO NSE API /api/quote-derivative → 404
2026-05-30 23:53:39,694 [WARNING] services.fno_data_service: FNO NSE API /api/quote-derivative → 404
2026-05-30 23:53:39,715 [WARNING] services.fno_data_service: FNO NSE API /api/quote-derivative → 404
2026-05-30 23:53:39,720 [WARNING] services.fno_data_service: FNO NSE API /api/quote-derivative → 404
2026-05-30 23:53:39,766 [WARNING] services.fno_data_service: FNO NSE API /api/quote-derivative → 404
2026-05-30 23:53:39,771 [WARNING] services.fno_data_service: FNO NSE API /api/quote-derivative → 404
2026-05-30 23:53:39,821 [WARNING] services.fno_data_service: FNO NSE API /api/quote-derivative → 404
2026-05-30 23:53:39,825 [WARNING] services.fno_data_service: FNO NSE API /api/quote-derivative → 404
2026-05-30 23:53:39,867 [WARNING] services.fno_data_service: FNO NSE API /api/quote-derivative → 404
2026-05-30 23:53:39,886 [WARNING] services.fno_data_service: FNO NSE API /api/quote-derivative → 404
2026-05-30 23:53:39,910 [WARNING] services.fno_data_service: FNO NSE API /api/quote-derivative → 404
2026-05-30 23:53:39,932 [WARNING] services.fno_data_service: FNO NSE API /api/quote-derivative → 404
2026-05-30 23:53:39,952 [WARNING] services.fno_data_service: FNO NSE API /api/quote-derivative → 404
2026-05-30 23:53:39,974 [WARNING] services.fno_data_service: FNO NSE API /api/quote-derivative → 404
2026-05-30 23:53:39,999 [WARNING] services.fno_data_service: FNO NSE API /api/quote-derivative → 404
2026-05-30 23:53:40,020 [WARNING] services.fno_data_service: FNO NSE API /api/quote-derivative → 404
2026-05-30 23:53:40,042 [WARNING] services.fno_data_service: FNO NSE API /api/quote-derivative → 404
2026-05-30 23:53:40,048 [WARNING] services.fno_data_service: FNO NSE API /api/quote-derivative → 404
2026-05-30 23:53:40,094 [WARNING] services.fno_data_service: FNO NSE API /api/quote-derivative → 404
2026-05-30 23:53:40,099 [WARNING] services.fno_data_service: FNO NSE API /api/quote-derivative → 404
2026-05-30 23:53:40,146 [WARNING] services.fno_data_service: FNO NSE API /api/quote-derivative → 404
2026-05-30 23:53:40,150 [WARNING] services.fno_data_service: FNO NSE API /api/quote-derivative → 404
2026-05-30 23:53:40,197 [WARNING] services.fno_data_service: FNO NSE API /api/quote-derivative → 404
2026-05-30 23:53:40,201 [WARNING] services.fno_data_service: FNO NSE API /api/quote-derivative → 404
2026-05-30 23:53:40,221 [WARNING] services.fno_data_service: FNO NSE API /api/quote-derivative → 404
2026-05-30 23:53:40,231 [WARNING] services.fno_data_service: FNO NSE API /api/quote-derivative → 404
2026-05-30 23:53:40,252 [WARNING] services.fno_data_service: FNO NSE API /api/quote-derivative → 404
2026-05-30 23:53:40,259 [WARNING] services.fno_data_service: FNO NSE API /api/quote-derivative → 404
2026-05-30 23:53:40,270 [WARNING] services.fno_data_service: FNO NSE API /api/quote-derivative → 404
2026-05-30 23:53:40,291 [WARNING] services.fno_data_service: FNO NSE API /api/quote-derivative → 404
2026-05-30 23:53:40,302 [WARNING] services.fno_data_service: FNO NSE API /api/quote-derivative → 404
2026-05-30 23:53:40,323 [WARNING] services.fno_data_service: FNO NSE API /api/quote-derivative → 404
2026-05-30 23:53:40,348 [WARNING] services.fno_data_service: FNO NSE API /api/quote-derivative → 404
2026-05-30 23:53:40,369 [WARNING] services.fno_data_service: FNO NSE API /api/quote-derivative → 404
2026-05-30 23:53:40,388 [WARNING] services.fno_data_service: FNO NSE API /api/quote-derivative → 404
2026-05-30 23:53:40,409 [WARNING] services.fno_data_service: FNO NSE API /api/quote-derivative → 404
2026-05-30 23:53:40,429 [WARNING] services.fno_data_service: FNO NSE API /api/quote-derivative → 404
2026-05-30 23:53:40,434 [WARNING] services.fno_data_service: FNO NSE API /api/quote-derivative → 404
2026-05-30 23:53:40,483 [WARNING] services.fno_data_service: FNO NSE API /api/quote-derivative → 404
2026-05-30 23:53:40,486 [WARNING] services.fno_data_service: FNO NSE API /api/quote-derivative → 404
2026-05-30 23:53:40,517 [WARNING] services.fno_data_service: FNO NSE API /api/quote-derivative → 404
2026-05-30 23:53:40,521 [INFO] backend: GET /api/options-scanner/scan -> 200 in 1410ms
2026-05-30 23:53:45,175 [WARNING] services.fno_data_service: FNO NSE API /api/equity-stockIndices → 404
2026-05-30 23:53:45,302 [WARNING] services.fno_data_service: FNO NSE API /api/quote-derivative → 404
2026-05-30 23:53:50,866 [WARNING] services.fno_data_service: FNO NSE API /api/equity-stockIndices → 404
2026-05-30 23:53:50,887 [WARNING] services.fno_data_service: FNO NSE API /api/quote-derivative → 404
2026-05-30 23:55:04,327 [WARNING] services.fno_data_service: FNO NSE API /api/equity-stockIndices → 404
2026-05-30 23:55:04,378 [WARNING] services.fno_data_service: FNO NSE API /api/quote-derivative → 404
2026-05-30 23:55:07,444 [WARNING] services.fno_data_service: FNO NSE API /api/equity-stockIndices → 404
2026-05-30 23:55:07,481 [WARNING] services.fno_data_service: FNO NSE API /api/quote-derivative → 404
2026-05-30 23:55:11,802 [WARNING] services.fno_data_service: FNO NSE API /api/equity-stockIndices → 404
2026-05-30 23:55:11,832 [WARNING] services.fno_data_service: FNO NSE API /api/quote-derivative → 404
2026-05-30 23:55:11,873 [WARNING] services.fno_data_service: FNO NSE API /api/quote-derivative → 404
2026-05-30 23:55:11,890 [WARNING] services.fno_data_service: FNO NSE API /api/quote-derivative → 404
2026-05-30 23:55:11,891 [WARNING] services.fno_data_service: FNO NSE API /api/quote-derivative → 404
2026-05-30 23:55:11,937 [WARNING] services.fno_data_service: FNO NSE API /api/quote-derivative → 404
2026-05-30 23:55:11,944 [WARNING] services.fno_data_service: FNO NSE API /api/quote-derivative → 404
2026-05-30 23:55:11,949 [WARNING] services.fno_data_service: FNO NSE API /api/quote-derivative → 404
2026-05-30 23:55:11,996 [WARNING] services.fno_data_service: FNO NSE API /api/quote-derivative → 404
2026-05-30 23:55:12,009 [WARNING] services.fno_data_service: FNO NSE API /api/quote-derivative → 404
2026-05-30 23:55:12,015 [WARNING] services.fno_data_service: FNO NSE API /api/quote-derivative → 404
2026-05-30 23:55:12,049 [WARNING] services.fno_data_service: FNO NSE API /api/quote-derivative → 404
2026-05-30 23:55:12,090 [WARNING] services.fno_data_service: FNO NSE API /api/quote-derivative → 404
2026-05-30 23:55:12,095 [WARNING] services.fno_data_service: FNO NSE API /api/quote-derivative → 404
2026-05-30 23:55:12,109 [WARNING] services.fno_data_service: FNO NSE API /api/quote-derivative → 404
2026-05-30 23:55:12,164 [WARNING] services.fno_data_service: FNO NSE API /api/quote-derivative → 404
2026-05-30 23:55:12,171 [WARNING] services.fno_data_service: FNO NSE API /api/quote-derivative → 404
2026-05-30 23:55:12,178 [WARNING] services.fno_data_service: FNO NSE API /api/quote-derivative → 404
2026-05-30 23:55:12,215 [WARNING] services.fno_data_service: FNO NSE API /api/quote-derivative → 404
2026-05-30 23:55:12,245 [WARNING] services.fno_data_service: FNO NSE API /api/quote-derivative → 404
2026-05-30 23:55:12,259 [WARNING] services.fno_data_service: FNO NSE API /api/quote-derivative → 404
2026-05-30 23:55:12,265 [WARNING] services.fno_data_service: FNO NSE API /api/quote-derivative → 404
2026-05-30 23:55:12,306 [WARNING] services.fno_data_service: FNO NSE API /api/quote-derivative → 404
2026-05-30 23:55:12,315 [WARNING] services.fno_data_service: FNO NSE API /api/quote-derivative → 404
2026-05-30 23:55:12,330 [WARNING] services.fno_data_service: FNO NSE API /api/quote-derivative → 404
2026-05-30 23:55:12,363 [WARNING] services.fno_data_service: FNO NSE API /api/quote-derivative → 404
2026-05-30 23:55:12,365 [WARNING] services.fno_data_service: FNO NSE API /api/quote-derivative → 404
2026-05-30 23:55:12,393 [WARNING] services.fno_data_service: FNO NSE API /api/quote-derivative → 404
2026-05-30 23:55:12,422 [WARNING] services.fno_data_service: FNO NSE API /api/quote-derivative → 404
2026-05-30 23:55:12,427 [WARNING] services.fno_data_service: FNO NSE API /api/quote-derivative → 404
2026-05-30 23:55:12,452 [WARNING] services.fno_data_service: FNO NSE API /api/quote-derivative → 404
2026-05-30 23:55:12,477 [WARNING] services.fno_data_service: FNO NSE API /api/quote-derivative → 404
2026-05-30 23:55:12,485 [WARNING] services.fno_data_service: FNO NSE API /api/quote-derivative → 404
2026-05-30 23:55:12,509 [WARNING] services.fno_data_service: FNO NSE API /api/quote-derivative → 404
2026-05-30 23:55:12,528 [WARNING] services.fno_data_service: FNO NSE API /api/quote-derivative → 404
2026-05-30 23:55:12,542 [WARNING] services.fno_data_service: FNO NSE API /api/quote-derivative → 404
2026-05-30 23:55:12,567 [WARNING] services.fno_data_service: FNO NSE API /api/quote-derivative → 404
2026-05-30 23:55:12,578 [WARNING] services.fno_data_service: FNO NSE API /api/quote-derivative → 404
2026-05-30 23:55:12,600 [WARNING] services.fno_data_service: FNO NSE API /api/quote-derivative → 404
2026-05-30 23:55:12,625 [WARNING] services.fno_data_service: FNO NSE API /api/quote-derivative → 404
2026-05-30 23:55:12,630 [WARNING] services.fno_data_service: FNO NSE API /api/quote-derivative → 404
2026-05-30 23:55:12,667 [WARNING] services.fno_data_service: FNO NSE API /api/quote-derivative → 404
2026-05-30 23:55:12,672 [WARNING] services.fno_data_service: FNO NSE API /api/quote-derivative → 404
2026-05-30 23:55:12,693 [WARNING] services.fno_data_service: FNO NSE API /api/quote-derivative → 404
2026-05-30 23:55:12,723 [WARNING] services.fno_data_service: FNO NSE API /api/quote-derivative → 404
2026-05-30 23:55:12,726 [WARNING] services.fno_data_service: FNO NSE API /api/quote-derivative → 404
2026-05-30 23:55:12,748 [WARNING] services.fno_data_service: FNO NSE API /api/quote-derivative → 404
2026-05-30 23:55:12,780 [WARNING] services.fno_data_service: FNO NSE API /api/quote-derivative → 404
2026-05-30 23:55:12,786 [WARNING] services.fno_data_service: FNO NSE API /api/quote-derivative → 404
2026-05-30 23:55:12,830 [WARNING] services.fno_data_service: FNO NSE API /api/quote-derivative → 404
2026-05-30 23:55:12,838 [WARNING] services.fno_data_service: FNO NSE API /api/quote-derivative → 404
2026-05-30 23:55:12,844 [WARNING] services.fno_data_service: FNO NSE API /api/quote-derivative → 404
2026-05-30 23:55:12,879 [WARNING] services.fno_data_service: FNO NSE API /api/quote-derivative → 404
2026-05-30 23:55:12,903 [WARNING] services.fno_data_service: FNO NSE API /api/quote-derivative → 404
2026-05-30 23:55:12,908 [WARNING] services.fno_data_service: FNO NSE API /api/quote-derivative → 404
2026-05-30 23:55:12,928 [WARNING] services.fno_data_service: FNO NSE API /api/quote-derivative → 404
2026-05-30 23:55:12,971 [WARNING] services.fno_data_service: FNO NSE API /api/quote-derivative → 404
2026-05-30 23:55:12,977 [WARNING] services.fno_data_service: FNO NSE API /api/quote-derivative → 404
2026-05-30 23:55:12,979 [WARNING] services.fno_data_service: FNO NSE API /api/quote-derivative → 404
2026-05-30 23:55:13,037 [WARNING] services.fno_data_service: FNO NSE API /api/quote-derivative → 404
2026-05-30 23:55:13,038 [WARNING] services.fno_data_service: FNO NSE API /api/quote-derivative → 404
2026-05-30 23:55:13,039 [WARNING] services.fno_data_service: FNO NSE API /api/quote-derivative → 404
2026-05-30 23:55:13,095 [WARNING] services.fno_data_service: FNO NSE API /api/quote-derivative → 404
2026-05-30 23:55:13,109 [WARNING] services.fno_data_service: FNO NSE API /api/quote-derivative → 404
2026-05-30 23:55:13,115 [WARNING] services.fno_data_service: FNO NSE API /api/quote-derivative → 404
2026-05-30 23:55:13,146 [WARNING] services.fno_data_service: FNO NSE API /api/quote-derivative → 404
2026-05-30 23:55:13,173 [WARNING] services.fno_data_service: FNO NSE API /api/quote-derivative → 404
2026-05-30 23:55:13,176 [WARNING] services.fno_data_service: FNO NSE API /api/quote-derivative → 404
2026-05-30 23:55:13,202 [WARNING] services.fno_data_service: FNO NSE API /api/quote-derivative → 404
2026-05-30 23:55:13,207 [INFO] backend: GET /api/options-scanner/scan -> 200 in 1453ms
2026-05-31 00:01:46,794 [INFO] backend: Backend shutting down
2026-05-31 00:01:54,413 [INFO] backend: Stock Intelligence Platform backend v2.0.0 starting (log: C:\Users\mohan\Stock App\stock-intelligence-platform\storage\logs\backend.log)
2026-05-31 00:07:39,096 [INFO] backend: Backend shutting down
2026-05-31 00:07:43,759 [INFO] backend: Stock Intelligence Platform backend v2.0.0 starting (log: C:\Users\mohan\Stock App\stock-intelligence-platform\storage\logs\backend.log)
2026-05-31 00:23:54,062 [INFO] backend: Backend shutting down
2026-05-31 00:24:14,878 [INFO] backend: Stock Intelligence Platform backend v2.0.0 starting (log: C:\Users\mohan\Stock App\stock-intelligence-platform\storage\logs\backend.log)
2026-05-31 00:24:46,234 [WARNING] services.fno_data_service: FNO NSE API /api/option-chain-indices → 404
2026-05-31 00:24:46,235 [INFO] services.fno_data_service: NSE option chain unavailable for NIFTY — using synthetic fallback
2026-05-31 00:24:46,329 [WARNING] services.fno_data_service: FNO NSE API /api/option-chain-indices → 404
2026-05-31 00:24:46,329 [INFO] services.fno_data_service: NSE option chain unavailable for BANKNIFTY — using synthetic fallback
2026-05-31 00:24:46,418 [INFO] backend: GET /api/options-scanner/market-context -> 200 in 1527ms
2026-05-31 00:24:50,758 [WARNING] services.fno_data_service: FNO NSE API /api/equity-stockIndices → 404
2026-05-31 00:24:55,555 [WARNING] services.fno_data_service: FNO NSE API /api/quote-derivative → 404
2026-05-31 00:24:55,559 [INFO] backend: GET /api/options-scanner/scan -> 200 in 4875ms
2026-05-31 00:25:04,562 [WARNING] services.fno_data_service: FNO NSE API /api/equity-stockIndices → 404
2026-05-31 00:25:04,589 [WARNING] services.fno_data_service: FNO NSE API /api/quote-derivative → 404
2026-05-31 00:25:04,644 [WARNING] services.fno_data_service: FNO NSE API /api/quote-derivative → 404
2026-05-31 00:25:04,657 [WARNING] services.fno_data_service: FNO NSE API /api/quote-derivative → 404
2026-05-31 00:25:04,667 [WARNING] services.fno_data_service: FNO NSE API /api/quote-derivative → 404
2026-05-31 00:25:04,692 [WARNING] services.fno_data_service: FNO NSE API /api/quote-derivative → 404
2026-05-31 00:25:04,697 [WARNING] services.fno_data_service: FNO NSE API /api/quote-derivative → 404
2026-05-31 00:25:04,720 [WARNING] services.fno_data_service: FNO NSE API /api/quote-derivative → 404
2026-05-31 00:25:04,732 [WARNING] services.fno_data_service: FNO NSE API /api/quote-derivative → 404
2026-05-31 00:25:04,734 [WARNING] services.fno_data_service: FNO NSE API /api/quote-derivative → 404
2026-05-31 00:25:04,760 [WARNING] services.fno_data_service: FNO NSE API /api/quote-derivative → 404
2026-05-31 00:25:04,773 [WARNING] services.fno_data_service: FNO NSE API /api/quote-derivative → 404
2026-05-31 00:25:04,786 [WARNING] services.fno_data_service: FNO NSE API /api/quote-derivative → 404
2026-05-31 00:25:04,812 [WARNING] services.fno_data_service: FNO NSE API /api/quote-derivative → 404
2026-05-31 00:25:04,827 [WARNING] services.fno_data_service: FNO NSE API /api/quote-derivative → 404
2026-05-31 00:25:04,834 [WARNING] services.fno_data_service: FNO NSE API /api/quote-derivative → 404
2026-05-31 00:25:04,972 [WARNING] services.fno_data_service: FNO NSE API /api/quote-derivative → 404
2026-05-31 00:25:04,973 [WARNING] services.fno_data_service: FNO NSE API /api/quote-derivative → 404
2026-05-31 00:25:04,989 [WARNING] services.fno_data_service: FNO NSE API /api/quote-derivative → 404
2026-05-31 00:25:05,079 [WARNING] services.fno_data_service: FNO NSE API /api/quote-derivative → 404
2026-05-31 00:25:05,082 [WARNING] services.fno_data_service: FNO NSE API /api/quote-derivative → 404
2026-05-31 00:25:05,097 [WARNING] services.fno_data_service: FNO NSE API /api/quote-derivative → 404
2026-05-31 00:25:05,158 [WARNING] services.fno_data_service: FNO NSE API /api/quote-derivative → 404
2026-05-31 00:25:05,173 [WARNING] services.fno_data_service: FNO NSE API /api/quote-derivative → 404
2026-05-31 00:25:05,174 [WARNING] services.fno_data_service: FNO NSE API /api/quote-derivative → 404
2026-05-31 00:25:05,212 [WARNING] services.fno_data_service: FNO NSE API /api/quote-derivative → 404
2026-05-31 00:25:05,234 [WARNING] services.fno_data_service: FNO NSE API /api/quote-derivative → 404
2026-05-31 00:25:05,234 [WARNING] services.fno_data_service: FNO NSE API /api/quote-derivative → 404
2026-05-31 00:25:05,252 [WARNING] services.fno_data_service: FNO NSE API /api/quote-derivative → 404
2026-05-31 00:25:05,275 [WARNING] services.fno_data_service: FNO NSE API /api/quote-derivative → 404
2026-05-31 00:25:05,286 [WARNING] services.fno_data_service: FNO NSE API /api/quote-derivative → 404
2026-05-31 00:25:05,295 [WARNING] services.fno_data_service: FNO NSE API /api/quote-derivative → 404
2026-05-31 00:25:05,315 [WARNING] services.fno_data_service: FNO NSE API /api/quote-derivative → 404
2026-05-31 00:25:05,339 [WARNING] services.fno_data_service: FNO NSE API /api/quote-derivative → 404
2026-05-31 00:25:05,351 [WARNING] services.fno_data_service: FNO NSE API /api/quote-derivative → 404
2026-05-31 00:25:05,374 [WARNING] services.fno_data_service: FNO NSE API /api/quote-derivative → 404
2026-05-31 00:25:05,394 [WARNING] services.fno_data_service: FNO NSE API /api/quote-derivative → 404
2026-05-31 00:25:05,420 [WARNING] services.fno_data_service: FNO NSE API /api/quote-derivative → 404
2026-05-31 00:25:05,430 [WARNING] services.fno_data_service: FNO NSE API /api/quote-derivative → 404
2026-05-31 00:25:05,446 [WARNING] services.fno_data_service: FNO NSE API /api/quote-derivative → 404
2026-05-31 00:25:05,492 [WARNING] services.fno_data_service: FNO NSE API /api/quote-derivative → 404
2026-05-31 00:25:05,508 [WARNING] services.fno_data_service: FNO NSE API /api/quote-derivative → 404
2026-05-31 00:25:05,528 [WARNING] services.fno_data_service: FNO NSE API /api/quote-derivative → 404
2026-05-31 00:25:05,546 [WARNING] services.fno_data_service: FNO NSE API /api/quote-derivative → 404
2026-05-31 00:25:05,547 [WARNING] services.fno_data_service: FNO NSE API /api/quote-derivative → 404
2026-05-31 00:25:05,578 [WARNING] services.fno_data_service: FNO NSE API /api/quote-derivative → 404
2026-05-31 00:25:05,604 [WARNING] services.fno_data_service: FNO NSE API /api/quote-derivative → 404
2026-05-31 00:25:05,608 [WARNING] services.fno_data_service: FNO NSE API /api/quote-derivative → 404
2026-05-31 00:25:05,632 [WARNING] services.fno_data_service: FNO NSE API /api/quote-derivative → 404
2026-05-31 00:25:05,646 [WARNING] services.fno_data_service: FNO NSE API /api/quote-derivative → 404
2026-05-31 00:25:05,668 [WARNING] services.fno_data_service: FNO NSE API /api/quote-derivative → 404
2026-05-31 00:25:05,678 [WARNING] services.fno_data_service: FNO NSE API /api/quote-derivative → 404
2026-05-31 00:25:05,709 [WARNING] services.fno_data_service: FNO NSE API /api/quote-derivative → 404
2026-05-31 00:25:05,724 [WARNING] services.fno_data_service: FNO NSE API /api/quote-derivative → 404
2026-05-31 00:25:05,739 [WARNING] services.fno_data_service: FNO NSE API /api/quote-derivative → 404
2026-05-31 00:25:05,776 [WARNING] services.fno_data_service: FNO NSE API /api/quote-derivative → 404
2026-05-31 00:25:05,777 [WARNING] services.fno_data_service: FNO NSE API /api/quote-derivative → 404
2026-05-31 00:25:05,803 [WARNING] services.fno_data_service: FNO NSE API /api/quote-derivative → 404
2026-05-31 00:25:05,850 [WARNING] services.fno_data_service: FNO NSE API /api/quote-derivative → 404
2026-05-31 00:25:05,868 [WARNING] services.fno_data_service: FNO NSE API /api/quote-derivative → 404
2026-05-31 00:25:05,886 [WARNING] services.fno_data_service: FNO NSE API /api/quote-derivative → 404
2026-05-31 00:25:05,935 [WARNING] services.fno_data_service: FNO NSE API /api/quote-derivative → 404
2026-05-31 00:25:05,955 [WARNING] services.fno_data_service: FNO NSE API /api/quote-derivative → 404
2026-05-31 00:25:05,955 [WARNING] services.fno_data_service: FNO NSE API /api/quote-derivative → 404
2026-05-31 00:25:05,999 [WARNING] services.fno_data_service: FNO NSE API /api/quote-derivative → 404
2026-05-31 00:25:06,009 [WARNING] services.fno_data_service: FNO NSE API /api/quote-derivative → 404
2026-05-31 00:25:06,014 [WARNING] services.fno_data_service: FNO NSE API /api/quote-derivative → 404
2026-05-31 00:25:06,040 [WARNING] services.fno_data_service: FNO NSE API /api/quote-derivative → 404
2026-05-31 00:25:06,044 [WARNING] services.fno_data_service: FNO NSE API /api/quote-derivative → 404
2026-05-31 00:25:06,047 [INFO] backend: GET /api/options-scanner/scan -> 200 in 1541ms
2026-05-31 00:31:09,827 [WARNING] services.fno_data_service: FNO NSE API /api/option-chain-indices → 404
2026-05-31 00:31:09,832 [INFO] services.fno_data_service: NSE option chain unavailable for NIFTY — using synthetic fallback
2026-05-31 00:31:10,118 [WARNING] services.fno_data_service: FNO NSE API /api/option-chain-indices → 404
2026-05-31 00:31:10,119 [INFO] services.fno_data_service: NSE option chain unavailable for BANKNIFTY — using synthetic fallback
2026-05-31 00:31:10,255 [INFO] backend: GET /api/options-scanner/market-context -> 200 in 2035ms
2026-05-31 00:31:10,342 [INFO] backend: Backend shutting down
2026-05-31 00:31:16,092 [INFO] backend: Stock Intelligence Platform backend v2.0.0 starting (log: C:\Users\mohan\Stock App\stock-intelligence-platform\storage\logs\backend.log)
2026-05-31 00:31:26,228 [WARNING] services.fno_data_service: FNO NSE API /api/option-chain-indices → 404
2026-05-31 00:31:26,229 [INFO] services.fno_data_service: NSE option chain unavailable for NIFTY — using synthetic fallback
2026-05-31 00:31:26,324 [WARNING] services.fno_data_service: FNO NSE API /api/option-chain-indices → 404
2026-05-31 00:31:26,325 [INFO] services.fno_data_service: NSE option chain unavailable for BANKNIFTY — using synthetic fallback
2026-05-31 00:31:26,430 [INFO] backend: GET /api/options-scanner/market-context -> 200 in 2195ms
2026-05-31 00:32:57,562 [INFO] backend: Stock Intelligence Platform backend v2.0.0 starting (log: C:\Users\mohan\Stock App\stock-intelligence-platform\storage\logs\backend.log)
2026-05-31 00:33:14,740 [WARNING] services.fno_data_service: FNO NSE API /api/option-chain-indices → 404
2026-05-31 00:33:14,740 [INFO] services.fno_data_service: NSE option chain unavailable for NIFTY — using synthetic fallback
2026-05-31 00:33:14,944 [WARNING] services.fno_data_service: FNO NSE API /api/option-chain-indices → 404
2026-05-31 00:33:14,945 [INFO] services.fno_data_service: NSE option chain unavailable for BANKNIFTY — using synthetic fallback
2026-05-31 00:33:15,162 [INFO] backend: GET /api/options-scanner/market-context -> 200 in 1930ms
2026-05-31 00:33:20,774 [WARNING] services.fno_data_service: FNO NSE API /api/equity-stockIndices → 404
2026-05-31 00:33:25,332 [WARNING] services.fno_data_service: FNO NSE API /api/quote-derivative → 404
2026-05-31 00:33:25,368 [WARNING] services.fno_data_service: FNO NSE API /api/quote-derivative → 404
2026-05-31 00:33:25,373 [WARNING] services.fno_data_service: FNO NSE API /api/quote-derivative → 404
2026-05-31 00:33:25,410 [WARNING] services.fno_data_service: FNO NSE API /api/quote-derivative → 404
2026-05-31 00:33:25,432 [WARNING] services.fno_data_service: FNO NSE API /api/quote-derivative → 404
2026-05-31 00:33:25,480 [WARNING] services.fno_data_service: FNO NSE API /api/quote-derivative → 404
2026-05-31 00:33:25,489 [WARNING] services.fno_data_service: FNO NSE API /api/quote-derivative → 404
2026-05-31 00:33:25,497 [WARNING] services.fno_data_service: FNO NSE API /api/quote-derivative → 404
2026-05-31 00:33:25,546 [WARNING] services.fno_data_service: FNO NSE API /api/quote-derivative → 404
2026-05-31 00:33:25,555 [WARNING] services.fno_data_service: FNO NSE API /api/quote-derivative → 404
2026-05-31 00:33:25,626 [WARNING] services.fno_data_service: FNO NSE API /api/quote-derivative → 404
2026-05-31 00:33:25,630 [WARNING] services.fno_data_service: FNO NSE API /api/quote-derivative → 404
2026-05-31 00:33:25,636 [WARNING] services.fno_data_service: FNO NSE API /api/quote-derivative → 404
2026-05-31 00:33:25,679 [WARNING] services.fno_data_service: FNO NSE API /api/quote-derivative → 404
2026-05-31 00:33:25,716 [WARNING] services.fno_data_service: FNO NSE API /api/quote-derivative → 404
2026-05-31 00:33:25,743 [WARNING] services.fno_data_service: FNO NSE API /api/quote-derivative → 404
2026-05-31 00:33:25,757 [WARNING] services.fno_data_service: FNO NSE API /api/quote-derivative → 404
2026-05-31 00:33:25,779 [WARNING] services.fno_data_service: FNO NSE API /api/quote-derivative → 404
2026-05-31 00:33:25,842 [WARNING] services.fno_data_service: FNO NSE API /api/quote-derivative → 404
2026-05-31 00:33:25,884 [WARNING] services.fno_data_service: FNO NSE API /api/quote-derivative → 404
2026-05-31 00:33:25,889 [WARNING] services.fno_data_service: FNO NSE API /api/quote-derivative → 404
2026-05-31 00:33:25,909 [WARNING] services.fno_data_service: FNO NSE API /api/quote-derivative → 404
2026-05-31 00:33:25,948 [WARNING] services.fno_data_service: FNO NSE API /api/quote-derivative → 404
2026-05-31 00:33:25,976 [WARNING] services.fno_data_service: FNO NSE API /api/quote-derivative → 404
2026-05-31 00:33:26,036 [WARNING] services.fno_data_service: FNO NSE API /api/quote-derivative → 404
2026-05-31 00:33:26,050 [WARNING] services.fno_data_service: FNO NSE API /api/quote-derivative → 404
2026-05-31 00:33:26,060 [WARNING] services.fno_data_service: FNO NSE API /api/quote-derivative → 404
2026-05-31 00:33:26,142 [WARNING] services.fno_data_service: FNO NSE API /api/quote-derivative → 404
2026-05-31 00:33:26,147 [WARNING] services.fno_data_service: FNO NSE API /api/quote-derivative → 404
2026-05-31 00:33:26,149 [WARNING] services.fno_data_service: FNO NSE API /api/quote-derivative → 404
2026-05-31 00:33:26,224 [WARNING] services.fno_data_service: FNO NSE API /api/quote-derivative → 404
2026-05-31 00:33:26,230 [WARNING] services.fno_data_service: FNO NSE API /api/quote-derivative → 404
2026-05-31 00:33:26,283 [WARNING] services.fno_data_service: FNO NSE API /api/quote-derivative → 404
2026-05-31 00:33:26,310 [WARNING] services.fno_data_service: FNO NSE API /api/quote-derivative → 404
2026-05-31 00:33:26,322 [WARNING] services.fno_data_service: FNO NSE API /api/quote-derivative → 404
2026-05-31 00:33:26,351 [WARNING] services.fno_data_service: FNO NSE API /api/quote-derivative → 404
2026-05-31 00:33:26,388 [WARNING] services.fno_data_service: FNO NSE API /api/quote-derivative → 404
2026-05-31 00:33:26,392 [WARNING] services.fno_data_service: FNO NSE API /api/quote-derivative → 404
2026-05-31 00:33:26,415 [WARNING] services.fno_data_service: FNO NSE API /api/quote-derivative → 404
2026-05-31 00:33:26,453 [WARNING] services.fno_data_service: FNO NSE API /api/quote-derivative → 404
2026-05-31 00:33:26,486 [WARNING] services.fno_data_service: FNO NSE API /api/quote-derivative → 404
2026-05-31 00:33:26,520 [WARNING] services.fno_data_service: FNO NSE API /api/quote-derivative → 404
2026-05-31 00:33:26,562 [WARNING] services.fno_data_service: FNO NSE API /api/quote-derivative → 404
2026-05-31 00:33:26,571 [WARNING] services.fno_data_service: FNO NSE API /api/quote-derivative → 404
2026-05-31 00:33:26,673 [WARNING] services.fno_data_service: FNO NSE API /api/quote-derivative → 404
2026-05-31 00:33:26,713 [WARNING] services.fno_data_service: FNO NSE API /api/quote-derivative → 404
2026-05-31 00:33:26,731 [WARNING] services.fno_data_service: FNO NSE API /api/quote-derivative → 404
2026-05-31 00:33:26,747 [WARNING] services.fno_data_service: FNO NSE API /api/quote-derivative → 404
2026-05-31 00:33:26,781 [WARNING] services.fno_data_service: FNO NSE API /api/quote-derivative → 404
2026-05-31 00:33:26,847 [WARNING] services.fno_data_service: FNO NSE API /api/quote-derivative → 404
2026-05-31 00:33:26,848 [WARNING] services.fno_data_service: FNO NSE API /api/quote-derivative → 404
2026-05-31 00:33:26,891 [WARNING] services.fno_data_service: FNO NSE API /api/quote-derivative → 404
2026-05-31 00:33:26,929 [WARNING] services.fno_data_service: FNO NSE API /api/quote-derivative → 404
2026-05-31 00:33:26,951 [WARNING] services.fno_data_service: FNO NSE API /api/quote-derivative → 404
2026-05-31 00:33:26,985 [WARNING] services.fno_data_service: FNO NSE API /api/quote-derivative → 404
2026-05-31 00:33:26,997 [WARNING] services.fno_data_service: FNO NSE API /api/quote-derivative → 404
2026-05-31 00:33:27,046 [WARNING] services.fno_data_service: FNO NSE API /api/quote-derivative → 404
2026-05-31 00:33:27,051 [WARNING] services.fno_data_service: FNO NSE API /api/quote-derivative → 404
2026-05-31 00:33:27,111 [WARNING] services.fno_data_service: FNO NSE API /api/quote-derivative → 404
2026-05-31 00:33:27,119 [WARNING] services.fno_data_service: FNO NSE API /api/quote-derivative → 404
2026-05-31 00:33:27,155 [WARNING] services.fno_data_service: FNO NSE API /api/quote-derivative → 404
2026-05-31 00:33:27,222 [WARNING] services.fno_data_service: FNO NSE API /api/quote-derivative → 404
2026-05-31 00:33:27,246 [WARNING] services.fno_data_service: FNO NSE API /api/quote-derivative → 404
2026-05-31 00:33:27,277 [WARNING] services.fno_data_service: FNO NSE API /api/quote-derivative → 404
2026-05-31 00:33:27,351 [WARNING] services.fno_data_service: FNO NSE API /api/quote-derivative → 404
2026-05-31 00:33:27,404 [WARNING] services.fno_data_service: FNO NSE API /api/quote-derivative → 404
2026-05-31 00:33:27,414 [WARNING] services.fno_data_service: FNO NSE API /api/quote-derivative → 404
2026-05-31 00:33:27,513 [WARNING] services.fno_data_service: FNO NSE API /api/quote-derivative → 404
2026-05-31 00:33:27,516 [INFO] backend: GET /api/options-scanner/scan -> 200 in 6814ms
2026-05-31 00:33:33,967 [WARNING] services.fno_data_service: FNO NSE API /api/equity-stockIndices → 404
2026-05-31 00:33:34,011 [WARNING] services.fno_data_service: FNO NSE API /api/quote-derivative → 404
2026-05-31 00:33:34,023 [WARNING] services.fno_data_service: FNO NSE API /api/quote-derivative → 404
2026-05-31 00:33:34,038 [WARNING] services.fno_data_service: FNO NSE API /api/quote-derivative → 404
2026-05-31 00:33:34,061 [WARNING] services.fno_data_service: FNO NSE API /api/quote-derivative → 404
2026-05-31 00:33:34,097 [WARNING] services.fno_data_service: FNO NSE API /api/quote-derivative → 404
2026-05-31 00:33:34,102 [WARNING] services.fno_data_service: FNO NSE API /api/quote-derivative → 404
2026-05-31 00:33:34,117 [WARNING] services.fno_data_service: FNO NSE API /api/quote-derivative → 404
2026-05-31 00:33:34,138 [WARNING] services.fno_data_service: FNO NSE API /api/quote-derivative → 404
2026-05-31 00:33:34,194 [WARNING] services.fno_data_service: FNO NSE API /api/quote-derivative → 404
2026-05-31 00:33:34,205 [WARNING] services.fno_data_service: FNO NSE API /api/quote-derivative → 404
2026-05-31 00:33:34,241 [WARNING] services.fno_data_service: FNO NSE API /api/quote-derivative → 404
2026-05-31 00:33:34,289 [WARNING] services.fno_data_service: FNO NSE API /api/quote-derivative → 404
2026-05-31 00:33:34,294 [WARNING] services.fno_data_service: FNO NSE API /api/quote-derivative → 404
2026-05-31 00:33:34,328 [WARNING] services.fno_data_service: FNO NSE API /api/quote-derivative → 404
2026-05-31 00:33:34,329 [WARNING] services.fno_data_service: FNO NSE API /api/quote-derivative → 404
2026-05-31 00:33:34,396 [WARNING] services.fno_data_service: FNO NSE API /api/quote-derivative → 404
2026-05-31 00:33:34,404 [WARNING] services.fno_data_service: FNO NSE API /api/quote-derivative → 404
2026-05-31 00:33:34,413 [WARNING] services.fno_data_service: FNO NSE API /api/quote-derivative → 404
2026-05-31 00:33:34,428 [WARNING] services.fno_data_service: FNO NSE API /api/quote-derivative → 404
2026-05-31 00:33:34,460 [WARNING] services.fno_data_service: FNO NSE API /api/quote-derivative → 404
2026-05-31 00:33:34,466 [WARNING] services.fno_data_service: FNO NSE API /api/quote-derivative → 404
2026-05-31 00:33:34,480 [WARNING] services.fno_data_service: FNO NSE API /api/quote-derivative → 404
2026-05-31 00:33:34,510 [WARNING] services.fno_data_service: FNO NSE API /api/quote-derivative → 404
2026-05-31 00:33:34,529 [WARNING] services.fno_data_service: FNO NSE API /api/quote-derivative → 404
2026-05-31 00:33:34,569 [WARNING] services.fno_data_service: FNO NSE API /api/quote-derivative → 404
2026-05-31 00:33:34,577 [WARNING] services.fno_data_service: FNO NSE API /api/quote-derivative → 404
2026-05-31 00:33:34,583 [WARNING] services.fno_data_service: FNO NSE API /api/quote-derivative → 404
2026-05-31 00:33:34,617 [WARNING] services.fno_data_service: FNO NSE API /api/quote-derivative → 404
2026-05-31 00:33:34,679 [WARNING] services.fno_data_service: FNO NSE API /api/quote-derivative → 404
2026-05-31 00:33:34,704 [WARNING] services.fno_data_service: FNO NSE API /api/quote-derivative → 404
2026-05-31 00:33:34,715 [WARNING] services.fno_data_service: FNO NSE API /api/quote-derivative → 404
2026-05-31 00:33:34,719 [WARNING] services.fno_data_service: FNO NSE API /api/quote-derivative → 404
2026-05-31 00:33:34,740 [WARNING] services.fno_data_service: FNO NSE API /api/quote-derivative → 404
2026-05-31 00:33:34,780 [WARNING] services.fno_data_service: FNO NSE API /api/quote-derivative → 404
2026-05-31 00:33:34,831 [WARNING] services.fno_data_service: FNO NSE API /api/quote-derivative → 404
2026-05-31 00:33:34,844 [WARNING] services.fno_data_service: FNO NSE API /api/quote-derivative → 404
2026-05-31 00:33:34,877 [WARNING] services.fno_data_service: FNO NSE API /api/quote-derivative → 404
2026-05-31 00:33:34,881 [WARNING] services.fno_data_service: FNO NSE API /api/quote-derivative → 404
2026-05-31 00:33:34,893 [WARNING] services.fno_data_service: FNO NSE API /api/quote-derivative → 404
2026-05-31 00:33:34,913 [WARNING] services.fno_data_service: FNO NSE API /api/quote-derivative → 404
2026-05-31 00:33:34,946 [WARNING] services.fno_data_service: FNO NSE API /api/quote-derivative → 404
2026-05-31 00:33:34,998 [WARNING] services.fno_data_service: FNO NSE API /api/quote-derivative → 404
2026-05-31 00:33:35,019 [WARNING] services.fno_data_service: FNO NSE API /api/quote-derivative → 404
2026-05-31 00:33:35,047 [WARNING] services.fno_data_service: FNO NSE API /api/quote-derivative → 404
2026-05-31 00:33:35,062 [WARNING] services.fno_data_service: FNO NSE API /api/quote-derivative → 404
2026-05-31 00:33:35,081 [WARNING] services.fno_data_service: FNO NSE API /api/quote-derivative → 404
2026-05-31 00:33:35,087 [WARNING] services.fno_data_service: FNO NSE API /api/quote-derivative → 404
2026-05-31 00:33:35,102 [WARNING] services.fno_data_service: FNO NSE API /api/quote-derivative → 404
2026-05-31 00:33:35,119 [WARNING] services.fno_data_service: FNO NSE API /api/quote-derivative → 404
2026-05-31 00:33:35,122 [WARNING] services.fno_data_service: FNO NSE API /api/quote-derivative → 404
2026-05-31 00:33:35,138 [WARNING] services.fno_data_service: FNO NSE API /api/quote-derivative → 404
2026-05-31 00:33:35,176 [WARNING] services.fno_data_service: FNO NSE API /api/quote-derivative → 404
2026-05-31 00:33:35,188 [WARNING] services.fno_data_service: FNO NSE API /api/quote-derivative → 404
2026-05-31 00:33:35,212 [WARNING] services.fno_data_service: FNO NSE API /api/quote-derivative → 404
2026-05-31 00:33:35,222 [WARNING] services.fno_data_service: FNO NSE API /api/quote-derivative → 404
2026-05-31 00:33:35,233 [WARNING] services.fno_data_service: FNO NSE API /api/quote-derivative → 404
2026-05-31 00:33:35,254 [WARNING] services.fno_data_service: FNO NSE API /api/quote-derivative → 404
2026-05-31 00:33:35,260 [WARNING] services.fno_data_service: FNO NSE API /api/quote-derivative → 404
2026-05-31 00:33:35,274 [WARNING] services.fno_data_service: FNO NSE API /api/quote-derivative → 404
2026-05-31 00:33:35,288 [WARNING] services.fno_data_service: FNO NSE API /api/quote-derivative → 404
2026-05-31 00:33:35,322 [WARNING] services.fno_data_service: FNO NSE API /api/quote-derivative → 404
2026-05-31 00:33:35,330 [WARNING] services.fno_data_service: FNO NSE API /api/quote-derivative → 404
2026-05-31 00:33:35,348 [WARNING] services.fno_data_service: FNO NSE API /api/quote-derivative → 404
2026-05-31 00:33:35,369 [WARNING] services.fno_data_service: FNO NSE API /api/quote-derivative → 404
2026-05-31 00:33:35,396 [WARNING] services.fno_data_service: FNO NSE API /api/quote-derivative → 404
2026-05-31 00:33:35,413 [WARNING] services.fno_data_service: FNO NSE API /api/quote-derivative → 404
2026-05-31 00:33:35,435 [WARNING] services.fno_data_service: FNO NSE API /api/quote-derivative → 404
2026-05-31 00:33:35,459 [WARNING] services.fno_data_service: FNO NSE API /api/quote-derivative → 404
2026-05-31 00:33:35,465 [INFO] backend: GET /api/options-scanner/scan -> 200 in 1693ms
2026-05-31 00:33:49,591 [WARNING] services.fno_data_service: FNO NSE API /api/equity-stockIndices → 404
2026-05-31 00:33:49,656 [WARNING] services.fno_data_service: FNO NSE API /api/quote-derivative → 404
2026-05-31 00:33:49,720 [WARNING] services.fno_data_service: FNO NSE API /api/quote-derivative → 404
2026-05-31 00:33:49,725 [WARNING] services.fno_data_service: FNO NSE API /api/quote-derivative → 404
2026-05-31 00:33:49,737 [WARNING] services.fno_data_service: FNO NSE API /api/quote-derivative → 404
2026-05-31 00:33:49,791 [WARNING] services.fno_data_service: FNO NSE API /api/quote-derivative → 404
2026-05-31 00:33:49,806 [WARNING] services.fno_data_service: FNO NSE API /api/quote-derivative → 404
2026-05-31 00:33:49,828 [WARNING] services.fno_data_service: FNO NSE API /api/quote-derivative → 404
2026-05-31 00:33:49,890 [WARNING] services.fno_data_service: FNO NSE API /api/quote-derivative → 404
2026-05-31 00:33:49,893 [WARNING] services.fno_data_service: FNO NSE API /api/quote-derivative → 404
2026-05-31 00:33:49,906 [WARNING] services.fno_data_service: FNO NSE API /api/quote-derivative → 404
2026-05-31 00:33:49,948 [WARNING] services.fno_data_service: FNO NSE API /api/quote-derivative → 404
2026-05-31 00:33:49,952 [WARNING] services.fno_data_service: FNO NSE API /api/quote-derivative → 404
2026-05-31 00:33:49,992 [WARNING] services.fno_data_service: FNO NSE API /api/quote-derivative → 404
2026-05-31 00:33:50,098 [WARNING] services.fno_data_service: FNO NSE API /api/quote-derivative → 404
2026-05-31 00:33:50,110 [WARNING] services.fno_data_service: FNO NSE API /api/quote-derivative → 404
2026-05-31 00:33:50,200 [WARNING] services.fno_data_service: FNO NSE API /api/quote-derivative → 404
2026-05-31 00:33:50,216 [WARNING] services.fno_data_service: FNO NSE API /api/quote-derivative → 404
2026-05-31 00:33:50,253 [WARNING] services.fno_data_service: FNO NSE API /api/quote-derivative → 404
2026-05-31 00:33:50,262 [WARNING] services.fno_data_service: FNO NSE API /api/quote-derivative → 404
2026-05-31 00:33:50,288 [WARNING] services.fno_data_service: FNO NSE API /api/quote-derivative → 404
2026-05-31 00:33:50,321 [WARNING] services.fno_data_service: FNO NSE API /api/quote-derivative → 404
2026-05-31 00:33:50,341 [WARNING] services.fno_data_service: FNO NSE API /api/quote-derivative → 404
2026-05-31 00:33:50,356 [WARNING] services.fno_data_service: FNO NSE API /api/quote-derivative → 404
2026-05-31 00:33:50,396 [WARNING] services.fno_data_service: FNO NSE API /api/quote-derivative → 404
2026-05-31 00:33:50,418 [WARNING] services.fno_data_service: FNO NSE API /api/quote-derivative → 404
2026-05-31 00:33:50,422 [WARNING] services.fno_data_service: FNO NSE API /api/quote-derivative → 404
2026-05-31 00:33:50,476 [WARNING] services.fno_data_service: FNO NSE API /api/quote-derivative → 404
2026-05-31 00:33:50,486 [WARNING] services.fno_data_service: FNO NSE API /api/quote-derivative → 404
2026-05-31 00:33:50,503 [WARNING] services.fno_data_service: FNO NSE API /api/quote-derivative → 404
2026-05-31 00:33:50,557 [WARNING] services.fno_data_service: FNO NSE API /api/quote-derivative → 404
2026-05-31 00:33:50,565 [WARNING] services.fno_data_service: FNO NSE API /api/quote-derivative → 404
2026-05-31 00:33:50,578 [WARNING] services.fno_data_service: FNO NSE API /api/quote-derivative → 404
2026-05-31 00:33:50,615 [WARNING] services.fno_data_service: FNO NSE API /api/quote-derivative → 404
2026-05-31 00:33:50,624 [WARNING] services.fno_data_service: FNO NSE API /api/quote-derivative → 404
2026-05-31 00:33:50,629 [WARNING] services.fno_data_service: FNO NSE API /api/quote-derivative → 404
2026-05-31 00:33:50,675 [WARNING] services.fno_data_service: FNO NSE API /api/quote-derivative → 404
2026-05-31 00:33:50,676 [WARNING] services.fno_data_service: FNO NSE API /api/quote-derivative → 404
2026-05-31 00:33:50,679 [WARNING] services.fno_data_service: FNO NSE API /api/quote-derivative → 404
2026-05-31 00:33:50,734 [WARNING] services.fno_data_service: FNO NSE API /api/quote-derivative → 404
2026-05-31 00:33:50,752 [WARNING] services.fno_data_service: FNO NSE API /api/quote-derivative → 404
2026-05-31 00:33:50,764 [WARNING] services.fno_data_service: FNO NSE API /api/quote-derivative → 404
2026-05-31 00:33:50,813 [WARNING] services.fno_data_service: FNO NSE API /api/quote-derivative → 404
2026-05-31 00:33:50,817 [WARNING] services.fno_data_service: FNO NSE API /api/quote-derivative → 404
2026-05-31 00:33:50,849 [WARNING] services.fno_data_service: FNO NSE API /api/quote-derivative → 404
2026-05-31 00:33:50,882 [WARNING] services.fno_data_service: FNO NSE API /api/quote-derivative → 404
2026-05-31 00:33:50,907 [WARNING] services.fno_data_service: FNO NSE API /api/quote-derivative → 404
2026-05-31 00:33:50,938 [WARNING] services.fno_data_service: FNO NSE API /api/quote-derivative → 404
2026-05-31 00:33:50,946 [WARNING] services.fno_data_service: FNO NSE API /api/quote-derivative → 404
2026-05-31 00:33:50,950 [WARNING] services.fno_data_service: FNO NSE API /api/quote-derivative → 404
2026-05-31 00:33:51,003 [WARNING] services.fno_data_service: FNO NSE API /api/quote-derivative → 404
2026-05-31 00:33:51,023 [WARNING] services.fno_data_service: FNO NSE API /api/quote-derivative → 404
2026-05-31 00:33:51,071 [WARNING] services.fno_data_service: FNO NSE API /api/quote-derivative → 404
2026-05-31 00:33:51,076 [WARNING] services.fno_data_service: FNO NSE API /api/quote-derivative → 404
2026-05-31 00:33:51,141 [WARNING] services.fno_data_service: FNO NSE API /api/quote-derivative → 404
2026-05-31 00:33:51,184 [WARNING] services.fno_data_service: FNO NSE API /api/quote-derivative → 404
2026-05-31 00:33:51,206 [WARNING] services.fno_data_service: FNO NSE API /api/quote-derivative → 404
2026-05-31 00:33:51,248 [WARNING] services.fno_data_service: FNO NSE API /api/quote-derivative → 404
2026-05-31 00:33:51,251 [WARNING] services.fno_data_service: FNO NSE API /api/quote-derivative → 404
2026-05-31 00:33:51,293 [WARNING] services.fno_data_service: FNO NSE API /api/quote-derivative → 404
2026-05-31 00:33:51,322 [WARNING] services.fno_data_service: FNO NSE API /api/quote-derivative → 404
2026-05-31 00:33:51,339 [WARNING] services.fno_data_service: FNO NSE API /api/quote-derivative → 404
2026-05-31 00:33:51,412 [WARNING] services.fno_data_service: FNO NSE API /api/quote-derivative → 404
2026-05-31 00:33:51,463 [WARNING] services.fno_data_service: FNO NSE API /api/quote-derivative → 404
2026-05-31 00:33:51,479 [WARNING] services.fno_data_service: FNO NSE API /api/quote-derivative → 404
2026-05-31 00:33:51,484 [WARNING] services.fno_data_service: FNO NSE API /api/quote-derivative → 404
2026-05-31 00:33:51,535 [WARNING] services.fno_data_service: FNO NSE API /api/quote-derivative → 404
2026-05-31 00:33:51,543 [WARNING] services.fno_data_service: FNO NSE API /api/quote-derivative → 404
2026-05-31 00:33:51,567 [WARNING] services.fno_data_service: FNO NSE API /api/quote-derivative → 404
2026-05-31 00:33:51,570 [INFO] backend: GET /api/options-scanner/scan -> 200 in 2046ms
2026-05-31 00:42:09,691 [WARNING] services.fno_data_service: FNO NSE API /api/option-chain-indices → 404
2026-05-31 00:42:09,694 [INFO] services.fno_data_service: NSE option chain unavailable for NIFTY — using synthetic fallback
2026-05-31 00:42:10,044 [WARNING] services.fno_data_service: FNO NSE API /api/option-chain-indices → 404
2026-05-31 00:42:10,045 [INFO] services.fno_data_service: NSE option chain unavailable for BANKNIFTY — using synthetic fallback
2026-05-31 00:42:10,136 [INFO] backend: GET /api/options-scanner/market-context -> 200 in 2347ms
2026-05-31 00:42:10,249 [INFO] backend: Backend shutting down
2026-05-31 00:42:15,265 [INFO] backend: Stock Intelligence Platform backend v2.0.0 starting (log: C:\Users\mohan\Stock App\stock-intelligence-platform\storage\logs\backend.log)
2026-05-31 00:42:20,843 [WARNING] services.fno_data_service: FNO NSE API /api/option-chain-indices → 404
2026-05-31 00:42:20,844 [INFO] services.fno_data_service: NSE option chain unavailable for NIFTY — using synthetic fallback
2026-05-31 00:42:20,950 [WARNING] services.fno_data_service: FNO NSE API /api/option-chain-indices → 404
2026-05-31 00:42:20,950 [INFO] services.fno_data_service: NSE option chain unavailable for BANKNIFTY — using synthetic fallback
2026-05-31 00:42:21,034 [INFO] backend: GET /api/options-scanner/market-context -> 200 in 1808ms
2026-05-31 00:52:46,439 [INFO] backend: Backend shutting down
2026-05-31 00:52:52,083 [INFO] backend: Stock Intelligence Platform backend v2.0.0 starting (log: C:\Users\mohan\Stock App\stock-intelligence-platform\storage\logs\backend.log)
2026-05-31 00:53:32,974 [WARNING] services.fno_data_service: FNO NSE API /api/option-chain-indices → 404
2026-05-31 00:53:32,976 [INFO] services.fno_data_service: NSE option chain unavailable for NIFTY — using synthetic fallback
2026-05-31 00:53:33,083 [WARNING] services.fno_data_service: FNO NSE API /api/option-chain-indices → 404
2026-05-31 00:53:33,084 [INFO] services.fno_data_service: NSE option chain unavailable for BANKNIFTY — using synthetic fallback
2026-05-31 00:53:33,168 [INFO] backend: GET /api/options-scanner/market-context -> 200 in 1643ms
2026-05-31 00:53:37,348 [WARNING] services.fno_data_service: FNO NSE API /api/equity-stockIndices → 404
2026-05-31 00:53:41,975 [WARNING] services.fno_data_service: FNO NSE API /api/quote-derivative → 404
2026-05-31 00:53:42,009 [WARNING] services.fno_data_service: FNO NSE API /api/quote-derivative → 404
2026-05-31 00:53:42,027 [WARNING] services.fno_data_service: FNO NSE API /api/quote-derivative → 404
2026-05-31 00:53:42,036 [WARNING] services.fno_data_service: FNO NSE API /api/quote-derivative → 404
2026-05-31 00:53:42,048 [WARNING] services.fno_data_service: FNO NSE API /api/quote-derivative → 404
2026-05-31 00:53:42,065 [WARNING] services.fno_data_service: FNO NSE API /api/quote-derivative → 404
2026-05-31 00:53:42,075 [WARNING] services.fno_data_service: FNO NSE API /api/quote-derivative → 404
2026-05-31 00:53:42,087 [WARNING] services.fno_data_service: FNO NSE API /api/quote-derivative → 404
2026-05-31 00:53:42,114 [WARNING] services.fno_data_service: FNO NSE API /api/quote-derivative → 404
2026-05-31 00:53:42,116 [WARNING] services.fno_data_service: FNO NSE API /api/quote-derivative → 404
2026-05-31 00:53:42,163 [WARNING] services.fno_data_service: FNO NSE API /api/quote-derivative → 404
2026-05-31 00:53:42,168 [WARNING] services.fno_data_service: FNO NSE API /api/quote-derivative → 404
2026-05-31 00:53:42,171 [WARNING] services.fno_data_service: FNO NSE API /api/quote-derivative → 404
2026-05-31 00:53:42,205 [WARNING] services.fno_data_service: FNO NSE API /api/quote-derivative → 404
2026-05-31 00:53:42,223 [WARNING] services.fno_data_service: FNO NSE API /api/quote-derivative → 404
2026-05-31 00:53:42,242 [WARNING] services.fno_data_service: FNO NSE API /api/quote-derivative → 404
2026-05-31 00:53:42,262 [WARNING] services.fno_data_service: FNO NSE API /api/quote-derivative → 404
2026-05-31 00:53:42,266 [WARNING] services.fno_data_service: FNO NSE API /api/quote-derivative → 404
2026-05-31 00:53:42,288 [WARNING] services.fno_data_service: FNO NSE API /api/quote-derivative → 404
2026-05-31 00:53:42,309 [WARNING] services.fno_data_service: FNO NSE API /api/quote-derivative → 404
2026-05-31 00:53:42,325 [WARNING] services.fno_data_service: FNO NSE API /api/quote-derivative → 404
2026-05-31 00:53:42,352 [WARNING] services.fno_data_service: FNO NSE API /api/quote-derivative → 404
2026-05-31 00:53:42,362 [WARNING] services.fno_data_service: FNO NSE API /api/quote-derivative → 404
2026-05-31 00:53:42,363 [WARNING] services.fno_data_service: FNO NSE API /api/quote-derivative → 404
2026-05-31 00:53:42,401 [WARNING] services.fno_data_service: FNO NSE API /api/quote-derivative → 404
2026-05-31 00:53:42,408 [WARNING] services.fno_data_service: FNO NSE API /api/quote-derivative → 404
2026-05-31 00:53:42,413 [WARNING] services.fno_data_service: FNO NSE API /api/quote-derivative → 404
2026-05-31 00:53:42,446 [WARNING] services.fno_data_service: FNO NSE API /api/quote-derivative → 404
2026-05-31 00:53:42,455 [WARNING] services.fno_data_service: FNO NSE API /api/quote-derivative → 404
2026-05-31 00:53:42,476 [WARNING] services.fno_data_service: FNO NSE API /api/quote-derivative → 404
2026-05-31 00:53:42,496 [WARNING] services.fno_data_service: FNO NSE API /api/quote-derivative → 404
2026-05-31 00:53:42,502 [WARNING] services.fno_data_service: FNO NSE API /api/quote-derivative → 404
2026-05-31 00:53:42,528 [WARNING] services.fno_data_service: FNO NSE API /api/quote-derivative → 404
2026-05-31 00:53:42,551 [WARNING] services.fno_data_service: FNO NSE API /api/quote-derivative → 404
2026-05-31 00:53:42,577 [WARNING] services.fno_data_service: FNO NSE API /api/quote-derivative → 404
2026-05-31 00:53:42,587 [WARNING] services.fno_data_service: FNO NSE API /api/quote-derivative → 404
2026-05-31 00:53:42,630 [WARNING] services.fno_data_service: FNO NSE API /api/quote-derivative → 404
2026-05-31 00:53:42,650 [WARNING] services.fno_data_service: FNO NSE API /api/quote-derivative → 404
2026-05-31 00:53:42,664 [WARNING] services.fno_data_service: FNO NSE API /api/quote-derivative → 404
2026-05-31 00:53:42,671 [WARNING] services.fno_data_service: FNO NSE API /api/quote-derivative → 404
2026-05-31 00:53:42,705 [WARNING] services.fno_data_service: FNO NSE API /api/quote-derivative → 404
2026-05-31 00:53:42,708 [WARNING] services.fno_data_service: FNO NSE API /api/quote-derivative → 404
2026-05-31 00:53:42,714 [WARNING] services.fno_data_service: FNO NSE API /api/quote-derivative → 404
2026-05-31 00:53:42,747 [WARNING] services.fno_data_service: FNO NSE API /api/quote-derivative → 404
2026-05-31 00:53:42,757 [WARNING] services.fno_data_service: FNO NSE API /api/quote-derivative → 404
2026-05-31 00:53:42,758 [WARNING] services.fno_data_service: FNO NSE API /api/quote-derivative → 404
2026-05-31 00:53:42,805 [WARNING] services.fno_data_service: FNO NSE API /api/quote-derivative → 404
2026-05-31 00:53:42,823 [WARNING] services.fno_data_service: FNO NSE API /api/quote-derivative → 404
2026-05-31 00:53:42,846 [WARNING] services.fno_data_service: FNO NSE API /api/quote-derivative → 404
2026-05-31 00:53:42,870 [WARNING] services.fno_data_service: FNO NSE API /api/quote-derivative → 404
2026-05-31 00:53:42,879 [WARNING] services.fno_data_service: FNO NSE API /api/quote-derivative → 404
2026-05-31 00:53:42,915 [WARNING] services.fno_data_service: FNO NSE API /api/quote-derivative → 404
2026-05-31 00:53:42,945 [WARNING] services.fno_data_service: FNO NSE API /api/quote-derivative → 404
2026-05-31 00:53:42,959 [WARNING] services.fno_data_service: FNO NSE API /api/quote-derivative → 404
2026-05-31 00:53:42,984 [WARNING] services.fno_data_service: FNO NSE API /api/quote-derivative → 404
2026-05-31 00:53:42,986 [WARNING] services.fno_data_service: FNO NSE API /api/quote-derivative → 404
2026-05-31 00:53:43,032 [WARNING] services.fno_data_service: FNO NSE API /api/quote-derivative → 404
2026-05-31 00:53:43,040 [WARNING] services.fno_data_service: FNO NSE API /api/quote-derivative → 404
2026-05-31 00:53:43,052 [WARNING] services.fno_data_service: FNO NSE API /api/quote-derivative → 404
2026-05-31 00:53:43,081 [WARNING] services.fno_data_service: FNO NSE API /api/quote-derivative → 404
2026-05-31 00:53:43,087 [WARNING] services.fno_data_service: FNO NSE API /api/quote-derivative → 404
2026-05-31 00:53:43,100 [WARNING] services.fno_data_service: FNO NSE API /api/quote-derivative → 404
2026-05-31 00:53:43,129 [WARNING] services.fno_data_service: FNO NSE API /api/quote-derivative → 404
2026-05-31 00:53:43,129 [WARNING] services.fno_data_service: FNO NSE API /api/quote-derivative → 404
2026-05-31 00:53:43,141 [WARNING] services.fno_data_service: FNO NSE API /api/quote-derivative → 404
2026-05-31 00:53:43,172 [WARNING] services.fno_data_service: FNO NSE API /api/quote-derivative → 404
2026-05-31 00:53:43,179 [WARNING] services.fno_data_service: FNO NSE API /api/quote-derivative → 404
2026-05-31 00:53:43,182 [WARNING] services.fno_data_service: FNO NSE API /api/quote-derivative → 404
2026-05-31 00:53:43,187 [INFO] backend: GET /api/options-scanner/scan -> 200 in 5907ms
2026-05-31 00:53:47,087 [WARNING] services.fno_data_service: FNO NSE API /api/equity-stockIndices → 404
2026-05-31 00:53:47,123 [WARNING] services.fno_data_service: FNO NSE API /api/quote-derivative → 404
2026-05-31 00:53:47,143 [WARNING] services.fno_data_service: FNO NSE API /api/quote-derivative → 404
2026-05-31 00:53:47,147 [WARNING] services.fno_data_service: FNO NSE API /api/quote-derivative → 404
2026-05-31 00:53:47,162 [WARNING] services.fno_data_service: FNO NSE API /api/quote-derivative → 404
2026-05-31 00:53:47,191 [WARNING] services.fno_data_service: FNO NSE API /api/quote-derivative → 404
2026-05-31 00:53:47,197 [WARNING] services.fno_data_service: FNO NSE API /api/quote-derivative → 404
2026-05-31 00:53:47,204 [WARNING] services.fno_data_service: FNO NSE API /api/quote-derivative → 404
2026-05-31 00:53:47,225 [WARNING] services.fno_data_service: FNO NSE API /api/quote-derivative → 404
2026-05-31 00:53:47,231 [WARNING] services.fno_data_service: FNO NSE API /api/quote-derivative → 404
2026-05-31 00:53:47,236 [WARNING] services.fno_data_service: FNO NSE API /api/quote-derivative → 404
2026-05-31 00:53:47,264 [WARNING] services.fno_data_service: FNO NSE API /api/quote-derivative → 404
2026-05-31 00:53:47,266 [WARNING] services.fno_data_service: FNO NSE API /api/quote-derivative → 404
2026-05-31 00:53:47,268 [WARNING] services.fno_data_service: FNO NSE API /api/quote-derivative → 404
2026-05-31 00:53:47,327 [WARNING] services.fno_data_service: FNO NSE API /api/quote-derivative → 404
2026-05-31 00:53:47,328 [WARNING] services.fno_data_service: FNO NSE API /api/quote-derivative → 404
2026-05-31 00:53:47,351 [WARNING] services.fno_data_service: FNO NSE API /api/quote-derivative → 404
2026-05-31 00:53:47,371 [WARNING] services.fno_data_service: FNO NSE API /api/quote-derivative → 404
2026-05-31 00:53:47,375 [WARNING] services.fno_data_service: FNO NSE API /api/quote-derivative → 404
2026-05-31 00:53:47,388 [WARNING] services.fno_data_service: FNO NSE API /api/quote-derivative → 404
2026-05-31 00:53:47,406 [WARNING] services.fno_data_service: FNO NSE API /api/quote-derivative → 404
2026-05-31 00:53:47,416 [WARNING] services.fno_data_service: FNO NSE API /api/quote-derivative → 404
2026-05-31 00:53:47,425 [WARNING] services.fno_data_service: FNO NSE API /api/quote-derivative → 404
2026-05-31 00:53:47,439 [WARNING] services.fno_data_service: FNO NSE API /api/quote-derivative → 404
2026-05-31 00:53:47,446 [WARNING] services.fno_data_service: FNO NSE API /api/quote-derivative → 404
2026-05-31 00:53:47,454 [WARNING] services.fno_data_service: FNO NSE API /api/quote-derivative → 404
2026-05-31 00:53:47,484 [WARNING] services.fno_data_service: FNO NSE API /api/quote-derivative → 404
2026-05-31 00:53:47,489 [WARNING] services.fno_data_service: FNO NSE API /api/quote-derivative → 404
2026-05-31 00:53:47,492 [WARNING] services.fno_data_service: FNO NSE API /api/quote-derivative → 404
2026-05-31 00:53:47,522 [WARNING] services.fno_data_service: FNO NSE API /api/quote-derivative → 404
2026-05-31 00:53:47,530 [WARNING] services.fno_data_service: FNO NSE API /api/quote-derivative → 404
2026-05-31 00:53:47,540 [WARNING] services.fno_data_service: FNO NSE API /api/quote-derivative → 404
2026-05-31 00:53:47,552 [WARNING] services.fno_data_service: FNO NSE API /api/quote-derivative → 404
2026-05-31 00:53:47,577 [WARNING] services.fno_data_service: FNO NSE API /api/quote-derivative → 404
2026-05-31 00:53:47,582 [WARNING] services.fno_data_service: FNO NSE API /api/quote-derivative → 404
2026-05-31 00:53:47,584 [WARNING] services.fno_data_service: FNO NSE API /api/quote-derivative → 404
2026-05-31 00:53:47,617 [WARNING] services.fno_data_service: FNO NSE API /api/quote-derivative → 404
2026-05-31 00:53:47,631 [WARNING] services.fno_data_service: FNO NSE API /api/quote-derivative → 404
2026-05-31 00:53:47,649 [WARNING] services.fno_data_service: FNO NSE API /api/quote-derivative → 404
2026-05-31 00:53:47,660 [WARNING] services.fno_data_service: FNO NSE API /api/quote-derivative → 404
2026-05-31 00:53:47,665 [WARNING] services.fno_data_service: FNO NSE API /api/quote-derivative → 404
2026-05-31 00:53:47,679 [WARNING] services.fno_data_service: FNO NSE API /api/quote-derivative → 404
2026-05-31 00:53:47,695 [WARNING] services.fno_data_service: FNO NSE API /api/quote-derivative → 404
2026-05-31 00:53:47,697 [WARNING] services.fno_data_service: FNO NSE API /api/quote-derivative → 404
2026-05-31 00:53:47,728 [WARNING] services.fno_data_service: FNO NSE API /api/quote-derivative → 404
2026-05-31 00:53:47,733 [WARNING] services.fno_data_service: FNO NSE API /api/quote-derivative → 404
2026-05-31 00:53:47,752 [WARNING] services.fno_data_service: FNO NSE API /api/quote-derivative → 404
2026-05-31 00:53:47,788 [WARNING] services.fno_data_service: FNO NSE API /api/quote-derivative → 404
2026-05-31 00:53:47,790 [WARNING] services.fno_data_service: FNO NSE API /api/quote-derivative → 404
2026-05-31 00:53:47,791 [WARNING] services.fno_data_service: FNO NSE API /api/quote-derivative → 404
2026-05-31 00:53:47,825 [WARNING] services.fno_data_service: FNO NSE API /api/quote-derivative → 404
2026-05-31 00:53:47,828 [WARNING] services.fno_data_service: FNO NSE API /api/quote-derivative → 404
2026-05-31 00:53:47,838 [WARNING] services.fno_data_service: FNO NSE API /api/quote-derivative → 404
2026-05-31 00:53:47,859 [WARNING] services.fno_data_service: FNO NSE API /api/quote-derivative → 404
2026-05-31 00:53:47,878 [WARNING] services.fno_data_service: FNO NSE API /api/quote-derivative → 404
2026-05-31 00:53:47,883 [WARNING] services.fno_data_service: FNO NSE API /api/quote-derivative → 404
2026-05-31 00:53:47,901 [WARNING] services.fno_data_service: FNO NSE API /api/quote-derivative → 404
2026-05-31 00:53:47,908 [WARNING] services.fno_data_service: FNO NSE API /api/quote-derivative → 404
2026-05-31 00:53:47,914 [WARNING] services.fno_data_service: FNO NSE API /api/quote-derivative → 404
2026-05-31 00:53:47,935 [WARNING] services.fno_data_service: FNO NSE API /api/quote-derivative → 404
2026-05-31 00:53:47,939 [WARNING] services.fno_data_service: FNO NSE API /api/quote-derivative → 404
2026-05-31 00:53:47,946 [WARNING] services.fno_data_service: FNO NSE API /api/quote-derivative → 404
2026-05-31 00:53:47,973 [WARNING] services.fno_data_service: FNO NSE API /api/quote-derivative → 404
2026-05-31 00:53:47,988 [WARNING] services.fno_data_service: FNO NSE API /api/quote-derivative → 404
2026-05-31 00:53:47,996 [WARNING] services.fno_data_service: FNO NSE API /api/quote-derivative → 404
2026-05-31 00:53:48,000 [WARNING] services.fno_data_service: FNO NSE API /api/quote-derivative → 404
2026-05-31 00:53:48,015 [WARNING] services.fno_data_service: FNO NSE API /api/quote-derivative → 404
2026-05-31 00:53:48,022 [WARNING] services.fno_data_service: FNO NSE API /api/quote-derivative → 404
2026-05-31 00:53:48,027 [WARNING] services.fno_data_service: FNO NSE API /api/quote-derivative → 404
2026-05-31 00:53:48,031 [INFO] backend: GET /api/options-scanner/scan -> 200 in 1010ms
2026-05-31 00:53:56,891 [WARNING] services.fno_data_service: FNO NSE API /api/equity-stockIndices → 404
2026-05-31 00:53:56,940 [WARNING] services.fno_data_service: FNO NSE API /api/quote-derivative → 404
2026-05-31 00:53:56,953 [WARNING] services.fno_data_service: FNO NSE API /api/quote-derivative → 404
2026-05-31 00:53:56,983 [WARNING] services.fno_data_service: FNO NSE API /api/quote-derivative → 404
2026-05-31 00:53:56,986 [WARNING] services.fno_data_service: FNO NSE API /api/quote-derivative → 404
2026-05-31 00:53:56,996 [WARNING] services.fno_data_service: FNO NSE API /api/quote-derivative → 404
2026-05-31 00:53:57,032 [WARNING] services.fno_data_service: FNO NSE API /api/quote-derivative → 404
2026-05-31 00:53:57,057 [WARNING] services.fno_data_service: FNO NSE API /api/quote-derivative → 404
2026-05-31 00:53:57,058 [WARNING] services.fno_data_service: FNO NSE API /api/quote-derivative → 404
2026-05-31 00:53:57,080 [WARNING] services.fno_data_service: FNO NSE API /api/quote-derivative → 404
2026-05-31 00:53:57,125 [WARNING] services.fno_data_service: FNO NSE API /api/quote-derivative → 404
2026-05-31 00:53:57,146 [WARNING] services.fno_data_service: FNO NSE API /api/quote-derivative → 404
2026-05-31 00:53:57,171 [WARNING] services.fno_data_service: FNO NSE API /api/quote-derivative → 404
2026-05-31 00:53:57,212 [WARNING] services.fno_data_service: FNO NSE API /api/quote-derivative → 404
2026-05-31 00:53:57,233 [WARNING] services.fno_data_service: FNO NSE API /api/quote-derivative → 404
2026-05-31 00:53:57,276 [WARNING] services.fno_data_service: FNO NSE API /api/quote-derivative → 404
2026-05-31 00:53:57,338 [WARNING] services.fno_data_service: FNO NSE API /api/quote-derivative → 404
2026-05-31 00:53:57,366 [WARNING] services.fno_data_service: FNO NSE API /api/quote-derivative → 404
2026-05-31 00:53:57,394 [WARNING] services.fno_data_service: FNO NSE API /api/quote-derivative → 404
2026-05-31 00:53:57,425 [WARNING] services.fno_data_service: FNO NSE API /api/quote-derivative → 404
2026-05-31 00:53:57,430 [WARNING] services.fno_data_service: FNO NSE API /api/quote-derivative → 404
2026-05-31 00:53:57,476 [WARNING] services.fno_data_service: FNO NSE API /api/quote-derivative → 404
2026-05-31 00:53:57,487 [WARNING] services.fno_data_service: FNO NSE API /api/quote-derivative → 404
2026-05-31 00:53:57,500 [WARNING] services.fno_data_service: FNO NSE API /api/quote-derivative → 404
2026-05-31 00:53:57,538 [WARNING] services.fno_data_service: FNO NSE API /api/quote-derivative → 404
2026-05-31 00:53:57,570 [WARNING] services.fno_data_service: FNO NSE API /api/quote-derivative → 404
2026-05-31 00:53:57,579 [WARNING] services.fno_data_service: FNO NSE API /api/quote-derivative → 404
2026-05-31 00:53:57,630 [WARNING] services.fno_data_service: FNO NSE API /api/quote-derivative → 404
2026-05-31 00:53:57,657 [WARNING] services.fno_data_service: FNO NSE API /api/quote-derivative → 404
2026-05-31 00:53:57,671 [WARNING] services.fno_data_service: FNO NSE API /api/quote-derivative → 404
2026-05-31 00:53:57,750 [WARNING] services.fno_data_service: FNO NSE API /api/quote-derivative → 404
2026-05-31 00:53:57,752 [WARNING] services.fno_data_service: FNO NSE API /api/quote-derivative → 404
2026-05-31 00:53:57,774 [WARNING] services.fno_data_service: FNO NSE API /api/quote-derivative → 404
2026-05-31 00:53:57,806 [WARNING] services.fno_data_service: FNO NSE API /api/quote-derivative → 404
2026-05-31 00:53:57,825 [WARNING] services.fno_data_service: FNO NSE API /api/quote-derivative → 404
2026-05-31 00:53:57,834 [WARNING] services.fno_data_service: FNO NSE API /api/quote-derivative → 404
2026-05-31 00:53:57,872 [WARNING] services.fno_data_service: FNO NSE API /api/quote-derivative → 404
2026-05-31 00:53:57,883 [WARNING] services.fno_data_service: FNO NSE API /api/quote-derivative → 404
2026-05-31 00:53:57,933 [WARNING] services.fno_data_service: FNO NSE API /api/quote-derivative → 404
2026-05-31 00:53:57,941 [WARNING] services.fno_data_service: FNO NSE API /api/quote-derivative → 404
2026-05-31 00:53:57,943 [WARNING] services.fno_data_service: FNO NSE API /api/quote-derivative → 404
2026-05-31 00:53:57,981 [WARNING] services.fno_data_service: FNO NSE API /api/quote-derivative → 404
2026-05-31 00:53:57,999 [WARNING] services.fno_data_service: FNO NSE API /api/quote-derivative → 404
2026-05-31 00:53:58,001 [WARNING] services.fno_data_service: FNO NSE API /api/quote-derivative → 404
2026-05-31 00:53:58,044 [WARNING] services.fno_data_service: FNO NSE API /api/quote-derivative → 404
2026-05-31 00:53:58,054 [WARNING] services.fno_data_service: FNO NSE API /api/quote-derivative → 404
2026-05-31 00:53:58,069 [WARNING] services.fno_data_service: FNO NSE API /api/quote-derivative → 404
2026-05-31 00:53:58,102 [WARNING] services.fno_data_service: FNO NSE API /api/quote-derivative → 404
2026-05-31 00:53:58,141 [WARNING] services.fno_data_service: FNO NSE API /api/quote-derivative → 404
2026-05-31 00:53:58,147 [WARNING] services.fno_data_service: FNO NSE API /api/quote-derivative → 404
2026-05-31 00:53:58,152 [WARNING] services.fno_data_service: FNO NSE API /api/quote-derivative → 404
2026-05-31 00:53:58,197 [WARNING] services.fno_data_service: FNO NSE API /api/quote-derivative → 404
2026-05-31 00:53:58,221 [WARNING] services.fno_data_service: FNO NSE API /api/quote-derivative → 404
2026-05-31 00:53:58,231 [WARNING] services.fno_data_service: FNO NSE API /api/quote-derivative → 404
2026-05-31 00:53:58,262 [WARNING] services.fno_data_service: FNO NSE API /api/quote-derivative → 404
2026-05-31 00:53:58,268 [WARNING] services.fno_data_service: FNO NSE API /api/quote-derivative → 404
2026-05-31 00:53:58,307 [WARNING] services.fno_data_service: FNO NSE API /api/quote-derivative → 404
2026-05-31 00:53:58,309 [WARNING] services.fno_data_service: FNO NSE API /api/quote-derivative → 404
2026-05-31 00:53:58,317 [WARNING] services.fno_data_service: FNO NSE API /api/quote-derivative → 404
2026-05-31 00:53:58,355 [WARNING] services.fno_data_service: FNO NSE API /api/quote-derivative → 404
2026-05-31 00:53:58,362 [WARNING] services.fno_data_service: FNO NSE API /api/quote-derivative → 404
2026-05-31 00:53:58,378 [WARNING] services.fno_data_service: FNO NSE API /api/quote-derivative → 404
2026-05-31 00:53:58,409 [WARNING] services.fno_data_service: FNO NSE API /api/quote-derivative → 404
2026-05-31 00:53:58,419 [WARNING] services.fno_data_service: FNO NSE API /api/quote-derivative → 404
2026-05-31 00:53:58,427 [WARNING] services.fno_data_service: FNO NSE API /api/quote-derivative → 404
2026-05-31 00:53:58,464 [WARNING] services.fno_data_service: FNO NSE API /api/quote-derivative → 404
2026-05-31 00:53:58,476 [WARNING] services.fno_data_service: FNO NSE API /api/quote-derivative → 404
2026-05-31 00:53:58,478 [WARNING] services.fno_data_service: FNO NSE API /api/quote-derivative → 404
2026-05-31 00:53:58,545 [WARNING] services.fno_data_service: FNO NSE API /api/quote-derivative → 404
2026-05-31 00:53:58,549 [INFO] backend: GET /api/options-scanner/scan -> 200 in 1748ms
2026-05-31 00:54:09,758 [WARNING] services.fno_data_service: FNO NSE API /api/quote-derivative?symbol=BANKNIFTY → 404
2026-05-31 00:54:09,784 [WARNING] services.fno_data_service: FNO NSE API /api/quote-derivative?symbol=NIFTY → 404
2026-05-31 00:54:09,827 [WARNING] services.fno_data_service: FNO NSE API /api/quote-derivative?symbol=MIDCPNIFTY → 404
2026-05-31 00:54:09,834 [WARNING] services.fno_data_service: FNO NSE API /api/quote-derivative?symbol=FINNIFTY → 404
2026-05-31 00:54:09,871 [WARNING] services.fno_data_service: FNO NSE API /api/option-chain-indices → 404
2026-05-31 00:54:09,872 [INFO] services.fno_data_service: NSE option chain unavailable for BANKNIFTY — using synthetic fallback
2026-05-31 00:54:09,892 [WARNING] services.fno_data_service: FNO NSE API /api/option-chain-indices → 404
2026-05-31 00:54:09,892 [INFO] services.fno_data_service: NSE option chain unavailable for NIFTY — using synthetic fallback
2026-05-31 00:54:09,901 [WARNING] services.fno_data_service: FNO NSE API /api/option-chain-indices → 404
2026-05-31 00:54:09,902 [INFO] services.fno_data_service: NSE option chain unavailable for FINNIFTY — using synthetic fallback
2026-05-31 00:54:25,867 [WARNING] services.fno_data_service: FNO NSE API /api/option-chain-indices → 404
2026-05-31 00:54:25,868 [INFO] services.fno_data_service: NSE option chain unavailable for NIFTY — using synthetic fallback
2026-05-31 00:54:25,974 [WARNING] services.fno_data_service: FNO NSE API /api/option-chain-indices → 404
2026-05-31 00:54:25,975 [INFO] services.fno_data_service: NSE option chain unavailable for BANKNIFTY — using synthetic fallback
2026-05-31 00:54:26,212 [WARNING] services.fno_data_service: FNO NSE API /api/option-chain-indices → 404
2026-05-31 00:54:26,212 [INFO] services.fno_data_service: NSE option chain unavailable for NIFTY — using synthetic fallback
2026-05-31 00:54:26,371 [WARNING] services.fno_data_service: FNO NSE API /api/option-chain-indices → 404
2026-05-31 00:54:26,372 [INFO] services.fno_data_service: NSE option chain unavailable for BANKNIFTY — using synthetic fallback
2026-06-02 21:21:46,554 [INFO] backend: Stock Intelligence Platform backend v2.0.0 starting (log: C:\Users\mohan\Stock App\stock-intelligence-platform\storage\logs\backend.log)
2026-06-02 21:22:25,497 [WARNING] services.nse_service: NSE API /api/equity-stockIndices → 404
2026-06-02 21:22:25,567 [WARNING] services.nse_service: NSE API /api/equity-stockIndices → 404
2026-06-02 21:22:25,637 [WARNING] services.nse_service: NSE API /api/equity-stockIndices → 404
2026-06-02 21:22:25,701 [WARNING] services.nse_service: NSE API /api/equity-stockIndices → 404
2026-06-02 21:22:25,752 [WARNING] services.nse_service: NSE API /api/equity-stockIndices → 404
2026-06-02 21:22:25,793 [WARNING] services.nse_service: NSE API /api/equity-stockIndices → 404
2026-06-02 21:23:38,927 [WARNING] services.market_data_service: OHLCV history failed for DUMMYVEDL2: 404 Client Error: Not Found for url: https://query1.finance.yahoo.com/v8/finance/chart/DUMMYVEDL2.NS?interval=1d&range=1y&includeAdjustedClose=true
2026-06-02 21:23:38,958 [WARNING] services.market_data_service: OHLCV history failed for DUMMYVEDL1: 404 Client Error: Not Found for url: https://query1.finance.yahoo.com/v8/finance/chart/DUMMYVEDL1.NS?interval=1d&range=1y&includeAdjustedClose=true
2026-06-02 21:23:39,031 [WARNING] services.market_data_service: OHLCV history failed for DUMMYVEDL3: 404 Client Error: Not Found for url: https://query1.finance.yahoo.com/v8/finance/chart/DUMMYVEDL3.NS?interval=1d&range=1y&includeAdjustedClose=true
2026-06-02 21:23:39,439 [WARNING] services.market_data_service: OHLCV history failed for DUMMYVEDL4: 404 Client Error: Not Found for url: https://query1.finance.yahoo.com/v8/finance/chart/DUMMYVEDL4.NS?interval=1d&range=1y&includeAdjustedClose=true
2026-06-02 21:23:39,595 [WARNING] services.market_data_service: OHLCV history failed for DUMMYVEDL1: 404 Client Error: Not Found for url: https://query1.finance.yahoo.com/v8/finance/chart/DUMMYVEDL1.NS?interval=1wk&range=5y&includeAdjustedClose=true
2026-06-02 21:23:39,810 [WARNING] services.market_data_service: OHLCV history failed for DUMMYVEDL3: 404 Client Error: Not Found for url: https://query1.finance.yahoo.com/v8/finance/chart/DUMMYVEDL3.NS?interval=1wk&range=5y&includeAdjustedClose=true
2026-06-02 21:23:39,938 [WARNING] services.market_data_service: OHLCV history failed for DUMMYVEDL2: 404 Client Error: Not Found for url: https://query1.finance.yahoo.com/v8/finance/chart/DUMMYVEDL2.NS?interval=1wk&range=5y&includeAdjustedClose=true
2026-06-02 21:23:40,185 [WARNING] services.market_data_service: OHLCV history failed for DUMMYVEDL4: 404 Client Error: Not Found for url: https://query1.finance.yahoo.com/v8/finance/chart/DUMMYVEDL4.NS?interval=1wk&range=5y&includeAdjustedClose=true
2026-06-02 21:23:40,298 [WARNING] services.market_data_service: OHLCV history failed for DUMMYVEDL1: 404 Client Error: Not Found for url: https://query1.finance.yahoo.com/v8/finance/chart/DUMMYVEDL1.NS?interval=1mo&range=max&includeAdjustedClose=true
2026-06-02 21:23:40,342 [WARNING] services.market_data_service: OHLCV history failed for DUMMYVEDL3: 404 Client Error: Not Found for url: https://query1.finance.yahoo.com/v8/finance/chart/DUMMYVEDL3.NS?interval=1mo&range=max&includeAdjustedClose=true
2026-06-02 21:23:40,619 [WARNING] services.market_data_service: OHLCV history failed for DUMMYVEDL2: 404 Client Error: Not Found for url: https://query1.finance.yahoo.com/v8/finance/chart/DUMMYVEDL2.NS?interval=1mo&range=max&includeAdjustedClose=true
2026-06-02 21:23:40,953 [WARNING] services.market_data_service: OHLCV history failed for DUMMYVEDL4: 404 Client Error: Not Found for url: https://query1.finance.yahoo.com/v8/finance/chart/DUMMYVEDL4.NS?interval=1mo&range=max&includeAdjustedClose=true
2026-06-03 22:36:16,370 [WARNING] services.us_universe_sync: S&P 500 Wikipedia fetch failed: HTTPSConnectionPool(host='en.wikipedia.org', port=443): Max retries exceeded with url: /wiki/List_of_S%26P_500_companies (Caused by NameResolutionError("<urllib3.connection.HTTPSConnection object at 0x000002191F246DB0>: Failed to resolve 'en.wikipedia.org' ([Errno 11001] getaddrinfo failed)")). Using fallback.
2026-06-03 22:36:16,445 [WARNING] services.market_data_service: OHLCV history failed for AAPL: HTTPSConnectionPool(host='query1.finance.yahoo.com', port=443): Max retries exceeded with url: /v8/finance/chart/AAPL?interval=1d&range=1y&includeAdjustedClose=true (Caused by NameResolutionError("<urllib3.connection.HTTPSConnection object at 0x000002191F30DDC0>: Failed to resolve 'query1.finance.yahoo.com' ([Errno 11001] getaddrinfo failed)"))
2026-06-03 22:36:16,459 [WARNING] services.market_data_service: OHLCV history failed for NVDA: HTTPSConnectionPool(host='query1.finance.yahoo.com', port=443): Max retries exceeded with url: /v8/finance/chart/NVDA?interval=1d&range=1y&includeAdjustedClose=true (Caused by NameResolutionError("<urllib3.connection.HTTPSConnection object at 0x000002191F30F9B0>: Failed to resolve 'query1.finance.yahoo.com' ([Errno 11001] getaddrinfo failed)"))
2026-06-03 22:36:16,464 [WARNING] services.market_data_service: OHLCV history failed for META: HTTPSConnectionPool(host='query1.finance.yahoo.com', port=443): Max retries exceeded with url: /v8/finance/chart/META?interval=1d&range=1y&includeAdjustedClose=true (Caused by NameResolutionError("<urllib3.connection.HTTPSConnection object at 0x000002191F30D430>: Failed to resolve 'query1.finance.yahoo.com' ([Errno 11001] getaddrinfo failed)"))
2026-06-03 22:36:16,465 [WARNING] services.market_data_service: OHLCV history failed for MSFT: HTTPSConnectionPool(host='query1.finance.yahoo.com', port=443): Max retries exceeded with url: /v8/finance/chart/MSFT?interval=1d&range=1y&includeAdjustedClose=true (Caused by NameResolutionError("<urllib3.connection.HTTPSConnection object at 0x000002191F30EE40>: Failed to resolve 'query1.finance.yahoo.com' ([Errno 11001] getaddrinfo failed)"))
2026-06-03 22:36:16,468 [WARNING] services.market_data_service: OHLCV history failed for AMZN: HTTPSConnectionPool(host='query1.finance.yahoo.com', port=443): Max retries exceeded with url: /v8/finance/chart/AMZN?interval=1d&range=1y&includeAdjustedClose=true (Caused by NameResolutionError("<urllib3.connection.HTTPSConnection object at 0x000002191F30F800>: Failed to resolve 'query1.finance.yahoo.com' ([Errno 11001] getaddrinfo failed)"))
2026-06-03 22:36:16,470 [WARNING] services.market_data_service: OHLCV history failed for GOOGL: HTTPSConnectionPool(host='query1.finance.yahoo.com', port=443): Max retries exceeded with url: /v8/finance/chart/GOOGL?interval=1d&range=1y&includeAdjustedClose=true (Caused by NameResolutionError("<urllib3.connection.HTTPSConnection object at 0x000002191F31A1E0>: Failed to resolve 'query1.finance.yahoo.com' ([Errno 11001] getaddrinfo failed)"))
2026-06-03 22:36:16,484 [WARNING] services.market_data_service: OHLCV history failed for LLY: HTTPSConnectionPool(host='query1.finance.yahoo.com', port=443): Max retries exceeded with url: /v8/finance/chart/LLY?interval=1d&range=1y&includeAdjustedClose=true (Caused by NameResolutionError("<urllib3.connection.HTTPSConnection object at 0x000002191F3188C0>: Failed to resolve 'query1.finance.yahoo.com' ([Errno 11001] getaddrinfo failed)"))
2026-06-03 22:36:16,486 [WARNING] services.market_data_service: OHLCV history failed for GOOG: HTTPSConnectionPool(host='query1.finance.yahoo.com', port=443): Max retries exceeded with url: /v8/finance/chart/GOOG?interval=1d&range=1y&includeAdjustedClose=true (Caused by NameResolutionError("<urllib3.connection.HTTPSConnection object at 0x000002191F3199D0>: Failed to resolve 'query1.finance.yahoo.com' ([Errno 11001] getaddrinfo failed)"))
2026-06-03 22:36:16,497 [WARNING] services.market_data_service: OHLCV history failed for UNH: HTTPSConnectionPool(host='query1.finance.yahoo.com', port=443): Max retries exceeded with url: /v8/finance/chart/UNH?interval=1d&range=1y&includeAdjustedClose=true (Caused by NameResolutionError("<urllib3.connection.HTTPSConnection object at 0x000002191F67A660>: Failed to resolve 'query1.finance.yahoo.com' ([Errno 11001] getaddrinfo failed)"))
2026-06-03 22:36:16,498 [WARNING] services.market_data_service: OHLCV history failed for TSLA: HTTPSConnectionPool(host='query1.finance.yahoo.com', port=443): Max retries exceeded with url: /v8/finance/chart/TSLA?interval=1d&range=1y&includeAdjustedClose=true (Caused by NameResolutionError("<urllib3.connection.HTTPSConnection object at 0x000002191F67B830>: Failed to resolve 'query1.finance.yahoo.com' ([Errno 11001] getaddrinfo failed)"))
2026-06-03 22:36:16,501 [WARNING] services.market_data_service: OHLCV history failed for BRK-B: HTTPSConnectionPool(host='query1.finance.yahoo.com', port=443): Max retries exceeded with url: /v8/finance/chart/BRK-B?interval=1d&range=1y&includeAdjustedClose=true (Caused by NameResolutionError("<urllib3.connection.HTTPSConnection object at 0x000002191F67BE00>: Failed to resolve 'query1.finance.yahoo.com' ([Errno 11001] getaddrinfo failed)"))
2026-06-03 22:36:16,505 [WARNING] services.market_data_service: OHLCV history failed for JPM: HTTPSConnectionPool(host='query1.finance.yahoo.com', port=443): Max retries exceeded with url: /v8/finance/chart/JPM?interval=1d&range=1y&includeAdjustedClose=true (Caused by NameResolutionError("<urllib3.connection.HTTPSConnection object at 0x000002191F679220>: Failed to resolve 'query1.finance.yahoo.com' ([Errno 11001] getaddrinfo failed)"))
2026-06-03 22:36:16,510 [WARNING] services.market_data_service: OHLCV history failed for XOM: HTTPSConnectionPool(host='query1.finance.yahoo.com', port=443): Max retries exceeded with url: /v8/finance/chart/XOM?interval=1d&range=1y&includeAdjustedClose=true (Caused by NameResolutionError("<urllib3.connection.HTTPSConnection object at 0x000002191F67B590>: Failed to resolve 'query1.finance.yahoo.com' ([Errno 11001] getaddrinfo failed)"))
2026-06-03 22:36:16,523 [WARNING] services.market_data_service: OHLCV history failed for V: HTTPSConnectionPool(host='query1.finance.yahoo.com', port=443): Max retries exceeded with url: /v8/finance/chart/V?interval=1d&range=1y&includeAdjustedClose=true (Caused by NameResolutionError("<urllib3.connection.HTTPSConnection object at 0x000002191F73CE60>: Failed to resolve 'query1.finance.yahoo.com' ([Errno 11001] getaddrinfo failed)"))
2026-06-03 22:36:16,523 [WARNING] services.market_data_service: OHLCV history failed for COST: HTTPSConnectionPool(host='query1.finance.yahoo.com', port=443): Max retries exceeded with url: /v8/finance/chart/COST?interval=1d&range=1y&includeAdjustedClose=true (Caused by NameResolutionError("<urllib3.connection.HTTPSConnection object at 0x000002191F259790>: Failed to resolve 'query1.finance.yahoo.com' ([Errno 11001] getaddrinfo failed)"))
2026-06-03 22:36:16,526 [WARNING] services.market_data_service: OHLCV history failed for AVGO: HTTPSConnectionPool(host='query1.finance.yahoo.com', port=443): Max retries exceeded with url: /v8/finance/chart/AVGO?interval=1d&range=1y&includeAdjustedClose=true (Caused by NameResolutionError("<urllib3.connection.HTTPSConnection object at 0x000002191F73D730>: Failed to resolve 'query1.finance.yahoo.com' ([Errno 11001] getaddrinfo failed)"))
2026-06-03 22:36:16,527 [WARNING] services.market_data_service: OHLCV history failed for MA: HTTPSConnectionPool(host='query1.finance.yahoo.com', port=443): Max retries exceeded with url: /v8/finance/chart/MA?interval=1d&range=1y&includeAdjustedClose=true (Caused by NameResolutionError("<urllib3.connection.HTTPSConnection object at 0x000002191F73EB10>: Failed to resolve 'query1.finance.yahoo.com' ([Errno 11001] getaddrinfo failed)"))
2026-06-03 22:36:16,527 [WARNING] services.market_data_service: OHLCV history failed for JNJ: HTTPSConnectionPool(host='query1.finance.yahoo.com', port=443): Max retries exceeded with url: /v8/finance/chart/JNJ?interval=1d&range=1y&includeAdjustedClose=true (Caused by NameResolutionError("<urllib3.connection.HTTPSConnection object at 0x000002191F689130>: Failed to resolve 'query1.finance.yahoo.com' ([Errno 11001] getaddrinfo failed)"))
2026-06-03 22:36:16,528 [WARNING] services.market_data_service: OHLCV history failed for MRK: HTTPSConnectionPool(host='query1.finance.yahoo.com', port=443): Max retries exceeded with url: /v8/finance/chart/MRK?interval=1d&range=1y&includeAdjustedClose=true (Caused by NameResolutionError("<urllib3.connection.HTTPSConnection object at 0x000002191F73F6B0>: Failed to resolve 'query1.finance.yahoo.com' ([Errno 11001] getaddrinfo failed)"))
2026-06-03 22:36:16,534 [WARNING] services.market_data_service: OHLCV history failed for HD: HTTPSConnectionPool(host='query1.finance.yahoo.com', port=443): Max retries exceeded with url: /v8/finance/chart/HD?interval=1d&range=1y&includeAdjustedClose=true (Caused by NameResolutionError("<urllib3.connection.HTTPSConnection object at 0x000002191F689190>: Failed to resolve 'query1.finance.yahoo.com' ([Errno 11001] getaddrinfo failed)"))
2026-06-03 22:36:16,535 [WARNING] services.market_data_service: OHLCV history failed for PG: HTTPSConnectionPool(host='query1.finance.yahoo.com', port=443): Max retries exceeded with url: /v8/finance/chart/PG?interval=1d&range=1y&includeAdjustedClose=true (Caused by NameResolutionError("<urllib3.connection.HTTPSConnection object at 0x000002191F6894C0>: Failed to resolve 'query1.finance.yahoo.com' ([Errno 11001] getaddrinfo failed)"))
2026-06-03 22:36:16,541 [WARNING] services.market_data_service: OHLCV history failed for ORCL: HTTPSConnectionPool(host='query1.finance.yahoo.com', port=443): Max retries exceeded with url: /v8/finance/chart/ORCL?interval=1d&range=1y&includeAdjustedClose=true (Caused by NameResolutionError("<urllib3.connection.HTTPSConnection object at 0x000002191F68A810>: Failed to resolve 'query1.finance.yahoo.com' ([Errno 11001] getaddrinfo failed)"))
2026-06-03 22:36:16,545 [WARNING] services.market_data_service: OHLCV history failed for CVX: HTTPSConnectionPool(host='query1.finance.yahoo.com', port=443): Max retries exceeded with url: /v8/finance/chart/CVX?interval=1d&range=1y&includeAdjustedClose=true (Caused by NameResolutionError("<urllib3.connection.HTTPSConnection object at 0x000002191F68B8C0>: Failed to resolve 'query1.finance.yahoo.com' ([Errno 11001] getaddrinfo failed)"))
2026-06-03 22:36:16,550 [WARNING] services.market_data_service: OHLCV history failed for ABBV: HTTPSConnectionPool(host='query1.finance.yahoo.com', port=443): Max retries exceeded with url: /v8/finance/chart/ABBV?interval=1d&range=1y&includeAdjustedClose=true (Caused by NameResolutionError("<urllib3.connection.HTTPSConnection object at 0x000002191F273650>: Failed to resolve 'query1.finance.yahoo.com' ([Errno 11001] getaddrinfo failed)"))
2026-06-03 22:36:16,561 [WARNING] services.market_data_service: OHLCV history failed for AAPL: HTTPSConnectionPool(host='query1.finance.yahoo.com', port=443): Max retries exceeded with url: /v8/finance/chart/AAPL?interval=1wk&range=5y&includeAdjustedClose=true (Caused by NameResolutionError("<urllib3.connection.HTTPSConnection object at 0x000002191F67B830>: Failed to resolve 'query1.finance.yahoo.com' ([Errno 11001] getaddrinfo failed)"))
2026-06-03 22:36:16,568 [WARNING] services.market_data_service: OHLCV history failed for NVDA: HTTPSConnectionPool(host='query1.finance.yahoo.com', port=443): Max retries exceeded with url: /v8/finance/chart/NVDA?interval=1wk&range=5y&includeAdjustedClose=true (Caused by NameResolutionError("<urllib3.connection.HTTPSConnection object at 0x000002191F31A3C0>: Failed to resolve 'query1.finance.yahoo.com' ([Errno 11001] getaddrinfo failed)"))
2026-06-03 22:36:16,572 [WARNING] services.market_data_service: OHLCV history failed for MSFT: HTTPSConnectionPool(host='query1.finance.yahoo.com', port=443): Max retries exceeded with url: /v8/finance/chart/MSFT?interval=1wk&range=5y&includeAdjustedClose=true (Caused by NameResolutionError("<urllib3.connection.HTTPSConnection object at 0x000002191F31AA50>: Failed to resolve 'query1.finance.yahoo.com' ([Errno 11001] getaddrinfo failed)"))
2026-06-03 22:36:16,573 [WARNING] services.market_data_service: OHLCV history failed for GOOGL: HTTPSConnectionPool(host='query1.finance.yahoo.com', port=443): Max retries exceeded with url: /v8/finance/chart/GOOGL?interval=1wk&range=5y&includeAdjustedClose=true (Caused by NameResolutionError("<urllib3.connection.HTTPSConnection object at 0x000002191F30CE30>: Failed to resolve 'query1.finance.yahoo.com' ([Errno 11001] getaddrinfo failed)"))
2026-06-03 22:36:16,574 [WARNING] services.market_data_service: OHLCV history failed for META: HTTPSConnectionPool(host='query1.finance.yahoo.com', port=443): Max retries exceeded with url: /v8/finance/chart/META?interval=1wk&range=5y&includeAdjustedClose=true (Caused by NameResolutionError("<urllib3.connection.HTTPSConnection object at 0x000002191F30C320>: Failed to resolve 'query1.finance.yahoo.com' ([Errno 11001] getaddrinfo failed)"))
2026-06-03 22:36:16,575 [WARNING] services.market_data_service: OHLCV history failed for AMZN: HTTPSConnectionPool(host='query1.finance.yahoo.com', port=443): Max retries exceeded with url: /v8/finance/chart/AMZN?interval=1wk&range=5y&includeAdjustedClose=true (Caused by NameResolutionError("<urllib3.connection.HTTPSConnection object at 0x000002191F30C0E0>: Failed to resolve 'query1.finance.yahoo.com' ([Errno 11001] getaddrinfo failed)"))
2026-06-03 22:36:16,581 [WARNING] services.market_data_service: OHLCV history failed for LLY: HTTPSConnectionPool(host='query1.finance.yahoo.com', port=443): Max retries exceeded with url: /v8/finance/chart/LLY?interval=1wk&range=5y&includeAdjustedClose=true (Caused by NameResolutionError("<urllib3.connection.HTTPSConnection object at 0x000002191F30FBF0>: Failed to resolve 'query1.finance.yahoo.com' ([Errno 11001] getaddrinfo failed)"))
2026-06-03 22:36:16,587 [WARNING] services.market_data_service: OHLCV history failed for GOOG: HTTPSConnectionPool(host='query1.finance.yahoo.com', port=443): Max retries exceeded with url: /v8/finance/chart/GOOG?interval=1wk&range=5y&includeAdjustedClose=true (Caused by NameResolutionError("<urllib3.connection.HTTPSConnection object at 0x000002191F30FB30>: Failed to resolve 'query1.finance.yahoo.com' ([Errno 11001] getaddrinfo failed)"))
2026-06-03 22:36:16,587 [WARNING] services.market_data_service: OHLCV history failed for UNH: HTTPSConnectionPool(host='query1.finance.yahoo.com', port=443): Max retries exceeded with url: /v8/finance/chart/UNH?interval=1wk&range=5y&includeAdjustedClose=true (Caused by NameResolutionError("<urllib3.connection.HTTPSConnection object at 0x000002191F6C00B0>: Failed to resolve 'query1.finance.yahoo.com' ([Errno 11001] getaddrinfo failed)"))
2026-06-03 22:36:16,591 [WARNING] services.market_data_service: OHLCV history failed for TSLA: HTTPSConnectionPool(host='query1.finance.yahoo.com', port=443): Max retries exceeded with url: /v8/finance/chart/TSLA?interval=1wk&range=5y&includeAdjustedClose=true (Caused by NameResolutionError("<urllib3.connection.HTTPSConnection object at 0x000002191F2478C0>: Failed to resolve 'query1.finance.yahoo.com' ([Errno 11001] getaddrinfo failed)"))
2026-06-03 22:36:16,596 [WARNING] services.market_data_service: OHLCV history failed for BRK-B: HTTPSConnectionPool(host='query1.finance.yahoo.com', port=443): Max retries exceeded with url: /v8/finance/chart/BRK-B?interval=1wk&range=5y&includeAdjustedClose=true (Caused by NameResolutionError("<urllib3.connection.HTTPSConnection object at 0x000002191F244560>: Failed to resolve 'query1.finance.yahoo.com' ([Errno 11001] getaddrinfo failed)"))
2026-06-03 22:36:16,605 [WARNING] services.market_data_service: OHLCV history failed for JPM: HTTPSConnectionPool(host='query1.finance.yahoo.com', port=443): Max retries exceeded with url: /v8/finance/chart/JPM?interval=1wk&range=5y&includeAdjustedClose=true (Caused by NameResolutionError("<urllib3.connection.HTTPSConnection object at 0x000002191F2FF6B0>: Failed to resolve 'query1.finance.yahoo.com' ([Errno 11001] getaddrinfo failed)"))
2026-06-03 22:36:16,612 [WARNING] services.market_data_service: OHLCV history failed for XOM: HTTPSConnectionPool(host='query1.finance.yahoo.com', port=443): Max retries exceeded with url: /v8/finance/chart/XOM?interval=1wk&range=5y&includeAdjustedClose=true (Caused by NameResolutionError("<urllib3.connection.HTTPSConnection object at 0x000002191F2FEB40>: Failed to resolve 'query1.finance.yahoo.com' ([Errno 11001] getaddrinfo failed)"))
2026-06-03 22:36:16,617 [WARNING] services.market_data_service: OHLCV history failed for COST: HTTPSConnectionPool(host='query1.finance.yahoo.com', port=443): Max retries exceeded with url: /v8/finance/chart/COST?interval=1wk&range=5y&includeAdjustedClose=true (Caused by NameResolutionError("<urllib3.connection.HTTPSConnection object at 0x00000219219F9460>: Failed to resolve 'query1.finance.yahoo.com' ([Errno 11001] getaddrinfo failed)"))
2026-06-03 22:36:16,619 [WARNING] services.market_data_service: OHLCV history failed for V: HTTPSConnectionPool(host='query1.finance.yahoo.com', port=443): Max retries exceeded with url: /v8/finance/chart/V?interval=1wk&range=5y&includeAdjustedClose=true (Caused by NameResolutionError("<urllib3.connection.HTTPSConnection object at 0x00000219219FA0F0>: Failed to resolve 'query1.finance.yahoo.com' ([Errno 11001] getaddrinfo failed)"))
2026-06-03 22:36:16,626 [WARNING] services.market_data_service: OHLCV history failed for AVGO: HTTPSConnectionPool(host='query1.finance.yahoo.com', port=443): Max retries exceeded with url: /v8/finance/chart/AVGO?interval=1wk&range=5y&includeAdjustedClose=true (Caused by NameResolutionError("<urllib3.connection.HTTPSConnection object at 0x00000219219FA330>: Failed to resolve 'query1.finance.yahoo.com' ([Errno 11001] getaddrinfo failed)"))
2026-06-03 22:36:16,627 [WARNING] services.market_data_service: OHLCV history failed for MA: HTTPSConnectionPool(host='query1.finance.yahoo.com', port=443): Max retries exceeded with url: /v8/finance/chart/MA?interval=1wk&range=5y&includeAdjustedClose=true (Caused by NameResolutionError("<urllib3.connection.HTTPSConnection object at 0x00000219219F89E0>: Failed to resolve 'query1.finance.yahoo.com' ([Errno 11001] getaddrinfo failed)"))
2026-06-03 22:36:16,637 [WARNING] services.market_data_service: OHLCV history failed for HD: HTTPSConnectionPool(host='query1.finance.yahoo.com', port=443): Max retries exceeded with url: /v8/finance/chart/HD?interval=1wk&range=5y&includeAdjustedClose=true (Caused by NameResolutionError("<urllib3.connection.HTTPSConnection object at 0x000002191F9005C0>: Failed to resolve 'query1.finance.yahoo.com' ([Errno 11001] getaddrinfo failed)"))
2026-06-03 22:36:16,639 [WARNING] services.market_data_service: OHLCV history failed for JNJ: HTTPSConnectionPool(host='query1.finance.yahoo.com', port=443): Max retries exceeded with url: /v8/finance/chart/JNJ?interval=1wk&range=5y&includeAdjustedClose=true (Caused by NameResolutionError("<urllib3.connection.HTTPSConnection object at 0x00000219219FBA10>: Failed to resolve 'query1.finance.yahoo.com' ([Errno 11001] getaddrinfo failed)"))
2026-06-03 22:36:16,642 [WARNING] services.market_data_service: OHLCV history failed for ORCL: HTTPSConnectionPool(host='query1.finance.yahoo.com', port=443): Max retries exceeded with url: /v8/finance/chart/ORCL?interval=1wk&range=5y&includeAdjustedClose=true (Caused by NameResolutionError("<urllib3.connection.HTTPSConnection object at 0x000002191F902000>: Failed to resolve 'query1.finance.yahoo.com' ([Errno 11001] getaddrinfo failed)"))
2026-06-03 22:36:16,652 [WARNING] services.market_data_service: OHLCV history failed for MRK: HTTPSConnectionPool(host='query1.finance.yahoo.com', port=443): Max retries exceeded with url: /v8/finance/chart/MRK?interval=1wk&range=5y&includeAdjustedClose=true (Caused by NameResolutionError("<urllib3.connection.HTTPSConnection object at 0x000002191F900F20>: Failed to resolve 'query1.finance.yahoo.com' ([Errno 11001] getaddrinfo failed)"))
2026-06-03 22:36:16,652 [WARNING] services.market_data_service: OHLCV history failed for PG: HTTPSConnectionPool(host='query1.finance.yahoo.com', port=443): Max retries exceeded with url: /v8/finance/chart/PG?interval=1wk&range=5y&includeAdjustedClose=true (Caused by NameResolutionError("<urllib3.connection.HTTPSConnection object at 0x000002191F901A30>: Failed to resolve 'query1.finance.yahoo.com' ([Errno 11001] getaddrinfo failed)"))
2026-06-03 22:36:16,657 [WARNING] services.market_data_service: OHLCV history failed for ABBV: HTTPSConnectionPool(host='query1.finance.yahoo.com', port=443): Max retries exceeded with url: /v8/finance/chart/ABBV?interval=1wk&range=5y&includeAdjustedClose=true (Caused by NameResolutionError("<urllib3.connection.HTTPSConnection object at 0x000002191F9006B0>: Failed to resolve 'query1.finance.yahoo.com' ([Errno 11001] getaddrinfo failed)"))
2026-06-03 22:36:16,658 [WARNING] services.market_data_service: OHLCV history failed for CVX: HTTPSConnectionPool(host='query1.finance.yahoo.com', port=443): Max retries exceeded with url: /v8/finance/chart/CVX?interval=1wk&range=5y&includeAdjustedClose=true (Caused by NameResolutionError("<urllib3.connection.HTTPSConnection object at 0x000002191F903C50>: Failed to resolve 'query1.finance.yahoo.com' ([Errno 11001] getaddrinfo failed)"))
2026-06-03 22:36:16,670 [WARNING] services.market_data_service: OHLCV history failed for NVDA: HTTPSConnectionPool(host='query1.finance.yahoo.com', port=443): Max retries exceeded with url: /v8/finance/chart/NVDA?interval=1mo&range=max&includeAdjustedClose=true (Caused by NameResolutionError("<urllib3.connection.HTTPSConnection object at 0x000002191F97B050>: Failed to resolve 'query1.finance.yahoo.com' ([Errno 11001] getaddrinfo failed)"))
2026-06-03 22:36:16,670 [WARNING] services.market_data_service: OHLCV history failed for AAPL: HTTPSConnectionPool(host='query1.finance.yahoo.com', port=443): Max retries exceeded with url: /v8/finance/chart/AAPL?interval=1mo&range=max&includeAdjustedClose=true (Caused by NameResolutionError("<urllib3.connection.HTTPSConnection object at 0x000002191F97ACF0>: Failed to resolve 'query1.finance.yahoo.com' ([Errno 11001] getaddrinfo failed)"))
2026-06-03 22:36:16,675 [WARNING] services.market_data_service: OHLCV history failed for MSFT: HTTPSConnectionPool(host='query1.finance.yahoo.com', port=443): Max retries exceeded with url: /v8/finance/chart/MSFT?interval=1mo&range=max&includeAdjustedClose=true (Caused by NameResolutionError("<urllib3.connection.HTTPSConnection object at 0x000002191F978530>: Failed to resolve 'query1.finance.yahoo.com' ([Errno 11001] getaddrinfo failed)"))
2026-06-03 22:36:16,676 [WARNING] services.market_data_service: OHLCV history failed for GOOGL: HTTPSConnectionPool(host='query1.finance.yahoo.com', port=443): Max retries exceeded with url: /v8/finance/chart/GOOGL?interval=1mo&range=max&includeAdjustedClose=true (Caused by NameResolutionError("<urllib3.connection.HTTPSConnection object at 0x000002191F97B920>: Failed to resolve 'query1.finance.yahoo.com' ([Errno 11001] getaddrinfo failed)"))
2026-06-03 22:36:16,679 [WARNING] services.market_data_service: OHLCV history failed for META: HTTPSConnectionPool(host='query1.finance.yahoo.com', port=443): Max retries exceeded with url: /v8/finance/chart/META?interval=1mo&range=max&includeAdjustedClose=true (Caused by NameResolutionError("<urllib3.connection.HTTPSConnection object at 0x000002191F97BEF0>: Failed to resolve 'query1.finance.yahoo.com' ([Errno 11001] getaddrinfo failed)"))
2026-06-03 22:36:16,686 [WARNING] services.market_data_service: OHLCV history failed for AMZN: HTTPSConnectionPool(host='query1.finance.yahoo.com', port=443): Max retries exceeded with url: /v8/finance/chart/AMZN?interval=1mo&range=max&includeAdjustedClose=true (Caused by NameResolutionError("<urllib3.connection.HTTPSConnection object at 0x000002191F8F8B90>: Failed to resolve 'query1.finance.yahoo.com' ([Errno 11001] getaddrinfo failed)"))
2026-06-03 22:36:16,693 [WARNING] services.market_data_service: OHLCV history failed for LLY: HTTPSConnectionPool(host='query1.finance.yahoo.com', port=443): Max retries exceeded with url: /v8/finance/chart/LLY?interval=1mo&range=max&includeAdjustedClose=true (Caused by NameResolutionError("<urllib3.connection.HTTPSConnection object at 0x000002191F8F97C0>: Failed to resolve 'query1.finance.yahoo.com' ([Errno 11001] getaddrinfo failed)"))
2026-06-03 22:36:16,693 [WARNING] services.market_data_service: OHLCV history failed for GOOG: HTTPSConnectionPool(host='query1.finance.yahoo.com', port=443): Max retries exceeded with url: /v8/finance/chart/GOOG?interval=1mo&range=max&includeAdjustedClose=true (Caused by NameResolutionError("<urllib3.connection.HTTPSConnection object at 0x000002191F8F9BE0>: Failed to resolve 'query1.finance.yahoo.com' ([Errno 11001] getaddrinfo failed)"))
2026-06-03 22:36:16,699 [WARNING] services.market_data_service: OHLCV history failed for UNH: HTTPSConnectionPool(host='query1.finance.yahoo.com', port=443): Max retries exceeded with url: /v8/finance/chart/UNH?interval=1mo&range=max&includeAdjustedClose=true (Caused by NameResolutionError("<urllib3.connection.HTTPSConnection object at 0x000002191F8FA900>: Failed to resolve 'query1.finance.yahoo.com' ([Errno 11001] getaddrinfo failed)"))
2026-06-03 22:36:16,701 [WARNING] services.market_data_service: OHLCV history failed for TSLA: HTTPSConnectionPool(host='query1.finance.yahoo.com', port=443): Max retries exceeded with url: /v8/finance/chart/TSLA?interval=1mo&range=max&includeAdjustedClose=true (Caused by NameResolutionError("<urllib3.connection.HTTPSConnection object at 0x000002191F8FAF60>: Failed to resolve 'query1.finance.yahoo.com' ([Errno 11001] getaddrinfo failed)"))
2026-06-03 22:36:16,707 [WARNING] services.market_data_service: OHLCV history failed for JPM: HTTPSConnectionPool(host='query1.finance.yahoo.com', port=443): Max retries exceeded with url: /v8/finance/chart/JPM?interval=1mo&range=max&includeAdjustedClose=true (Caused by NameResolutionError("<urllib3.connection.HTTPSConnection object at 0x000002191F8FB7A0>: Failed to resolve 'query1.finance.yahoo.com' ([Errno 11001] getaddrinfo failed)"))
2026-06-03 22:36:16,708 [WARNING] services.market_data_service: OHLCV history failed for BRK-B: HTTPSConnectionPool(host='query1.finance.yahoo.com', port=443): Max retries exceeded with url: /v8/finance/chart/BRK-B?interval=1mo&range=max&includeAdjustedClose=true (Caused by NameResolutionError("<urllib3.connection.HTTPSConnection object at 0x000002191F8FBB30>: Failed to resolve 'query1.finance.yahoo.com' ([Errno 11001] getaddrinfo failed)"))
2026-06-03 22:36:16,717 [WARNING] services.market_data_service: OHLCV history failed for XOM: HTTPSConnectionPool(host='query1.finance.yahoo.com', port=443): Max retries exceeded with url: /v8/finance/chart/XOM?interval=1mo&range=max&includeAdjustedClose=true (Caused by NameResolutionError("<urllib3.connection.HTTPSConnection object at 0x000002191F95CE90>: Failed to resolve 'query1.finance.yahoo.com' ([Errno 11001] getaddrinfo failed)"))
2026-06-03 22:36:16,720 [WARNING] services.market_data_service: OHLCV history failed for COST: HTTPSConnectionPool(host='query1.finance.yahoo.com', port=443): Max retries exceeded with url: /v8/finance/chart/COST?interval=1mo&range=max&includeAdjustedClose=true (Caused by NameResolutionError("<urllib3.connection.HTTPSConnection object at 0x000002191F95D760>: Failed to resolve 'query1.finance.yahoo.com' ([Errno 11001] getaddrinfo failed)"))
2026-06-03 22:36:16,722 [WARNING] services.market_data_service: OHLCV history failed for V: HTTPSConnectionPool(host='query1.finance.yahoo.com', port=443): Max retries exceeded with url: /v8/finance/chart/V?interval=1mo&range=max&includeAdjustedClose=true (Caused by NameResolutionError("<urllib3.connection.HTTPSConnection object at 0x000002191F95E000>: Failed to resolve 'query1.finance.yahoo.com' ([Errno 11001] getaddrinfo failed)"))
2026-06-03 22:36:16,730 [WARNING] services.market_data_service: OHLCV history failed for AVGO: HTTPSConnectionPool(host='query1.finance.yahoo.com', port=443): Max retries exceeded with url: /v8/finance/chart/AVGO?interval=1mo&range=max&includeAdjustedClose=true (Caused by NameResolutionError("<urllib3.connection.HTTPSConnection object at 0x000002191F95EEA0>: Failed to resolve 'query1.finance.yahoo.com' ([Errno 11001] getaddrinfo failed)"))
2026-06-03 22:36:16,737 [WARNING] services.market_data_service: OHLCV history failed for MA: HTTPSConnectionPool(host='query1.finance.yahoo.com', port=443): Max retries exceeded with url: /v8/finance/chart/MA?interval=1mo&range=max&includeAdjustedClose=true (Caused by NameResolutionError("<urllib3.connection.HTTPSConnection object at 0x000002191F95F950>: Failed to resolve 'query1.finance.yahoo.com' ([Errno 11001] getaddrinfo failed)"))
2026-06-03 22:36:16,737 [WARNING] services.market_data_service: OHLCV history failed for HD: HTTPSConnectionPool(host='query1.finance.yahoo.com', port=443): Max retries exceeded with url: /v8/finance/chart/HD?interval=1mo&range=max&includeAdjustedClose=true (Caused by NameResolutionError("<urllib3.connection.HTTPSConnection object at 0x000002191F95FBC0>: Failed to resolve 'query1.finance.yahoo.com' ([Errno 11001] getaddrinfo failed)"))
2026-06-03 22:36:16,745 [WARNING] services.market_data_service: OHLCV history failed for JNJ: HTTPSConnectionPool(host='query1.finance.yahoo.com', port=443): Max retries exceeded with url: /v8/finance/chart/JNJ?interval=1mo&range=max&includeAdjustedClose=true (Caused by NameResolutionError("<urllib3.connection.HTTPSConnection object at 0x000002191F9509B0>: Failed to resolve 'query1.finance.yahoo.com' ([Errno 11001] getaddrinfo failed)"))
2026-06-03 22:36:16,807 [WARNING] services.market_data_service: OHLCV history failed for CSCO: HTTPSConnectionPool(host='query1.finance.yahoo.com', port=443): Max retries exceeded with url: /v8/finance/chart/CSCO?interval=1d&range=1y&includeAdjustedClose=true (Caused by NameResolutionError("<urllib3.connection.HTTPSConnection object at 0x0000021921AB4E00>: Failed to resolve 'query1.finance.yahoo.com' ([Errno 11001] getaddrinfo failed)"))
2026-06-03 22:36:16,758 [WARNING] services.market_data_service: OHLCV history failed for MRK: HTTPSConnectionPool(host='query1.finance.yahoo.com', port=443): Max retries exceeded with url: /v8/finance/chart/MRK?interval=1mo&range=max&includeAdjustedClose=true (Caused by NameResolutionError("<urllib3.connection.HTTPSConnection object at 0x000002191F9528A0>: Failed to resolve 'query1.finance.yahoo.com' ([Errno 11001] getaddrinfo failed)"))
2026-06-03 22:36:16,760 [WARNING] services.market_data_service: OHLCV history failed for PG: HTTPSConnectionPool(host='query1.finance.yahoo.com', port=443): Max retries exceeded with url: /v8/finance/chart/PG?interval=1mo&range=max&includeAdjustedClose=true (Caused by NameResolutionError("<urllib3.connection.HTTPSConnection object at 0x000002191F953110>: Failed to resolve 'query1.finance.yahoo.com' ([Errno 11001] getaddrinfo failed)"))
2026-06-03 22:36:16,761 [WARNING] services.market_data_service: OHLCV history failed for ABBV: HTTPSConnectionPool(host='query1.finance.yahoo.com', port=443): Max retries exceeded with url: /v8/finance/chart/ABBV?interval=1mo&range=max&includeAdjustedClose=true (Caused by NameResolutionError("<urllib3.connection.HTTPSConnection object at 0x000002191F952AE0>: Failed to resolve 'query1.finance.yahoo.com' ([Errno 11001] getaddrinfo failed)"))
2026-06-03 22:36:16,764 [WARNING] services.market_data_service: OHLCV history failed for CVX: HTTPSConnectionPool(host='query1.finance.yahoo.com', port=443): Max retries exceeded with url: /v8/finance/chart/CVX?interval=1mo&range=max&includeAdjustedClose=true (Caused by NameResolutionError("<urllib3.connection.HTTPSConnection object at 0x000002191F953FB0>: Failed to resolve 'query1.finance.yahoo.com' ([Errno 11001] getaddrinfo failed)"))
2026-06-03 22:36:16,780 [WARNING] services.market_data_service: OHLCV history failed for BAC: HTTPSConnectionPool(host='query1.finance.yahoo.com', port=443): Max retries exceeded with url: /v8/finance/chart/BAC?interval=1d&range=1y&includeAdjustedClose=true (Caused by NameResolutionError("<urllib3.connection.HTTPSConnection object at 0x000002191F8F4B00>: Failed to resolve 'query1.finance.yahoo.com' ([Errno 11001] getaddrinfo failed)"))
2026-06-03 22:36:16,781 [WARNING] services.market_data_service: OHLCV history failed for CRM: HTTPSConnectionPool(host='query1.finance.yahoo.com', port=443): Max retries exceeded with url: /v8/finance/chart/CRM?interval=1d&range=1y&includeAdjustedClose=true (Caused by NameResolutionError("<urllib3.connection.HTTPSConnection object at 0x000002191F8F55E0>: Failed to resolve 'query1.finance.yahoo.com' ([Errno 11001] getaddrinfo failed)"))
2026-06-03 22:36:16,790 [WARNING] services.market_data_service: OHLCV history failed for NFLX: HTTPSConnectionPool(host='query1.finance.yahoo.com', port=443): Max retries exceeded with url: /v8/finance/chart/NFLX?interval=1d&range=1y&includeAdjustedClose=true (Caused by NameResolutionError("<urllib3.connection.HTTPSConnection object at 0x000002191F8F5A30>: Failed to resolve 'query1.finance.yahoo.com' ([Errno 11001] getaddrinfo failed)"))
2026-06-03 22:36:16,792 [WARNING] services.market_data_service: OHLCV history failed for ADBE: HTTPSConnectionPool(host='query1.finance.yahoo.com', port=443): Max retries exceeded with url: /v8/finance/chart/ADBE?interval=1d&range=1y&includeAdjustedClose=true (Caused by NameResolutionError("<urllib3.connection.HTTPSConnection object at 0x000002191F8F6690>: Failed to resolve 'query1.finance.yahoo.com' ([Errno 11001] getaddrinfo failed)"))
2026-06-03 22:36:16,798 [WARNING] services.market_data_service: OHLCV history failed for TMO: HTTPSConnectionPool(host='query1.finance.yahoo.com', port=443): Max retries exceeded with url: /v8/finance/chart/TMO?interval=1d&range=1y&includeAdjustedClose=true (Caused by NameResolutionError("<urllib3.connection.HTTPSConnection object at 0x000002191F8F78C0>: Failed to resolve 'query1.finance.yahoo.com' ([Errno 11001] getaddrinfo failed)"))
2026-06-03 22:36:16,803 [WARNING] services.market_data_service: OHLCV history failed for AMD: HTTPSConnectionPool(host='query1.finance.yahoo.com', port=443): Max retries exceeded with url: /v8/finance/chart/AMD?interval=1d&range=1y&includeAdjustedClose=true (Caused by NameResolutionError("<urllib3.connection.HTTPSConnection object at 0x000002191F8F7AD0>: Failed to resolve 'query1.finance.yahoo.com' ([Errno 11001] getaddrinfo failed)"))
2026-06-03 22:36:16,805 [WARNING] services.market_data_service: OHLCV history failed for PEP: HTTPSConnectionPool(host='query1.finance.yahoo.com', port=443): Max retries exceeded with url: /v8/finance/chart/PEP?interval=1d&range=1y&includeAdjustedClose=true (Caused by NameResolutionError("<urllib3.connection.HTTPSConnection object at 0x0000021921AB49E0>: Failed to resolve 'query1.finance.yahoo.com' ([Errno 11001] getaddrinfo failed)"))
2026-06-03 22:36:16,749 [WARNING] services.market_data_service: OHLCV history failed for ORCL: HTTPSConnectionPool(host='query1.finance.yahoo.com', port=443): Max retries exceeded with url: /v8/finance/chart/ORCL?interval=1mo&range=max&includeAdjustedClose=true (Caused by NameResolutionError("<urllib3.connection.HTTPSConnection object at 0x000002191F9512B0>: Failed to resolve 'query1.finance.yahoo.com' ([Errno 11001] getaddrinfo failed)"))
2026-06-03 22:36:16,812 [WARNING] services.market_data_service: OHLCV history failed for WMT: HTTPSConnectionPool(host='query1.finance.yahoo.com', port=443): Max retries exceeded with url: /v8/finance/chart/WMT?interval=1d&range=1y&includeAdjustedClose=true (Caused by NameResolutionError("<urllib3.connection.HTTPSConnection object at 0x0000021921AB5640>: Failed to resolve 'query1.finance.yahoo.com' ([Errno 11001] getaddrinfo failed)"))
2026-06-03 22:36:16,825 [WARNING] services.market_data_service: OHLCV history failed for ABT: HTTPSConnectionPool(host='query1.finance.yahoo.com', port=443): Max retries exceeded with url: /v8/finance/chart/ABT?interval=1d&range=1y&includeAdjustedClose=true (Caused by NameResolutionError("<urllib3.connection.HTTPSConnection object at 0x0000021921AB6BD0>: Failed to resolve 'query1.finance.yahoo.com' ([Errno 11001] getaddrinfo failed)"))
2026-06-03 22:36:16,828 [WARNING] services.market_data_service: OHLCV history failed for KO: HTTPSConnectionPool(host='query1.finance.yahoo.com', port=443): Max retries exceeded with url: /v8/finance/chart/KO?interval=1d&range=1y&includeAdjustedClose=true (Caused by NameResolutionError("<urllib3.connection.HTTPSConnection object at 0x0000021921AB6F90>: Failed to resolve 'query1.finance.yahoo.com' ([Errno 11001] getaddrinfo failed)"))
2026-06-03 22:36:16,847 [WARNING] services.market_data_service: OHLCV history failed for DIS: HTTPSConnectionPool(host='query1.finance.yahoo.com', port=443): Max retries exceeded with url: /v8/finance/chart/DIS?interval=1d&range=1y&includeAdjustedClose=true (Caused by NameResolutionError("<urllib3.connection.HTTPSConnection object at 0x000002191F30C350>: Failed to resolve 'query1.finance.yahoo.com' ([Errno 11001] getaddrinfo failed)"))
2026-06-03 22:36:16,848 [WARNING] services.market_data_service: OHLCV history failed for MCD: HTTPSConnectionPool(host='query1.finance.yahoo.com', port=443): Max retries exceeded with url: /v8/finance/chart/MCD?interval=1d&range=1y&includeAdjustedClose=true (Caused by NameResolutionError("<urllib3.connection.HTTPSConnection object at 0x000002191F273770>: Failed to resolve 'query1.finance.yahoo.com' ([Errno 11001] getaddrinfo failed)"))
2026-06-03 22:36:16,861 [WARNING] services.market_data_service: OHLCV history failed for IBM: HTTPSConnectionPool(host='query1.finance.yahoo.com', port=443): Max retries exceeded with url: /v8/finance/chart/IBM?interval=1d&range=1y&includeAdjustedClose=true (Caused by NameResolutionError("<urllib3.connection.HTTPSConnection object at 0x000002191F8F7200>: Failed to resolve 'query1.finance.yahoo.com' ([Errno 11001] getaddrinfo failed)"))
2026-06-03 22:36:16,867 [WARNING] services.market_data_service: OHLCV history failed for GE: HTTPSConnectionPool(host='query1.finance.yahoo.com', port=443): Max retries exceeded with url: /v8/finance/chart/GE?interval=1d&range=1y&includeAdjustedClose=true (Caused by NameResolutionError("<urllib3.connection.HTTPSConnection object at 0x000002191F950A40>: Failed to resolve 'query1.finance.yahoo.com' ([Errno 11001] getaddrinfo failed)"))
2026-06-03 22:36:16,870 [WARNING] services.market_data_service: OHLCV history failed for INTC: HTTPSConnectionPool(host='query1.finance.yahoo.com', port=443): Max retries exceeded with url: /v8/finance/chart/INTC?interval=1d&range=1y&includeAdjustedClose=true (Caused by NameResolutionError("<urllib3.connection.HTTPSConnection object at 0x000002191F952360>: Failed to resolve 'query1.finance.yahoo.com' ([Errno 11001] getaddrinfo failed)"))
2026-06-03 22:36:16,871 [WARNING] services.market_data_service: OHLCV history failed for ACN: HTTPSConnectionPool(host='query1.finance.yahoo.com', port=443): Max retries exceeded with url: /v8/finance/chart/ACN?interval=1d&range=1y&includeAdjustedClose=true (Caused by NameResolutionError("<urllib3.connection.HTTPSConnection object at 0x000002191F9516A0>: Failed to resolve 'query1.finance.yahoo.com' ([Errno 11001] getaddrinfo failed)"))
2026-06-03 22:36:16,875 [WARNING] services.market_data_service: OHLCV history failed for CAT: HTTPSConnectionPool(host='query1.finance.yahoo.com', port=443): Max retries exceeded with url: /v8/finance/chart/CAT?interval=1d&range=1y&includeAdjustedClose=true (Caused by NameResolutionError("<urllib3.connection.HTTPSConnection object at 0x000002191F95FA70>: Failed to resolve 'query1.finance.yahoo.com' ([Errno 11001] getaddrinfo failed)"))
2026-06-03 22:36:16,883 [WARNING] services.market_data_service: OHLCV history failed for UBER: HTTPSConnectionPool(host='query1.finance.yahoo.com', port=443): Max retries exceeded with url: /v8/finance/chart/UBER?interval=1d&range=1y&includeAdjustedClose=true (Caused by NameResolutionError("<urllib3.connection.HTTPSConnection object at 0x000002191F95D070>: Failed to resolve 'query1.finance.yahoo.com' ([Errno 11001] getaddrinfo failed)"))
2026-06-03 22:36:16,886 [WARNING] services.market_data_service: OHLCV history failed for CSCO: HTTPSConnectionPool(host='query1.finance.yahoo.com', port=443): Max retries exceeded with url: /v8/finance/chart/CSCO?interval=1wk&range=5y&includeAdjustedClose=true (Caused by NameResolutionError("<urllib3.connection.HTTPSConnection object at 0x000002191F95D490>: Failed to resolve 'query1.finance.yahoo.com' ([Errno 11001] getaddrinfo failed)"))
2026-06-03 22:36:16,894 [WARNING] services.market_data_service: OHLCV history failed for AMAT: HTTPSConnectionPool(host='query1.finance.yahoo.com', port=443): Max retries exceeded with url: /v8/finance/chart/AMAT?interval=1d&range=1y&includeAdjustedClose=true (Caused by NameResolutionError("<urllib3.connection.HTTPSConnection object at 0x000002191F95CC80>: Failed to resolve 'query1.finance.yahoo.com' ([Errno 11001] getaddrinfo failed)"))
2026-06-03 22:36:16,894 [WARNING] services.market_data_service: OHLCV history failed for NOW: HTTPSConnectionPool(host='query1.finance.yahoo.com', port=443): Max retries exceeded with url: /v8/finance/chart/NOW?interval=1d&range=1y&includeAdjustedClose=true (Caused by NameResolutionError("<urllib3.connection.HTTPSConnection object at 0x000002191F95E090>: Failed to resolve 'query1.finance.yahoo.com' ([Errno 11001] getaddrinfo failed)"))
2026-06-03 22:36:16,903 [WARNING] services.market_data_service: OHLCV history failed for INTU: HTTPSConnectionPool(host='query1.finance.yahoo.com', port=443): Max retries exceeded with url: /v8/finance/chart/INTU?interval=1d&range=1y&includeAdjustedClose=true (Caused by NameResolutionError("<urllib3.connection.HTTPSConnection object at 0x000002191F8F95E0>: Failed to resolve 'query1.finance.yahoo.com' ([Errno 11001] getaddrinfo failed)"))
2026-06-03 22:36:16,903 [WARNING] services.market_data_service: OHLCV history failed for BAC: HTTPSConnectionPool(host='query1.finance.yahoo.com', port=443): Max retries exceeded with url: /v8/finance/chart/BAC?interval=1wk&range=5y&includeAdjustedClose=true (Caused by NameResolutionError("<urllib3.connection.HTTPSConnection object at 0x000002191F8FBFE0>: Failed to resolve 'query1.finance.yahoo.com' ([Errno 11001] getaddrinfo failed)"))
2026-06-03 22:36:16,910 [WARNING] services.market_data_service: OHLCV history failed for QCOM: HTTPSConnectionPool(host='query1.finance.yahoo.com', port=443): Max retries exceeded with url: /v8/finance/chart/QCOM?interval=1d&range=1y&includeAdjustedClose=true (Caused by NameResolutionError("<urllib3.connection.HTTPSConnection object at 0x000002191F8FAF30>: Failed to resolve 'query1.finance.yahoo.com' ([Errno 11001] getaddrinfo failed)"))
2026-06-03 22:36:16,916 [WARNING] services.market_data_service: OHLCV history failed for NFLX: HTTPSConnectionPool(host='query1.finance.yahoo.com', port=443): Max retries exceeded with url: /v8/finance/chart/NFLX?interval=1wk&range=5y&includeAdjustedClose=true (Caused by NameResolutionError("<urllib3.connection.HTTPSConnection object at 0x000002191F8F98B0>: Failed to resolve 'query1.finance.yahoo.com' ([Errno 11001] getaddrinfo failed)"))
2026-06-03 22:36:16,917 [WARNING] services.market_data_service: OHLCV history failed for CRM: HTTPSConnectionPool(host='query1.finance.yahoo.com', port=443): Max retries exceeded with url: /v8/finance/chart/CRM?interval=1wk&range=5y&includeAdjustedClose=true (Caused by NameResolutionError("<urllib3.connection.HTTPSConnection object at 0x000002191F8F9070>: Failed to resolve 'query1.finance.yahoo.com' ([Errno 11001] getaddrinfo failed)"))
2026-06-03 22:36:16,921 [WARNING] services.market_data_service: OHLCV history failed for ADBE: HTTPSConnectionPool(host='query1.finance.yahoo.com', port=443): Max retries exceeded with url: /v8/finance/chart/ADBE?interval=1wk&range=5y&includeAdjustedClose=true (Caused by NameResolutionError("<urllib3.connection.HTTPSConnection object at 0x000002191F8F86E0>: Failed to resolve 'query1.finance.yahoo.com' ([Errno 11001] getaddrinfo failed)"))
2026-06-03 22:36:16,925 [WARNING] services.market_data_service: OHLCV history failed for TMO: HTTPSConnectionPool(host='query1.finance.yahoo.com', port=443): Max retries exceeded with url: /v8/finance/chart/TMO?interval=1wk&range=5y&includeAdjustedClose=true (Caused by NameResolutionError("<urllib3.connection.HTTPSConnection object at 0x000002191F97AA50>: Failed to resolve 'query1.finance.yahoo.com' ([Errno 11001] getaddrinfo failed)"))
2026-06-03 22:36:16,932 [WARNING] services.market_data_service: OHLCV history failed for AMD: HTTPSConnectionPool(host='query1.finance.yahoo.com', port=443): Max retries exceeded with url: /v8/finance/chart/AMD?interval=1wk&range=5y&includeAdjustedClose=true (Caused by NameResolutionError("<urllib3.connection.HTTPSConnection object at 0x000002191F978050>: Failed to resolve 'query1.finance.yahoo.com' ([Errno 11001] getaddrinfo failed)"))
2026-06-03 22:36:16,936 [WARNING] services.market_data_service: OHLCV history failed for PEP: HTTPSConnectionPool(host='query1.finance.yahoo.com', port=443): Max retries exceeded with url: /v8/finance/chart/PEP?interval=1wk&range=5y&includeAdjustedClose=true (Caused by NameResolutionError("<urllib3.connection.HTTPSConnection object at 0x000002191F97A390>: Failed to resolve 'query1.finance.yahoo.com' ([Errno 11001] getaddrinfo failed)"))
2026-06-03 22:36:16,943 [WARNING] services.market_data_service: OHLCV history failed for SPGI: HTTPSConnectionPool(host='query1.finance.yahoo.com', port=443): Max retries exceeded with url: /v8/finance/chart/SPGI?interval=1d&range=1y&includeAdjustedClose=true (Caused by NameResolutionError("<urllib3.connection.HTTPSConnection object at 0x000002191F979460>: Failed to resolve 'query1.finance.yahoo.com' ([Errno 11001] getaddrinfo failed)"))
2026-06-03 22:36:16,947 [WARNING] services.market_data_service: OHLCV history failed for WMT: HTTPSConnectionPool(host='query1.finance.yahoo.com', port=443): Max retries exceeded with url: /v8/finance/chart/WMT?interval=1wk&range=5y&includeAdjustedClose=true (Caused by NameResolutionError("<urllib3.connection.HTTPSConnection object at 0x000002191F900230>: Failed to resolve 'query1.finance.yahoo.com' ([Errno 11001] getaddrinfo failed)"))
2026-06-03 22:36:16,950 [WARNING] services.market_data_service: OHLCV history failed for ABT: HTTPSConnectionPool(host='query1.finance.yahoo.com', port=443): Max retries exceeded with url: /v8/finance/chart/ABT?interval=1wk&range=5y&includeAdjustedClose=true (Caused by NameResolutionError("<urllib3.connection.HTTPSConnection object at 0x000002191F902420>: Failed to resolve 'query1.finance.yahoo.com' ([Errno 11001] getaddrinfo failed)"))
2026-06-03 22:36:16,954 [WARNING] services.market_data_service: OHLCV history failed for KO: HTTPSConnectionPool(host='query1.finance.yahoo.com', port=443): Max retries exceeded with url: /v8/finance/chart/KO?interval=1wk&range=5y&includeAdjustedClose=true (Caused by NameResolutionError("<urllib3.connection.HTTPSConnection object at 0x000002191F9002C0>: Failed to resolve 'query1.finance.yahoo.com' ([Errno 11001] getaddrinfo failed)"))
2026-06-03 22:36:16,955 [WARNING] services.market_data_service: OHLCV history failed for DIS: HTTPSConnectionPool(host='query1.finance.yahoo.com', port=443): Max retries exceeded with url: /v8/finance/chart/DIS?interval=1wk&range=5y&includeAdjustedClose=true (Caused by NameResolutionError("<urllib3.connection.HTTPSConnection object at 0x000002191F903740>: Failed to resolve 'query1.finance.yahoo.com' ([Errno 11001] getaddrinfo failed)"))
2026-06-03 22:36:16,961 [WARNING] services.market_data_service: OHLCV history failed for MCD: HTTPSConnectionPool(host='query1.finance.yahoo.com', port=443): Max retries exceeded with url: /v8/finance/chart/MCD?interval=1wk&range=5y&includeAdjustedClose=true (Caused by NameResolutionError("<urllib3.connection.HTTPSConnection object at 0x000002191F903140>: Failed to resolve 'query1.finance.yahoo.com' ([Errno 11001] getaddrinfo failed)"))
2026-06-03 22:36:16,962 [WARNING] services.market_data_service: OHLCV history failed for IBM: HTTPSConnectionPool(host='query1.finance.yahoo.com', port=443): Max retries exceeded with url: /v8/finance/chart/IBM?interval=1wk&range=5y&includeAdjustedClose=true (Caused by NameResolutionError("<urllib3.connection.HTTPSConnection object at 0x000002191F900410>: Failed to resolve 'query1.finance.yahoo.com' ([Errno 11001] getaddrinfo failed)"))
2026-06-03 22:36:16,971 [WARNING] services.market_data_service: OHLCV history failed for INTC: HTTPSConnectionPool(host='query1.finance.yahoo.com', port=443): Max retries exceeded with url: /v8/finance/chart/INTC?interval=1wk&range=5y&includeAdjustedClose=true (Caused by NameResolutionError("<urllib3.connection.HTTPSConnection object at 0x00000219219FBB60>: Failed to resolve 'query1.finance.yahoo.com' ([Errno 11001] getaddrinfo failed)"))
2026-06-03 22:36:16,972 [WARNING] services.market_data_service: OHLCV history failed for GE: HTTPSConnectionPool(host='query1.finance.yahoo.com', port=443): Max retries exceeded with url: /v8/finance/chart/GE?interval=1wk&range=5y&includeAdjustedClose=true (Caused by NameResolutionError("<urllib3.connection.HTTPSConnection object at 0x00000219219FA450>: Failed to resolve 'query1.finance.yahoo.com' ([Errno 11001] getaddrinfo failed)"))
2026-06-03 22:36:16,980 [WARNING] services.market_data_service: OHLCV history failed for ACN: HTTPSConnectionPool(host='query1.finance.yahoo.com', port=443): Max retries exceeded with url: /v8/finance/chart/ACN?interval=1wk&range=5y&includeAdjustedClose=true (Caused by NameResolutionError("<urllib3.connection.HTTPSConnection object at 0x00000219219F8740>: Failed to resolve 'query1.finance.yahoo.com' ([Errno 11001] getaddrinfo failed)"))
2026-06-03 22:36:16,981 [WARNING] services.market_data_service: OHLCV history failed for CAT: HTTPSConnectionPool(host='query1.finance.yahoo.com', port=443): Max retries exceeded with url: /v8/finance/chart/CAT?interval=1wk&range=5y&includeAdjustedClose=true (Caused by NameResolutionError("<urllib3.connection.HTTPSConnection object at 0x00000219219F84D0>: Failed to resolve 'query1.finance.yahoo.com' ([Errno 11001] getaddrinfo failed)"))
2026-06-03 22:36:16,989 [WARNING] services.market_data_service: OHLCV history failed for UBER: HTTPSConnectionPool(host='query1.finance.yahoo.com', port=443): Max retries exceeded with url: /v8/finance/chart/UBER?interval=1wk&range=5y&includeAdjustedClose=true (Caused by NameResolutionError("<urllib3.connection.HTTPSConnection object at 0x00000219219F9BB0>: Failed to resolve 'query1.finance.yahoo.com' ([Errno 11001] getaddrinfo failed)"))
2026-06-03 22:36:16,991 [WARNING] services.market_data_service: OHLCV history failed for CSCO: HTTPSConnectionPool(host='query1.finance.yahoo.com', port=443): Max retries exceeded with url: /v8/finance/chart/CSCO?interval=1mo&range=max&includeAdjustedClose=true (Caused by NameResolutionError("<urllib3.connection.HTTPSConnection object at 0x000002191F244260>: Failed to resolve 'query1.finance.yahoo.com' ([Errno 11001] getaddrinfo failed)"))
2026-06-03 22:36:16,995 [WARNING] services.market_data_service: OHLCV history failed for AMAT: HTTPSConnectionPool(host='query1.finance.yahoo.com', port=443): Max retries exceeded with url: /v8/finance/chart/AMAT?interval=1wk&range=5y&includeAdjustedClose=true (Caused by NameResolutionError("<urllib3.connection.HTTPSConnection object at 0x000002191F2456D0>: Failed to resolve 'query1.finance.yahoo.com' ([Errno 11001] getaddrinfo failed)"))
2026-06-03 22:36:16,997 [WARNING] services.market_data_service: OHLCV history failed for NOW: HTTPSConnectionPool(host='query1.finance.yahoo.com', port=443): Max retries exceeded with url: /v8/finance/chart/NOW?interval=1wk&range=5y&includeAdjustedClose=true (Caused by NameResolutionError("<urllib3.connection.HTTPSConnection object at 0x000002191F2FF830>: Failed to resolve 'query1.finance.yahoo.com' ([Errno 11001] getaddrinfo failed)"))
2026-06-03 22:36:17,007 [WARNING] services.market_data_service: OHLCV history failed for INTU: HTTPSConnectionPool(host='query1.finance.yahoo.com', port=443): Max retries exceeded with url: /v8/finance/chart/INTU?interval=1wk&range=5y&includeAdjustedClose=true (Caused by NameResolutionError("<urllib3.connection.HTTPSConnection object at 0x000002191F2FF260>: Failed to resolve 'query1.finance.yahoo.com' ([Errno 11001] getaddrinfo failed)"))
2026-06-03 22:36:17,009 [WARNING] services.market_data_service: OHLCV history failed for BAC: HTTPSConnectionPool(host='query1.finance.yahoo.com', port=443): Max retries exceeded with url: /v8/finance/chart/BAC?interval=1mo&range=max&includeAdjustedClose=true (Caused by NameResolutionError("<urllib3.connection.HTTPSConnection object at 0x000002191F73E840>: Failed to resolve 'query1.finance.yahoo.com' ([Errno 11001] getaddrinfo failed)"))
2026-06-03 22:36:17,013 [WARNING] services.market_data_service: OHLCV history failed for QCOM: HTTPSConnectionPool(host='query1.finance.yahoo.com', port=443): Max retries exceeded with url: /v8/finance/chart/QCOM?interval=1wk&range=5y&includeAdjustedClose=true (Caused by NameResolutionError("<urllib3.connection.HTTPSConnection object at 0x000002191F6A6900>: Failed to resolve 'query1.finance.yahoo.com' ([Errno 11001] getaddrinfo failed)"))
2026-06-03 22:36:17,020 [WARNING] services.market_data_service: OHLCV history failed for NFLX: HTTPSConnectionPool(host='query1.finance.yahoo.com', port=443): Max retries exceeded with url: /v8/finance/chart/NFLX?interval=1mo&range=max&includeAdjustedClose=true (Caused by NameResolutionError("<urllib3.connection.HTTPSConnection object at 0x000002191F30E900>: Failed to resolve 'query1.finance.yahoo.com' ([Errno 11001] getaddrinfo failed)"))
2026-06-03 22:36:17,024 [WARNING] services.market_data_service: OHLCV history failed for CRM: HTTPSConnectionPool(host='query1.finance.yahoo.com', port=443): Max retries exceeded with url: /v8/finance/chart/CRM?interval=1mo&range=max&includeAdjustedClose=true (Caused by NameResolutionError("<urllib3.connection.HTTPSConnection object at 0x000002191F30D250>: Failed to resolve 'query1.finance.yahoo.com' ([Errno 11001] getaddrinfo failed)"))
2026-06-03 22:36:17,025 [WARNING] services.market_data_service: OHLCV history failed for ADBE: HTTPSConnectionPool(host='query1.finance.yahoo.com', port=443): Max retries exceeded with url: /v8/finance/chart/ADBE?interval=1mo&range=max&includeAdjustedClose=true (Caused by NameResolutionError("<urllib3.connection.HTTPSConnection object at 0x000002191F30FB30>: Failed to resolve 'query1.finance.yahoo.com' ([Errno 11001] getaddrinfo failed)"))
2026-06-03 22:36:17,027 [WARNING] services.market_data_service: OHLCV history failed for TMO: HTTPSConnectionPool(host='query1.finance.yahoo.com', port=443): Max retries exceeded with url: /v8/finance/chart/TMO?interval=1mo&range=max&includeAdjustedClose=true (Caused by NameResolutionError("<urllib3.connection.HTTPSConnection object at 0x000002191F30DA30>: Failed to resolve 'query1.finance.yahoo.com' ([Errno 11001] getaddrinfo failed)"))
2026-06-03 22:36:17,036 [WARNING] services.market_data_service: OHLCV history failed for AMD: HTTPSConnectionPool(host='query1.finance.yahoo.com', port=443): Max retries exceeded with url: /v8/finance/chart/AMD?interval=1mo&range=max&includeAdjustedClose=true (Caused by NameResolutionError("<urllib3.connection.HTTPSConnection object at 0x000002191F30CB00>: Failed to resolve 'query1.finance.yahoo.com' ([Errno 11001] getaddrinfo failed)"))
2026-06-03 22:36:17,042 [WARNING] services.market_data_service: OHLCV history failed for SPGI: HTTPSConnectionPool(host='query1.finance.yahoo.com', port=443): Max retries exceeded with url: /v8/finance/chart/SPGI?interval=1wk&range=5y&includeAdjustedClose=true (Caused by NameResolutionError("<urllib3.connection.HTTPSConnection object at 0x000002191F6C2A20>: Failed to resolve 'query1.finance.yahoo.com' ([Errno 11001] getaddrinfo failed)"))
2026-06-03 22:36:17,048 [WARNING] services.market_data_service: OHLCV history failed for PEP: HTTPSConnectionPool(host='query1.finance.yahoo.com', port=443): Max retries exceeded with url: /v8/finance/chart/PEP?interval=1mo&range=max&includeAdjustedClose=true (Caused by NameResolutionError("<urllib3.connection.HTTPSConnection object at 0x000002191F318CB0>: Failed to resolve 'query1.finance.yahoo.com' ([Errno 11001] getaddrinfo failed)"))
2026-06-03 22:36:17,049 [WARNING] services.market_data_service: OHLCV history failed for KO: HTTPSConnectionPool(host='query1.finance.yahoo.com', port=443): Max retries exceeded with url: /v8/finance/chart/KO?interval=1mo&range=max&includeAdjustedClose=true (Caused by NameResolutionError("<urllib3.connection.HTTPSConnection object at 0x000002191F319CD0>: Failed to resolve 'query1.finance.yahoo.com' ([Errno 11001] getaddrinfo failed)"))
2026-06-03 22:36:17,050 [WARNING] services.market_data_service: OHLCV history failed for WMT: HTTPSConnectionPool(host='query1.finance.yahoo.com', port=443): Max retries exceeded with url: /v8/finance/chart/WMT?interval=1mo&range=max&includeAdjustedClose=true (Caused by NameResolutionError("<urllib3.connection.HTTPSConnection object at 0x000002191F3197F0>: Failed to resolve 'query1.finance.yahoo.com' ([Errno 11001] getaddrinfo failed)"))
2026-06-03 22:36:17,057 [WARNING] services.market_data_service: OHLCV history failed for ABT: HTTPSConnectionPool(host='query1.finance.yahoo.com', port=443): Max retries exceeded with url: /v8/finance/chart/ABT?interval=1mo&range=max&includeAdjustedClose=true (Caused by NameResolutionError("<urllib3.connection.HTTPSConnection object at 0x000002191F679850>: Failed to resolve 'query1.finance.yahoo.com' ([Errno 11001] getaddrinfo failed)"))
2026-06-03 22:36:17,064 [WARNING] services.market_data_service: OHLCV history failed for DIS: HTTPSConnectionPool(host='query1.finance.yahoo.com', port=443): Max retries exceeded with url: /v8/finance/chart/DIS?interval=1mo&range=max&includeAdjustedClose=true (Caused by NameResolutionError("<urllib3.connection.HTTPSConnection object at 0x000002191F8FC0E0>: Failed to resolve 'query1.finance.yahoo.com' ([Errno 11001] getaddrinfo failed)"))
2026-06-03 22:36:17,070 [WARNING] services.market_data_service: OHLCV history failed for IBM: HTTPSConnectionPool(host='query1.finance.yahoo.com', port=443): Max retries exceeded with url: /v8/finance/chart/IBM?interval=1mo&range=max&includeAdjustedClose=true (Caused by NameResolutionError("<urllib3.connection.HTTPSConnection object at 0x000002191F8FCA70>: Failed to resolve 'query1.finance.yahoo.com' ([Errno 11001] getaddrinfo failed)"))
2026-06-03 22:36:17,071 [WARNING] services.market_data_service: OHLCV history failed for MCD: HTTPSConnectionPool(host='query1.finance.yahoo.com', port=443): Max retries exceeded with url: /v8/finance/chart/MCD?interval=1mo&range=max&includeAdjustedClose=true (Caused by NameResolutionError("<urllib3.connection.HTTPSConnection object at 0x000002191F8FC830>: Failed to resolve 'query1.finance.yahoo.com' ([Errno 11001] getaddrinfo failed)"))
2026-06-03 22:36:17,073 [WARNING] services.market_data_service: OHLCV history failed for GE: HTTPSConnectionPool(host='query1.finance.yahoo.com', port=443): Max retries exceeded with url: /v8/finance/chart/GE?interval=1mo&range=max&includeAdjustedClose=true (Caused by NameResolutionError("<urllib3.connection.HTTPSConnection object at 0x000002191F8FCD70>: Failed to resolve 'query1.finance.yahoo.com' ([Errno 11001] getaddrinfo failed)"))
2026-06-03 22:36:17,079 [WARNING] services.market_data_service: OHLCV history failed for INTC: HTTPSConnectionPool(host='query1.finance.yahoo.com', port=443): Max retries exceeded with url: /v8/finance/chart/INTC?interval=1mo&range=max&includeAdjustedClose=true (Caused by NameResolutionError("<urllib3.connection.HTTPSConnection object at 0x000002191F8FDCD0>: Failed to resolve 'query1.finance.yahoo.com' ([Errno 11001] getaddrinfo failed)"))
2026-06-03 22:36:17,079 [WARNING] services.market_data_service: OHLCV history failed for ACN: HTTPSConnectionPool(host='query1.finance.yahoo.com', port=443): Max retries exceeded with url: /v8/finance/chart/ACN?interval=1mo&range=max&includeAdjustedClose=true (Caused by NameResolutionError("<urllib3.connection.HTTPSConnection object at 0x000002191F8FE600>: Failed to resolve 'query1.finance.yahoo.com' ([Errno 11001] getaddrinfo failed)"))
2026-06-03 22:36:17,097 [WARNING] services.market_data_service: OHLCV history failed for CAT: HTTPSConnectionPool(host='query1.finance.yahoo.com', port=443): Max retries exceeded with url: /v8/finance/chart/CAT?interval=1mo&range=max&includeAdjustedClose=true (Caused by NameResolutionError("<urllib3.connection.HTTPSConnection object at 0x000002191F8FF470>: Failed to resolve 'query1.finance.yahoo.com' ([Errno 11001] getaddrinfo failed)"))
2026-06-03 22:36:17,098 [WARNING] services.market_data_service: OHLCV history failed for GS: HTTPSConnectionPool(host='query1.finance.yahoo.com', port=443): Max retries exceeded with url: /v8/finance/chart/GS?interval=1d&range=1y&includeAdjustedClose=true (Caused by NameResolutionError("<urllib3.connection.HTTPSConnection object at 0x000002191F8FFE00>: Failed to resolve 'query1.finance.yahoo.com' ([Errno 11001] getaddrinfo failed)"))
2026-06-03 22:36:17,103 [WARNING] services.market_data_service: OHLCV history failed for UBER: HTTPSConnectionPool(host='query1.finance.yahoo.com', port=443): Max retries exceeded with url: /v8/finance/chart/UBER?interval=1mo&range=max&includeAdjustedClose=true (Caused by NameResolutionError("<urllib3.connection.HTTPSConnection object at 0x00000219219F4410>: Failed to resolve 'query1.finance.yahoo.com' ([Errno 11001] getaddrinfo failed)"))
2026-06-03 22:36:17,109 [WARNING] services.market_data_service: OHLCV history failed for AMAT: HTTPSConnectionPool(host='query1.finance.yahoo.com', port=443): Max retries exceeded with url: /v8/finance/chart/AMAT?interval=1mo&range=max&includeAdjustedClose=true (Caused by NameResolutionError("<urllib3.connection.HTTPSConnection object at 0x00000219219F4DA0>: Failed to resolve 'query1.finance.yahoo.com' ([Errno 11001] getaddrinfo failed)"))
2026-06-03 22:36:17,119 [WARNING] services.market_data_service: OHLCV history failed for NOW: HTTPSConnectionPool(host='query1.finance.yahoo.com', port=443): Max retries exceeded with url: /v8/finance/chart/NOW?interval=1mo&range=max&includeAdjustedClose=true (Caused by NameResolutionError("<urllib3.connection.HTTPSConnection object at 0x00000219219F5FD0>: Failed to resolve 'query1.finance.yahoo.com' ([Errno 11001] getaddrinfo failed)"))
2026-06-03 22:36:17,120 [WARNING] services.market_data_service: OHLCV history failed for QCOM: HTTPSConnectionPool(host='query1.finance.yahoo.com', port=443): Max retries exceeded with url: /v8/finance/chart/QCOM?interval=1mo&range=max&includeAdjustedClose=true (Caused by NameResolutionError("<urllib3.connection.HTTPSConnection object at 0x00000219219F6210>: Failed to resolve 'query1.finance.yahoo.com' ([Errno 11001] getaddrinfo failed)"))
2026-06-03 22:36:17,120 [WARNING] services.market_data_service: OHLCV history failed for INTU: HTTPSConnectionPool(host='query1.finance.yahoo.com', port=443): Max retries exceeded with url: /v8/finance/chart/INTU?interval=1mo&range=max&includeAdjustedClose=true (Caused by NameResolutionError("<urllib3.connection.HTTPSConnection object at 0x00000219219F6780>: Failed to resolve 'query1.finance.yahoo.com' ([Errno 11001] getaddrinfo failed)"))
2026-06-03 22:36:17,128 [WARNING] services.market_data_service: OHLCV history failed for LOW: HTTPSConnectionPool(host='query1.finance.yahoo.com', port=443): Max retries exceeded with url: /v8/finance/chart/LOW?interval=1d&range=1y&includeAdjustedClose=true (Caused by NameResolutionError("<urllib3.connection.HTTPSConnection object at 0x00000219219F7CE0>: Failed to resolve 'query1.finance.yahoo.com' ([Errno 11001] getaddrinfo failed)"))
2026-06-03 22:36:17,156 [WARNING] services.market_data_service: OHLCV history failed for AXP: HTTPSConnectionPool(host='query1.finance.yahoo.com', port=443): Max retries exceeded with url: /v8/finance/chart/AXP?interval=1d&range=1y&includeAdjustedClose=true (Caused by NameResolutionError("<urllib3.connection.HTTPSConnection object at 0x00000219219E8CE0>: Failed to resolve 'query1.finance.yahoo.com' ([Errno 11001] getaddrinfo failed)"))
2026-06-03 22:36:17,157 [WARNING] services.market_data_service: OHLCV history failed for T: HTTPSConnectionPool(host='query1.finance.yahoo.com', port=443): Max retries exceeded with url: /v8/finance/chart/T?interval=1d&range=1y&includeAdjustedClose=true (Caused by NameResolutionError("<urllib3.connection.HTTPSConnection object at 0x00000219219E9100>: Failed to resolve 'query1.finance.yahoo.com' ([Errno 11001] getaddrinfo failed)"))
2026-06-03 22:36:17,162 [WARNING] services.market_data_service: OHLCV history failed for BKNG: HTTPSConnectionPool(host='query1.finance.yahoo.com', port=443): Max retries exceeded with url: /v8/finance/chart/BKNG?interval=1d&range=1y&includeAdjustedClose=true (Caused by NameResolutionError("<urllib3.connection.HTTPSConnection object at 0x000002191F678050>: Failed to resolve 'query1.finance.yahoo.com' ([Errno 11001] getaddrinfo failed)"))
2026-06-03 22:36:17,162 [WARNING] services.market_data_service: OHLCV history failed for RTX: HTTPSConnectionPool(host='query1.finance.yahoo.com', port=443): Max retries exceeded with url: /v8/finance/chart/RTX?interval=1d&range=1y&includeAdjustedClose=true (Caused by NameResolutionError("<urllib3.connection.HTTPSConnection object at 0x000002191CC3F920>: Failed to resolve 'query1.finance.yahoo.com' ([Errno 11001] getaddrinfo failed)"))
2026-06-03 22:36:17,167 [WARNING] services.market_data_service: OHLCV history failed for SPGI: HTTPSConnectionPool(host='query1.finance.yahoo.com', port=443): Max retries exceeded with url: /v8/finance/chart/SPGI?interval=1mo&range=max&includeAdjustedClose=true (Caused by NameResolutionError("<urllib3.connection.HTTPSConnection object at 0x00000219219FB1A0>: Failed to resolve 'query1.finance.yahoo.com' ([Errno 11001] getaddrinfo failed)"))
2026-06-03 22:36:17,174 [WARNING] services.market_data_service: OHLCV history failed for AMGN: HTTPSConnectionPool(host='query1.finance.yahoo.com', port=443): Max retries exceeded with url: /v8/finance/chart/AMGN?interval=1d&range=1y&includeAdjustedClose=true (Caused by NameResolutionError("<urllib3.connection.HTTPSConnection object at 0x00000219219FB830>: Failed to resolve 'query1.finance.yahoo.com' ([Errno 11001] getaddrinfo failed)"))
2026-06-03 22:36:17,179 [WARNING] services.market_data_service: OHLCV history failed for DHR: HTTPSConnectionPool(host='query1.finance.yahoo.com', port=443): Max retries exceeded with url: /v8/finance/chart/DHR?interval=1d&range=1y&includeAdjustedClose=true (Caused by NameResolutionError("<urllib3.connection.HTTPSConnection object at 0x00000219219F8680>: Failed to resolve 'query1.finance.yahoo.com' ([Errno 11001] getaddrinfo failed)"))
2026-06-03 22:36:17,180 [WARNING] services.market_data_service: OHLCV history failed for SYK: HTTPSConnectionPool(host='query1.finance.yahoo.com', port=443): Max retries exceeded with url: /v8/finance/chart/SYK?interval=1d&range=1y&includeAdjustedClose=true (Caused by NameResolutionError("<urllib3.connection.HTTPSConnection object at 0x00000219219F88F0>: Failed to resolve 'query1.finance.yahoo.com' ([Errno 11001] getaddrinfo failed)"))
2026-06-03 22:36:17,185 [WARNING] services.market_data_service: OHLCV history failed for MS: HTTPSConnectionPool(host='query1.finance.yahoo.com', port=443): Max retries exceeded with url: /v8/finance/chart/MS?interval=1d&range=1y&includeAdjustedClose=true (Caused by NameResolutionError("<urllib3.connection.HTTPSConnection object at 0x000002191F9012E0>: Failed to resolve 'query1.finance.yahoo.com' ([Errno 11001] getaddrinfo failed)"))
2026-06-03 22:36:17,193 [WARNING] services.market_data_service: OHLCV history failed for TXN: HTTPSConnectionPool(host='query1.finance.yahoo.com', port=443): Max retries exceeded with url: /v8/finance/chart/TXN?interval=1d&range=1y&includeAdjustedClose=true (Caused by NameResolutionError("<urllib3.connection.HTTPSConnection object at 0x000002191F900BF0>: Failed to resolve 'query1.finance.yahoo.com' ([Errno 11001] getaddrinfo failed)"))
2026-06-03 22:36:17,196 [WARNING] services.market_data_service: OHLCV history failed for PFE: HTTPSConnectionPool(host='query1.finance.yahoo.com', port=443): Max retries exceeded with url: /v8/finance/chart/PFE?interval=1d&range=1y&includeAdjustedClose=true (Caused by NameResolutionError("<urllib3.connection.HTTPSConnection object at 0x000002191F902150>: Failed to resolve 'query1.finance.yahoo.com' ([Errno 11001] getaddrinfo failed)"))
2026-06-03 22:36:17,197 [WARNING] services.market_data_service: OHLCV history failed for C: HTTPSConnectionPool(host='query1.finance.yahoo.com', port=443): Max retries exceeded with url: /v8/finance/chart/C?interval=1d&range=1y&includeAdjustedClose=true (Caused by NameResolutionError("<urllib3.connection.HTTPSConnection object at 0x000002191F901BE0>: Failed to resolve 'query1.finance.yahoo.com' ([Errno 11001] getaddrinfo failed)"))
2026-06-03 22:36:17,204 [WARNING] services.market_data_service: OHLCV history failed for NEE: HTTPSConnectionPool(host='query1.finance.yahoo.com', port=443): Max retries exceeded with url: /v8/finance/chart/NEE?interval=1d&range=1y&includeAdjustedClose=true (Caused by NameResolutionError("<urllib3.connection.HTTPSConnection object at 0x000002191F9013A0>: Failed to resolve 'query1.finance.yahoo.com' ([Errno 11001] getaddrinfo failed)"))
2026-06-03 22:36:17,209 [WARNING] services.market_data_service: OHLCV history failed for PANW: HTTPSConnectionPool(host='query1.finance.yahoo.com', port=443): Max retries exceeded with url: /v8/finance/chart/PANW?interval=1d&range=1y&includeAdjustedClose=true (Caused by NameResolutionError("<urllib3.connection.HTTPSConnection object at 0x000002191F979580>: Failed to resolve 'query1.finance.yahoo.com' ([Errno 11001] getaddrinfo failed)"))
2026-06-03 22:36:17,213 [WARNING] services.market_data_service: OHLCV history failed for ADP: HTTPSConnectionPool(host='query1.finance.yahoo.com', port=443): Max retries exceeded with url: /v8/finance/chart/ADP?interval=1d&range=1y&includeAdjustedClose=true (Caused by NameResolutionError("<urllib3.connection.HTTPSConnection object at 0x000002191F97A120>: Failed to resolve 'query1.finance.yahoo.com' ([Errno 11001] getaddrinfo failed)"))
2026-06-03 22:36:17,220 [WARNING] services.market_data_service: OHLCV history failed for COP: HTTPSConnectionPool(host='query1.finance.yahoo.com', port=443): Max retries exceeded with url: /v8/finance/chart/COP?interval=1d&range=1y&includeAdjustedClose=true (Caused by NameResolutionError("<urllib3.connection.HTTPSConnection object at 0x000002191F97A1E0>: Failed to resolve 'query1.finance.yahoo.com' ([Errno 11001] getaddrinfo failed)"))
2026-06-03 22:36:17,229 [WARNING] services.market_data_service: OHLCV history failed for ISRG: HTTPSConnectionPool(host='query1.finance.yahoo.com', port=443): Max retries exceeded with url: /v8/finance/chart/ISRG?interval=1d&range=1y&includeAdjustedClose=true (Caused by NameResolutionError("<urllib3.connection.HTTPSConnection object at 0x000002191F9783E0>: Failed to resolve 'query1.finance.yahoo.com' ([Errno 11001] getaddrinfo failed)"))
2026-06-03 22:36:17,235 [WARNING] services.market_data_service: OHLCV history failed for GS: HTTPSConnectionPool(host='query1.finance.yahoo.com', port=443): Max retries exceeded with url: /v8/finance/chart/GS?interval=1wk&range=5y&includeAdjustedClose=true (Caused by NameResolutionError("<urllib3.connection.HTTPSConnection object at 0x000002191F8FA0C0>: Failed to resolve 'query1.finance.yahoo.com' ([Errno 11001] getaddrinfo failed)"))
2026-06-03 22:36:17,238 [WARNING] services.market_data_service: OHLCV history failed for DE: HTTPSConnectionPool(host='query1.finance.yahoo.com', port=443): Max retries exceeded with url: /v8/finance/chart/DE?interval=1d&range=1y&includeAdjustedClose=true (Caused by NameResolutionError("<urllib3.connection.HTTPSConnection object at 0x000002191F8F9340>: Failed to resolve 'query1.finance.yahoo.com' ([Errno 11001] getaddrinfo failed)"))
2026-06-03 22:36:17,240 [WARNING] services.market_data_service: OHLCV history failed for BMY: HTTPSConnectionPool(host='query1.finance.yahoo.com', port=443): Max retries exceeded with url: /v8/finance/chart/BMY?interval=1d&range=1y&includeAdjustedClose=true (Caused by NameResolutionError("<urllib3.connection.HTTPSConnection object at 0x000002191F8FA1E0>: Failed to resolve 'query1.finance.yahoo.com' ([Errno 11001] getaddrinfo failed)"))
2026-06-03 22:36:17,248 [WARNING] services.market_data_service: OHLCV history failed for ETN: HTTPSConnectionPool(host='query1.finance.yahoo.com', port=443): Max retries exceeded with url: /v8/finance/chart/ETN?interval=1d&range=1y&includeAdjustedClose=true (Caused by NameResolutionError("<urllib3.connection.HTTPSConnection object at 0x000002191F8F8170>: Failed to resolve 'query1.finance.yahoo.com' ([Errno 11001] getaddrinfo failed)"))
2026-06-03 22:36:17,255 [WARNING] services.market_data_service: OHLCV history failed for SCHW: HTTPSConnectionPool(host='query1.finance.yahoo.com', port=443): Max retries exceeded with url: /v8/finance/chart/SCHW?interval=1d&range=1y&includeAdjustedClose=true (Caused by NameResolutionError("<urllib3.connection.HTTPSConnection object at 0x000002191F8F8B60>: Failed to resolve 'query1.finance.yahoo.com' ([Errno 11001] getaddrinfo failed)"))
2026-06-03 22:36:17,258 [WARNING] services.market_data_service: OHLCV history failed for VRTX: HTTPSConnectionPool(host='query1.finance.yahoo.com', port=443): Max retries exceeded with url: /v8/finance/chart/VRTX?interval=1d&range=1y&includeAdjustedClose=true (Caused by NameResolutionError("<urllib3.connection.HTTPSConnection object at 0x000002191F8FB500>: Failed to resolve 'query1.finance.yahoo.com' ([Errno 11001] getaddrinfo failed)"))
2026-06-03 22:36:17,263 [WARNING] services.market_data_service: OHLCV history failed for LOW: HTTPSConnectionPool(host='query1.finance.yahoo.com', port=443): Max retries exceeded with url: /v8/finance/chart/LOW?interval=1wk&range=5y&includeAdjustedClose=true (Caused by NameResolutionError("<urllib3.connection.HTTPSConnection object at 0x000002191F8FA360>: Failed to resolve 'query1.finance.yahoo.com' ([Errno 11001] getaddrinfo failed)"))
2026-06-03 22:36:17,265 [WARNING] services.market_data_service: OHLCV history failed for AXP: HTTPSConnectionPool(host='query1.finance.yahoo.com', port=443): Max retries exceeded with url: /v8/finance/chart/AXP?interval=1wk&range=5y&includeAdjustedClose=true (Caused by NameResolutionError("<urllib3.connection.HTTPSConnection object at 0x000002191F246E70>: Failed to resolve 'query1.finance.yahoo.com' ([Errno 11001] getaddrinfo failed)"))
2026-06-03 22:36:17,274 [WARNING] services.market_data_service: OHLCV history failed for BKNG: HTTPSConnectionPool(host='query1.finance.yahoo.com', port=443): Max retries exceeded with url: /v8/finance/chart/BKNG?interval=1wk&range=5y&includeAdjustedClose=true (Caused by NameResolutionError("<urllib3.connection.HTTPSConnection object at 0x000002191F2FFF20>: Failed to resolve 'query1.finance.yahoo.com' ([Errno 11001] getaddrinfo failed)"))
2026-06-03 22:36:17,275 [WARNING] services.market_data_service: OHLCV history failed for T: HTTPSConnectionPool(host='query1.finance.yahoo.com', port=443): Max retries exceeded with url: /v8/finance/chart/T?interval=1wk&range=5y&includeAdjustedClose=true (Caused by NameResolutionError("<urllib3.connection.HTTPSConnection object at 0x000002191F2FFE60>: Failed to resolve 'query1.finance.yahoo.com' ([Errno 11001] getaddrinfo failed)"))
2026-06-03 22:36:17,276 [WARNING] services.market_data_service: OHLCV history failed for RTX: HTTPSConnectionPool(host='query1.finance.yahoo.com', port=443): Max retries exceeded with url: /v8/finance/chart/RTX?interval=1wk&range=5y&includeAdjustedClose=true (Caused by NameResolutionError("<urllib3.connection.HTTPSConnection object at 0x000002191F2FF1D0>: Failed to resolve 'query1.finance.yahoo.com' ([Errno 11001] getaddrinfo failed)"))
2026-06-03 22:36:17,280 [WARNING] services.market_data_service: OHLCV history failed for AMGN: HTTPSConnectionPool(host='query1.finance.yahoo.com', port=443): Max retries exceeded with url: /v8/finance/chart/AMGN?interval=1wk&range=5y&includeAdjustedClose=true (Caused by NameResolutionError("<urllib3.connection.HTTPSConnection object at 0x000002191F6C09B0>: Failed to resolve 'query1.finance.yahoo.com' ([Errno 11001] getaddrinfo failed)"))
2026-06-03 22:36:17,289 [WARNING] services.market_data_service: OHLCV history failed for DHR: HTTPSConnectionPool(host='query1.finance.yahoo.com', port=443): Max retries exceeded with url: /v8/finance/chart/DHR?interval=1wk&range=5y&includeAdjustedClose=true (Caused by NameResolutionError("<urllib3.connection.HTTPSConnection object at 0x0000021921AB7B90>: Failed to resolve 'query1.finance.yahoo.com' ([Errno 11001] getaddrinfo failed)"))
2026-06-03 22:36:17,291 [WARNING] services.market_data_service: OHLCV history failed for SYK: HTTPSConnectionPool(host='query1.finance.yahoo.com', port=443): Max retries exceeded with url: /v8/finance/chart/SYK?interval=1wk&range=5y&includeAdjustedClose=true (Caused by NameResolutionError("<urllib3.connection.HTTPSConnection object at 0x0000021921AB7A10>: Failed to resolve 'query1.finance.yahoo.com' ([Errno 11001] getaddrinfo failed)"))
2026-06-03 22:36:17,292 [WARNING] services.market_data_service: OHLCV history failed for REGN: HTTPSConnectionPool(host='query1.finance.yahoo.com', port=443): Max retries exceeded with url: /v8/finance/chart/REGN?interval=1d&range=1y&includeAdjustedClose=true (Caused by NameResolutionError("<urllib3.connection.HTTPSConnection object at 0x0000021921AB53A0>: Failed to resolve 'query1.finance.yahoo.com' ([Errno 11001] getaddrinfo failed)"))
2026-06-03 22:36:17,296 [WARNING] services.market_data_service: OHLCV history failed for MS: HTTPSConnectionPool(host='query1.finance.yahoo.com', port=443): Max retries exceeded with url: /v8/finance/chart/MS?interval=1wk&range=5y&includeAdjustedClose=true (Caused by NameResolutionError("<urllib3.connection.HTTPSConnection object at 0x000002191F95EAE0>: Failed to resolve 'query1.finance.yahoo.com' ([Errno 11001] getaddrinfo failed)"))
2026-06-03 22:36:17,303 [WARNING] services.market_data_service: OHLCV history failed for TXN: HTTPSConnectionPool(host='query1.finance.yahoo.com', port=443): Max retries exceeded with url: /v8/finance/chart/TXN?interval=1wk&range=5y&includeAdjustedClose=true (Caused by NameResolutionError("<urllib3.connection.HTTPSConnection object at 0x000002191F95CA10>: Failed to resolve 'query1.finance.yahoo.com' ([Errno 11001] getaddrinfo failed)"))
2026-06-03 22:36:17,310 [WARNING] services.market_data_service: OHLCV history failed for PFE: HTTPSConnectionPool(host='query1.finance.yahoo.com', port=443): Max retries exceeded with url: /v8/finance/chart/PFE?interval=1wk&range=5y&includeAdjustedClose=true (Caused by NameResolutionError("<urllib3.connection.HTTPSConnection object at 0x000002191F95D640>: Failed to resolve 'query1.finance.yahoo.com' ([Errno 11001] getaddrinfo failed)"))
2026-06-03 22:36:17,313 [WARNING] services.market_data_service: OHLCV history failed for C: HTTPSConnectionPool(host='query1.finance.yahoo.com', port=443): Max retries exceeded with url: /v8/finance/chart/C?interval=1wk&range=5y&includeAdjustedClose=true (Caused by NameResolutionError("<urllib3.connection.HTTPSConnection object at 0x000002191F95D2E0>: Failed to resolve 'query1.finance.yahoo.com' ([Errno 11001] getaddrinfo failed)"))
2026-06-03 22:36:17,315 [WARNING] services.market_data_service: OHLCV history failed for NEE: HTTPSConnectionPool(host='query1.finance.yahoo.com', port=443): Max retries exceeded with url: /v8/finance/chart/NEE?interval=1wk&range=5y&includeAdjustedClose=true (Caused by NameResolutionError("<urllib3.connection.HTTPSConnection object at 0x000002191F95CD40>: Failed to resolve 'query1.finance.yahoo.com' ([Errno 11001] getaddrinfo failed)"))
2026-06-03 22:36:17,319 [WARNING] services.market_data_service: OHLCV history failed for PANW: HTTPSConnectionPool(host='query1.finance.yahoo.com', port=443): Max retries exceeded with url: /v8/finance/chart/PANW?interval=1wk&range=5y&includeAdjustedClose=true (Caused by NameResolutionError("<urllib3.connection.HTTPSConnection object at 0x000002191F95ED50>: Failed to resolve 'query1.finance.yahoo.com' ([Errno 11001] getaddrinfo failed)"))
2026-06-03 22:36:17,324 [WARNING] services.market_data_service: OHLCV history failed for ADP: HTTPSConnectionPool(host='query1.finance.yahoo.com', port=443): Max retries exceeded with url: /v8/finance/chart/ADP?interval=1wk&range=5y&includeAdjustedClose=true (Caused by NameResolutionError("<urllib3.connection.HTTPSConnection object at 0x000002191F950D40>: Failed to resolve 'query1.finance.yahoo.com' ([Errno 11001] getaddrinfo failed)"))
2026-06-03 22:36:17,324 [WARNING] services.market_data_service: OHLCV history failed for COP: HTTPSConnectionPool(host='query1.finance.yahoo.com', port=443): Max retries exceeded with url: /v8/finance/chart/COP?interval=1wk&range=5y&includeAdjustedClose=true (Caused by NameResolutionError("<urllib3.connection.HTTPSConnection object at 0x000002191F9518B0>: Failed to resolve 'query1.finance.yahoo.com' ([Errno 11001] getaddrinfo failed)"))
2026-06-03 22:36:17,329 [WARNING] services.market_data_service: OHLCV history failed for ISRG: HTTPSConnectionPool(host='query1.finance.yahoo.com', port=443): Max retries exceeded with url: /v8/finance/chart/ISRG?interval=1wk&range=5y&includeAdjustedClose=true (Caused by NameResolutionError("<urllib3.connection.HTTPSConnection object at 0x000002191F952390>: Failed to resolve 'query1.finance.yahoo.com' ([Errno 11001] getaddrinfo failed)"))
2026-06-03 22:36:17,344 [WARNING] services.market_data_service: OHLCV history failed for DE: HTTPSConnectionPool(host='query1.finance.yahoo.com', port=443): Max retries exceeded with url: /v8/finance/chart/DE?interval=1wk&range=5y&includeAdjustedClose=true (Caused by NameResolutionError("<urllib3.connection.HTTPSConnection object at 0x000002191F31AC60>: Failed to resolve 'query1.finance.yahoo.com' ([Errno 11001] getaddrinfo failed)"))
2026-06-03 22:36:17,353 [WARNING] services.market_data_service: OHLCV history failed for GS: HTTPSConnectionPool(host='query1.finance.yahoo.com', port=443): Max retries exceeded with url: /v8/finance/chart/GS?interval=1mo&range=max&includeAdjustedClose=true (Caused by NameResolutionError("<urllib3.connection.HTTPSConnection object at 0x000002191F31A810>: Failed to resolve 'query1.finance.yahoo.com' ([Errno 11001] getaddrinfo failed)"))
2026-06-03 22:36:17,361 [WARNING] services.market_data_service: OHLCV history failed for ETN: HTTPSConnectionPool(host='query1.finance.yahoo.com', port=443): Max retries exceeded with url: /v8/finance/chart/ETN?interval=1wk&range=5y&includeAdjustedClose=true (Caused by NameResolutionError("<urllib3.connection.HTTPSConnection object at 0x000002191F73E840>: Failed to resolve 'query1.finance.yahoo.com' ([Errno 11001] getaddrinfo failed)"))
2026-06-03 22:36:17,377 [WARNING] services.market_data_service: OHLCV history failed for SCHW: HTTPSConnectionPool(host='query1.finance.yahoo.com', port=443): Max retries exceeded with url: /v8/finance/chart/SCHW?interval=1wk&range=5y&includeAdjustedClose=true (Caused by NameResolutionError("<urllib3.connection.HTTPSConnection object at 0x000002191F8F6000>: Failed to resolve 'query1.finance.yahoo.com' ([Errno 11001] getaddrinfo failed)"))
2026-06-03 22:36:17,378 [WARNING] services.market_data_service: OHLCV history failed for BMY: HTTPSConnectionPool(host='query1.finance.yahoo.com', port=443): Max retries exceeded with url: /v8/finance/chart/BMY?interval=1wk&range=5y&includeAdjustedClose=true (Caused by NameResolutionError("<urllib3.connection.HTTPSConnection object at 0x000002191F73D130>: Failed to resolve 'query1.finance.yahoo.com' ([Errno 11001] getaddrinfo failed)"))
2026-06-03 22:36:17,387 [WARNING] services.market_data_service: OHLCV history failed for VRTX: HTTPSConnectionPool(host='query1.finance.yahoo.com', port=443): Max retries exceeded with url: /v8/finance/chart/VRTX?interval=1wk&range=5y&includeAdjustedClose=true (Caused by NameResolutionError("<urllib3.connection.HTTPSConnection object at 0x000002191F30F1D0>: Failed to resolve 'query1.finance.yahoo.com' ([Errno 11001] getaddrinfo failed)"))
2026-06-03 22:36:17,388 [WARNING] services.market_data_service: OHLCV history failed for AXP: HTTPSConnectionPool(host='query1.finance.yahoo.com', port=443): Max retries exceeded with url: /v8/finance/chart/AXP?interval=1mo&range=max&includeAdjustedClose=true (Caused by NameResolutionError("<urllib3.connection.HTTPSConnection object at 0x000002191F30C920>: Failed to resolve 'query1.finance.yahoo.com' ([Errno 11001] getaddrinfo failed)"))
2026-06-03 22:36:17,389 [WARNING] services.market_data_service: OHLCV history failed for LOW: HTTPSConnectionPool(host='query1.finance.yahoo.com', port=443): Max retries exceeded with url: /v8/finance/chart/LOW?interval=1mo&range=max&includeAdjustedClose=true (Caused by NameResolutionError("<urllib3.connection.HTTPSConnection object at 0x000002191F30F920>: Failed to resolve 'query1.finance.yahoo.com' ([Errno 11001] getaddrinfo failed)"))
2026-06-03 22:36:17,390 [WARNING] services.market_data_service: OHLCV history failed for BKNG: HTTPSConnectionPool(host='query1.finance.yahoo.com', port=443): Max retries exceeded with url: /v8/finance/chart/BKNG?interval=1mo&range=max&includeAdjustedClose=true (Caused by NameResolutionError("<urllib3.connection.HTTPSConnection object at 0x000002191F30C1D0>: Failed to resolve 'query1.finance.yahoo.com' ([Errno 11001] getaddrinfo failed)"))
2026-06-03 22:36:17,395 [WARNING] services.market_data_service: OHLCV history failed for T: HTTPSConnectionPool(host='query1.finance.yahoo.com', port=443): Max retries exceeded with url: /v8/finance/chart/T?interval=1mo&range=max&includeAdjustedClose=true (Caused by NameResolutionError("<urllib3.connection.HTTPSConnection object at 0x000002191F68A240>: Failed to resolve 'query1.finance.yahoo.com' ([Errno 11001] getaddrinfo failed)"))
2026-06-03 22:36:17,398 [WARNING] services.market_data_service: OHLCV history failed for RTX: HTTPSConnectionPool(host='query1.finance.yahoo.com', port=443): Max retries exceeded with url: /v8/finance/chart/RTX?interval=1mo&range=max&includeAdjustedClose=true (Caused by NameResolutionError("<urllib3.connection.HTTPSConnection object at 0x000002191F2718E0>: Failed to resolve 'query1.finance.yahoo.com' ([Errno 11001] getaddrinfo failed)"))
2026-06-03 22:36:17,399 [WARNING] services.market_data_service: OHLCV history failed for AMGN: HTTPSConnectionPool(host='query1.finance.yahoo.com', port=443): Max retries exceeded with url: /v8/finance/chart/AMGN?interval=1mo&range=max&includeAdjustedClose=true (Caused by NameResolutionError("<urllib3.connection.HTTPSConnection object at 0x00000219219E88C0>: Failed to resolve 'query1.finance.yahoo.com' ([Errno 11001] getaddrinfo failed)"))
2026-06-03 22:36:17,404 [WARNING] services.market_data_service: OHLCV history failed for DHR: HTTPSConnectionPool(host='query1.finance.yahoo.com', port=443): Max retries exceeded with url: /v8/finance/chart/DHR?interval=1mo&range=max&includeAdjustedClose=true (Caused by NameResolutionError("<urllib3.connection.HTTPSConnection object at 0x00000219219E8290>: Failed to resolve 'query1.finance.yahoo.com' ([Errno 11001] getaddrinfo failed)"))
2026-06-03 22:36:17,408 [WARNING] services.market_data_service: OHLCV history failed for MS: HTTPSConnectionPool(host='query1.finance.yahoo.com', port=443): Max retries exceeded with url: /v8/finance/chart/MS?interval=1mo&range=max&includeAdjustedClose=true (Caused by NameResolutionError("<urllib3.connection.HTTPSConnection object at 0x00000219219EB230>: Failed to resolve 'query1.finance.yahoo.com' ([Errno 11001] getaddrinfo failed)"))
2026-06-03 22:36:17,409 [WARNING] services.market_data_service: OHLCV history failed for SYK: HTTPSConnectionPool(host='query1.finance.yahoo.com', port=443): Max retries exceeded with url: /v8/finance/chart/SYK?interval=1mo&range=max&includeAdjustedClose=true (Caused by NameResolutionError("<urllib3.connection.HTTPSConnection object at 0x00000219219EAE10>: Failed to resolve 'query1.finance.yahoo.com' ([Errno 11001] getaddrinfo failed)"))
2026-06-03 22:36:17,412 [WARNING] services.market_data_service: OHLCV history failed for REGN: HTTPSConnectionPool(host='query1.finance.yahoo.com', port=443): Max retries exceeded with url: /v8/finance/chart/REGN?interval=1wk&range=5y&includeAdjustedClose=true (Caused by NameResolutionError("<urllib3.connection.HTTPSConnection object at 0x00000219219EB5F0>: Failed to resolve 'query1.finance.yahoo.com' ([Errno 11001] getaddrinfo failed)"))
2026-06-03 22:36:17,421 [WARNING] services.market_data_service: OHLCV history failed for TXN: HTTPSConnectionPool(host='query1.finance.yahoo.com', port=443): Max retries exceeded with url: /v8/finance/chart/TXN?interval=1mo&range=max&includeAdjustedClose=true (Caused by NameResolutionError("<urllib3.connection.HTTPSConnection object at 0x0000021921AA0A10>: Failed to resolve 'query1.finance.yahoo.com' ([Errno 11001] getaddrinfo failed)"))
2026-06-03 22:36:17,426 [WARNING] services.market_data_service: OHLCV history failed for PFE: HTTPSConnectionPool(host='query1.finance.yahoo.com', port=443): Max retries exceeded with url: /v8/finance/chart/PFE?interval=1mo&range=max&includeAdjustedClose=true (Caused by NameResolutionError("<urllib3.connection.HTTPSConnection object at 0x0000021921AA0C80>: Failed to resolve 'query1.finance.yahoo.com' ([Errno 11001] getaddrinfo failed)"))
2026-06-03 22:36:17,428 [WARNING] services.market_data_service: OHLCV history failed for NEE: HTTPSConnectionPool(host='query1.finance.yahoo.com', port=443): Max retries exceeded with url: /v8/finance/chart/NEE?interval=1mo&range=max&includeAdjustedClose=true (Caused by NameResolutionError("<urllib3.connection.HTTPSConnection object at 0x0000021921AA1B20>: Failed to resolve 'query1.finance.yahoo.com' ([Errno 11001] getaddrinfo failed)"))
2026-06-03 22:36:17,440 [WARNING] services.market_data_service: OHLCV history failed for C: HTTPSConnectionPool(host='query1.finance.yahoo.com', port=443): Max retries exceeded with url: /v8/finance/chart/C?interval=1mo&range=max&includeAdjustedClose=true (Caused by NameResolutionError("<urllib3.connection.HTTPSConnection object at 0x0000021921AA1100>: Failed to resolve 'query1.finance.yahoo.com' ([Errno 11001] getaddrinfo failed)"))
2026-06-03 22:36:17,455 [WARNING] services.market_data_service: OHLCV history failed for PANW: HTTPSConnectionPool(host='query1.finance.yahoo.com', port=443): Max retries exceeded with url: /v8/finance/chart/PANW?interval=1mo&range=max&includeAdjustedClose=true (Caused by NameResolutionError("<urllib3.connection.HTTPSConnection object at 0x000002191F30D6D0>: Failed to resolve 'query1.finance.yahoo.com' ([Errno 11001] getaddrinfo failed)"))
2026-06-03 22:36:17,456 [WARNING] services.market_data_service: OHLCV history failed for ADP: HTTPSConnectionPool(host='query1.finance.yahoo.com', port=443): Max retries exceeded with url: /v8/finance/chart/ADP?interval=1mo&range=max&includeAdjustedClose=true (Caused by NameResolutionError("<urllib3.connection.HTTPSConnection object at 0x000002191F30CCB0>: Failed to resolve 'query1.finance.yahoo.com' ([Errno 11001] getaddrinfo failed)"))
2026-06-03 22:36:17,459 [WARNING] services.market_data_service: OHLCV history failed for COP: HTTPSConnectionPool(host='query1.finance.yahoo.com', port=443): Max retries exceeded with url: /v8/finance/chart/COP?interval=1mo&range=max&includeAdjustedClose=true (Caused by NameResolutionError("<urllib3.connection.HTTPSConnection object at 0x000002191F73C680>: Failed to resolve 'query1.finance.yahoo.com' ([Errno 11001] getaddrinfo failed)"))
2026-06-03 22:36:17,461 [WARNING] services.market_data_service: OHLCV history failed for ISRG: HTTPSConnectionPool(host='query1.finance.yahoo.com', port=443): Max retries exceeded with url: /v8/finance/chart/ISRG?interval=1mo&range=max&includeAdjustedClose=true (Caused by NameResolutionError("<urllib3.connection.HTTPSConnection object at 0x000002191F73C350>: Failed to resolve 'query1.finance.yahoo.com' ([Errno 11001] getaddrinfo failed)"))
2026-06-03 22:36:17,476 [WARNING] services.market_data_service: OHLCV history failed for DE: HTTPSConnectionPool(host='query1.finance.yahoo.com', port=443): Max retries exceeded with url: /v8/finance/chart/DE?interval=1mo&range=max&includeAdjustedClose=true (Caused by NameResolutionError("<urllib3.connection.HTTPSConnection object at 0x000002191F95F5F0>: Failed to resolve 'query1.finance.yahoo.com' ([Errno 11001] getaddrinfo failed)"))
2026-06-03 22:36:18,313 [WARNING] services.market_data_service: OHLCV history failed for CI: HTTPSConnectionPool(host='query1.finance.yahoo.com', port=443): Max retries exceeded with url: /v8/finance/chart/CI?interval=1d&range=1y&includeAdjustedClose=true (Caused by NameResolutionError("<urllib3.connection.HTTPSConnection object at 0x000002191F95FC50>: Failed to resolve 'query1.finance.yahoo.com' ([Errno 11001] getaddrinfo failed)"))
2026-06-03 22:36:18,324 [WARNING] services.market_data_service: OHLCV history failed for ETN: HTTPSConnectionPool(host='query1.finance.yahoo.com', port=443): Max retries exceeded with url: /v8/finance/chart/ETN?interval=1mo&range=max&includeAdjustedClose=true (Caused by NameResolutionError("<urllib3.connection.HTTPSConnection object at 0x000002191F95D0A0>: Failed to resolve 'query1.finance.yahoo.com' ([Errno 11001] getaddrinfo failed)"))
2026-06-03 22:36:18,327 [WARNING] services.market_data_service: OHLCV history failed for SCHW: HTTPSConnectionPool(host='query1.finance.yahoo.com', port=443): Max retries exceeded with url: /v8/finance/chart/SCHW?interval=1mo&range=max&includeAdjustedClose=true (Caused by NameResolutionError("<urllib3.connection.HTTPSConnection object at 0x000002191F273A10>: Failed to resolve 'query1.finance.yahoo.com' ([Errno 11001] getaddrinfo failed)"))
2026-06-03 22:36:18,335 [WARNING] services.market_data_service: OHLCV history failed for BMY: HTTPSConnectionPool(host='query1.finance.yahoo.com', port=443): Max retries exceeded with url: /v8/finance/chart/BMY?interval=1mo&range=max&includeAdjustedClose=true (Caused by NameResolutionError("<urllib3.connection.HTTPSConnection object at 0x000002191F688110>: Failed to resolve 'query1.finance.yahoo.com' ([Errno 11001] getaddrinfo failed)"))
2026-06-03 22:36:18,338 [WARNING] services.market_data_service: OHLCV history failed for VRTX: HTTPSConnectionPool(host='query1.finance.yahoo.com', port=443): Max retries exceeded with url: /v8/finance/chart/VRTX?interval=1mo&range=max&includeAdjustedClose=true (Caused by NameResolutionError("<urllib3.connection.HTTPSConnection object at 0x000002191F68B6E0>: Failed to resolve 'query1.finance.yahoo.com' ([Errno 11001] getaddrinfo failed)"))
2026-06-03 22:36:18,341 [WARNING] services.market_data_service: OHLCV history failed for BX: HTTPSConnectionPool(host='query1.finance.yahoo.com', port=443): Max retries exceeded with url: /v8/finance/chart/BX?interval=1d&range=1y&includeAdjustedClose=true (Caused by NameResolutionError("<urllib3.connection.HTTPSConnection object at 0x000002191F68B140>: Failed to resolve 'query1.finance.yahoo.com' ([Errno 11001] getaddrinfo failed)"))
2026-06-03 22:36:18,343 [WARNING] services.market_data_service: OHLCV history failed for CB: HTTPSConnectionPool(host='query1.finance.yahoo.com', port=443): Max retries exceeded with url: /v8/finance/chart/CB?interval=1d&range=1y&includeAdjustedClose=true (Caused by NameResolutionError("<urllib3.connection.HTTPSConnection object at 0x000002191F68A540>: Failed to resolve 'query1.finance.yahoo.com' ([Errno 11001] getaddrinfo failed)"))
2026-06-03 22:36:18,357 [WARNING] services.market_data_service: OHLCV history failed for ADI: HTTPSConnectionPool(host='query1.finance.yahoo.com', port=443): Max retries exceeded with url: /v8/finance/chart/ADI?interval=1d&range=1y&includeAdjustedClose=true (Caused by NameResolutionError("<urllib3.connection.HTTPSConnection object at 0x000002191F73FD70>: Failed to resolve 'query1.finance.yahoo.com' ([Errno 11001] getaddrinfo failed)"))
2026-06-03 22:36:18,358 [WARNING] services.market_data_service: OHLCV history failed for LRCX: HTTPSConnectionPool(host='query1.finance.yahoo.com', port=443): Max retries exceeded with url: /v8/finance/chart/LRCX?interval=1d&range=1y&includeAdjustedClose=true (Caused by NameResolutionError("<urllib3.connection.HTTPSConnection object at 0x000002191F73ECC0>: Failed to resolve 'query1.finance.yahoo.com' ([Errno 11001] getaddrinfo failed)"))
2026-06-03 22:36:18,358 [WARNING] services.market_data_service: OHLCV history failed for MDT: HTTPSConnectionPool(host='query1.finance.yahoo.com', port=443): Max retries exceeded with url: /v8/finance/chart/MDT?interval=1d&range=1y&includeAdjustedClose=true (Caused by NameResolutionError("<urllib3.connection.HTTPSConnection object at 0x000002191F30C950>: Failed to resolve 'query1.finance.yahoo.com' ([Errno 11001] getaddrinfo failed)"))
2026-06-03 22:36:18,359 [WARNING] services.market_data_service: OHLCV history failed for KLAC: HTTPSConnectionPool(host='query1.finance.yahoo.com', port=443): Max retries exceeded with url: /v8/finance/chart/KLAC?interval=1d&range=1y&includeAdjustedClose=true (Caused by NameResolutionError("<urllib3.connection.HTTPSConnection object at 0x000002191F30F740>: Failed to resolve 'query1.finance.yahoo.com' ([Errno 11001] getaddrinfo failed)"))
2026-06-03 22:36:18,370 [WARNING] services.market_data_service: OHLCV history failed for MMC: HTTPSConnectionPool(host='query1.finance.yahoo.com', port=443): Max retries exceeded with url: /v8/finance/chart/MMC?interval=1d&range=1y&includeAdjustedClose=true (Caused by NameResolutionError("<urllib3.connection.HTTPSConnection object at 0x000002191F30FE60>: Failed to resolve 'query1.finance.yahoo.com' ([Errno 11001] getaddrinfo failed)"))
2026-06-03 22:36:18,371 [WARNING] services.market_data_service: OHLCV history failed for CEG: HTTPSConnectionPool(host='query1.finance.yahoo.com', port=443): Max retries exceeded with url: /v8/finance/chart/CEG?interval=1d&range=1y&includeAdjustedClose=true (Caused by NameResolutionError("<urllib3.connection.HTTPSConnection object at 0x000002191F30CEC0>: Failed to resolve 'query1.finance.yahoo.com' ([Errno 11001] getaddrinfo failed)"))
2026-06-03 22:36:18,376 [WARNING] services.market_data_service: OHLCV history failed for UPS: HTTPSConnectionPool(host='query1.finance.yahoo.com', port=443): Max retries exceeded with url: /v8/finance/chart/UPS?interval=1d&range=1y&includeAdjustedClose=true (Caused by NameResolutionError("<urllib3.connection.HTTPSConnection object at 0x000002191F95FE30>: Failed to resolve 'query1.finance.yahoo.com' ([Errno 11001] getaddrinfo failed)"))
2026-06-03 22:36:18,378 [WARNING] services.market_data_service: OHLCV history failed for REGN: HTTPSConnectionPool(host='query1.finance.yahoo.com', port=443): Max retries exceeded with url: /v8/finance/chart/REGN?interval=1mo&range=max&includeAdjustedClose=true (Caused by NameResolutionError("<urllib3.connection.HTTPSConnection object at 0x000002191F95F770>: Failed to resolve 'query1.finance.yahoo.com' ([Errno 11001] getaddrinfo failed)"))
2026-06-03 22:36:18,381 [WARNING] services.market_data_service: OHLCV history failed for SHW: HTTPSConnectionPool(host='query1.finance.yahoo.com', port=443): Max retries exceeded with url: /v8/finance/chart/SHW?interval=1d&range=1y&includeAdjustedClose=true (Caused by NameResolutionError("<urllib3.connection.HTTPSConnection object at 0x000002191F2FF290>: Failed to resolve 'query1.finance.yahoo.com' ([Errno 11001] getaddrinfo failed)"))
2026-06-03 22:36:18,389 [WARNING] services.market_data_service: OHLCV history failed for PLD: HTTPSConnectionPool(host='query1.finance.yahoo.com', port=443): Max retries exceeded with url: /v8/finance/chart/PLD?interval=1d&range=1y&includeAdjustedClose=true (Caused by NameResolutionError("<urllib3.connection.HTTPSConnection object at 0x000002191F2FF950>: Failed to resolve 'query1.finance.yahoo.com' ([Errno 11001] getaddrinfo failed)"))
2026-06-03 22:36:18,395 [WARNING] services.market_data_service: OHLCV history failed for TJX: HTTPSConnectionPool(host='query1.finance.yahoo.com', port=443): Max retries exceeded with url: /v8/finance/chart/TJX?interval=1d&range=1y&includeAdjustedClose=true (Caused by NameResolutionError("<urllib3.connection.HTTPSConnection object at 0x000002191F2455B0>: Failed to resolve 'query1.finance.yahoo.com' ([Errno 11001] getaddrinfo failed)"))
2026-06-03 22:36:18,397 [WARNING] services.market_data_service: OHLCV history failed for HCA: HTTPSConnectionPool(host='query1.finance.yahoo.com', port=443): Max retries exceeded with url: /v8/finance/chart/HCA?interval=1d&range=1y&includeAdjustedClose=true (Caused by NameResolutionError("<urllib3.connection.HTTPSConnection object at 0x000002191F025760>: Failed to resolve 'query1.finance.yahoo.com' ([Errno 11001] getaddrinfo failed)"))
2026-06-03 22:36:18,404 [WARNING] services.market_data_service: OHLCV history failed for ICE: HTTPSConnectionPool(host='query1.finance.yahoo.com', port=443): Max retries exceeded with url: /v8/finance/chart/ICE?interval=1d&range=1y&includeAdjustedClose=true (Caused by NameResolutionError("<urllib3.connection.HTTPSConnection object at 0x000002191F978CB0>: Failed to resolve 'query1.finance.yahoo.com' ([Errno 11001] getaddrinfo failed)"))
2026-06-03 22:36:18,404 [WARNING] services.market_data_service: OHLCV history failed for GILD: HTTPSConnectionPool(host='query1.finance.yahoo.com', port=443): Max retries exceeded with url: /v8/finance/chart/GILD?interval=1d&range=1y&includeAdjustedClose=true (Caused by NameResolutionError("<urllib3.connection.HTTPSConnection object at 0x000002191F97BF50>: Failed to resolve 'query1.finance.yahoo.com' ([Errno 11001] getaddrinfo failed)"))
2026-06-03 22:36:18,410 [WARNING] services.market_data_service: OHLCV history failed for CI: HTTPSConnectionPool(host='query1.finance.yahoo.com', port=443): Max retries exceeded with url: /v8/finance/chart/CI?interval=1wk&range=5y&includeAdjustedClose=true (Caused by NameResolutionError("<urllib3.connection.HTTPSConnection object at 0x000002191F978470>: Failed to resolve 'query1.finance.yahoo.com' ([Errno 11001] getaddrinfo failed)"))
2026-06-03 22:36:18,413 [WARNING] services.market_data_service: OHLCV history failed for ELV: HTTPSConnectionPool(host='query1.finance.yahoo.com', port=443): Max retries exceeded with url: /v8/finance/chart/ELV?interval=1d&range=1y&includeAdjustedClose=true (Caused by NameResolutionError("<urllib3.connection.HTTPSConnection object at 0x000002191D05D190>: Failed to resolve 'query1.finance.yahoo.com' ([Errno 11001] getaddrinfo failed)"))
2026-06-03 22:36:18,421 [WARNING] services.market_data_service: OHLCV history failed for NKE: HTTPSConnectionPool(host='query1.finance.yahoo.com', port=443): Max retries exceeded with url: /v8/finance/chart/NKE?interval=1d&range=1y&includeAdjustedClose=true (Caused by NameResolutionError("<urllib3.connection.HTTPSConnection object at 0x000002191F901370>: Failed to resolve 'query1.finance.yahoo.com' ([Errno 11001] getaddrinfo failed)"))
2026-06-03 22:36:18,422 [WARNING] services.market_data_service: OHLCV history failed for SBUX: HTTPSConnectionPool(host='query1.finance.yahoo.com', port=443): Max retries exceeded with url: /v8/finance/chart/SBUX?interval=1d&range=1y&includeAdjustedClose=true (Caused by NameResolutionError("<urllib3.connection.HTTPSConnection object at 0x000002191F903F50>: Failed to resolve 'query1.finance.yahoo.com' ([Errno 11001] getaddrinfo failed)"))
2026-06-03 22:36:18,423 [WARNING] services.market_data_service: OHLCV history failed for SO: HTTPSConnectionPool(host='query1.finance.yahoo.com', port=443): Max retries exceeded with url: /v8/finance/chart/SO?interval=1d&range=1y&includeAdjustedClose=true (Caused by NameResolutionError("<urllib3.connection.HTTPSConnection object at 0x000002191F901640>: Failed to resolve 'query1.finance.yahoo.com' ([Errno 11001] getaddrinfo failed)"))
2026-06-03 22:36:18,427 [WARNING] services.market_data_service: OHLCV history failed for WM: HTTPSConnectionPool(host='query1.finance.yahoo.com', port=443): Max retries exceeded with url: /v8/finance/chart/WM?interval=1d&range=1y&includeAdjustedClose=true (Caused by NameResolutionError("<urllib3.connection.HTTPSConnection object at 0x000002191F9035F0>: Failed to resolve 'query1.finance.yahoo.com' ([Errno 11001] getaddrinfo failed)"))
2026-06-03 22:36:18,431 [WARNING] services.market_data_service: OHLCV history failed for CME: HTTPSConnectionPool(host='query1.finance.yahoo.com', port=443): Max retries exceeded with url: /v8/finance/chart/CME?interval=1d&range=1y&includeAdjustedClose=true (Caused by NameResolutionError("<urllib3.connection.HTTPSConnection object at 0x000002191F903230>: Failed to resolve 'query1.finance.yahoo.com' ([Errno 11001] getaddrinfo failed)"))
2026-06-03 22:36:18,438 [WARNING] services.market_data_service: OHLCV history failed for MO: HTTPSConnectionPool(host='query1.finance.yahoo.com', port=443): Max retries exceeded with url: /v8/finance/chart/MO?interval=1d&range=1y&includeAdjustedClose=true (Caused by NameResolutionError("<urllib3.connection.HTTPSConnection object at 0x000002191F318800>: Failed to resolve 'query1.finance.yahoo.com' ([Errno 11001] getaddrinfo failed)"))
2026-06-03 22:36:18,441 [WARNING] services.market_data_service: OHLCV history failed for CB: HTTPSConnectionPool(host='query1.finance.yahoo.com', port=443): Max retries exceeded with url: /v8/finance/chart/CB?interval=1wk&range=5y&includeAdjustedClose=true (Caused by NameResolutionError("<urllib3.connection.HTTPSConnection object at 0x000002191F318080>: Failed to resolve 'query1.finance.yahoo.com' ([Errno 11001] getaddrinfo failed)"))
2026-06-03 22:36:18,443 [WARNING] services.market_data_service: OHLCV history failed for BX: HTTPSConnectionPool(host='query1.finance.yahoo.com', port=443): Max retries exceeded with url: /v8/finance/chart/BX?interval=1wk&range=5y&includeAdjustedClose=true (Caused by NameResolutionError("<urllib3.connection.HTTPSConnection object at 0x000002191F31A8D0>: Failed to resolve 'query1.finance.yahoo.com' ([Errno 11001] getaddrinfo failed)"))
2026-06-03 22:36:18,446 [WARNING] services.market_data_service: OHLCV history failed for LRCX: HTTPSConnectionPool(host='query1.finance.yahoo.com', port=443): Max retries exceeded with url: /v8/finance/chart/LRCX?interval=1wk&range=5y&includeAdjustedClose=true (Caused by NameResolutionError("<urllib3.connection.HTTPSConnection object at 0x000002191F319D60>: Failed to resolve 'query1.finance.yahoo.com' ([Errno 11001] getaddrinfo failed)"))
2026-06-03 22:36:18,447 [WARNING] services.market_data_service: OHLCV history failed for ADI: HTTPSConnectionPool(host='query1.finance.yahoo.com', port=443): Max retries exceeded with url: /v8/finance/chart/ADI?interval=1wk&range=5y&includeAdjustedClose=true (Caused by NameResolutionError("<urllib3.connection.HTTPSConnection object at 0x000002191F31A210>: Failed to resolve 'query1.finance.yahoo.com' ([Errno 11001] getaddrinfo failed)"))
2026-06-03 22:36:18,453 [WARNING] services.market_data_service: OHLCV history failed for MDT: HTTPSConnectionPool(host='query1.finance.yahoo.com', port=443): Max retries exceeded with url: /v8/finance/chart/MDT?interval=1wk&range=5y&includeAdjustedClose=true (Caused by NameResolutionError("<urllib3.connection.HTTPSConnection object at 0x000002191F8FB920>: Failed to resolve 'query1.finance.yahoo.com' ([Errno 11001] getaddrinfo failed)"))
2026-06-03 22:36:18,474 [WARNING] services.market_data_service: OHLCV history failed for MMC: HTTPSConnectionPool(host='query1.finance.yahoo.com', port=443): Max retries exceeded with url: /v8/finance/chart/MMC?interval=1wk&range=5y&includeAdjustedClose=true (Caused by NameResolutionError("<urllib3.connection.HTTPSConnection object at 0x000002191F8FA1E0>: Failed to resolve 'query1.finance.yahoo.com' ([Errno 11001] getaddrinfo failed)"))
2026-06-03 22:36:18,490 [WARNING] services.market_data_service: OHLCV history failed for KLAC: HTTPSConnectionPool(host='query1.finance.yahoo.com', port=443): Max retries exceeded with url: /v8/finance/chart/KLAC?interval=1wk&range=5y&includeAdjustedClose=true (Caused by NameResolutionError("<urllib3.connection.HTTPSConnection object at 0x000002191F8F8170>: Failed to resolve 'query1.finance.yahoo.com' ([Errno 11001] getaddrinfo failed)"))
2026-06-03 22:36:18,834 [WARNING] services.market_data_service: OHLCV history failed for PLD: HTTPSConnectionPool(host='query1.finance.yahoo.com', port=443): Max retries exceeded with url: /v8/finance/chart/PLD?interval=1wk&range=5y&includeAdjustedClose=true (Caused by NameResolutionError("<urllib3.connection.HTTPSConnection object at 0x000002191F952600>: Failed to resolve 'query1.finance.yahoo.com' ([Errno 11001] getaddrinfo failed)"))
2026-06-03 22:36:18,835 [WARNING] services.market_data_service: OHLCV history failed for GILD: HTTPSConnectionPool(host='query1.finance.yahoo.com', port=443): Max retries exceeded with url: /v8/finance/chart/GILD?interval=1wk&range=5y&includeAdjustedClose=true (Caused by NameResolutionError("<urllib3.connection.HTTPSConnection object at 0x000002191F952480>: Failed to resolve 'query1.finance.yahoo.com' ([Errno 11001] getaddrinfo failed)"))
2026-06-03 22:36:18,835 [WARNING] services.market_data_service: OHLCV history failed for CI: HTTPSConnectionPool(host='query1.finance.yahoo.com', port=443): Max retries exceeded with url: /v8/finance/chart/CI?interval=1mo&range=max&includeAdjustedClose=true (Caused by NameResolutionError("<urllib3.connection.HTTPSConnection object at 0x000002191F952000>: Failed to resolve 'query1.finance.yahoo.com' ([Errno 11001] getaddrinfo failed)"))
2026-06-03 22:36:18,836 [WARNING] services.market_data_service: OHLCV history failed for CME: HTTPSConnectionPool(host='query1.finance.yahoo.com', port=443): Max retries exceeded with url: /v8/finance/chart/CME?interval=1wk&range=5y&includeAdjustedClose=true (Caused by NameResolutionError("<urllib3.connection.HTTPSConnection object at 0x000002191F8F6960>: Failed to resolve 'query1.finance.yahoo.com' ([Errno 11001] getaddrinfo failed)"))
2026-06-03 22:36:18,837 [WARNING] services.market_data_service: OHLCV history failed for SHW: HTTPSConnectionPool(host='query1.finance.yahoo.com', port=443): Max retries exceeded with url: /v8/finance/chart/SHW?interval=1wk&range=5y&includeAdjustedClose=true (Caused by NameResolutionError("<urllib3.connection.HTTPSConnection object at 0x000002191F8F8440>: Failed to resolve 'query1.finance.yahoo.com' ([Errno 11001] getaddrinfo failed)"))
2026-06-03 22:36:18,837 [WARNING] services.market_data_service: OHLCV history failed for HCA: HTTPSConnectionPool(host='query1.finance.yahoo.com', port=443): Max retries exceeded with url: /v8/finance/chart/HCA?interval=1wk&range=5y&includeAdjustedClose=true (Caused by NameResolutionError("<urllib3.connection.HTTPSConnection object at 0x000002191F951E20>: Failed to resolve 'query1.finance.yahoo.com' ([Errno 11001] getaddrinfo failed)"))
2026-06-03 22:36:18,852 [WARNING] services.market_data_service: OHLCV history failed for SBUX: HTTPSConnectionPool(host='query1.finance.yahoo.com', port=443): Max retries exceeded with url: /v8/finance/chart/SBUX?interval=1wk&range=5y&includeAdjustedClose=true (Caused by NameResolutionError("<urllib3.connection.HTTPSConnection object at 0x000002191F6C10A0>: Failed to resolve 'query1.finance.yahoo.com' ([Errno 11001] getaddrinfo failed)"))
2026-06-03 22:36:18,852 [WARNING] services.market_data_service: OHLCV history failed for ICE: HTTPSConnectionPool(host='query1.finance.yahoo.com', port=443): Max retries exceeded with url: /v8/finance/chart/ICE?interval=1wk&range=5y&includeAdjustedClose=true (Caused by NameResolutionError("<urllib3.connection.HTTPSConnection object at 0x000002191F6C2B70>: Failed to resolve 'query1.finance.yahoo.com' ([Errno 11001] getaddrinfo failed)"))
2026-06-03 22:36:18,853 [WARNING] services.market_data_service: OHLCV history failed for ELV: HTTPSConnectionPool(host='query1.finance.yahoo.com', port=443): Max retries exceeded with url: /v8/finance/chart/ELV?interval=1wk&range=5y&includeAdjustedClose=true (Caused by NameResolutionError("<urllib3.connection.HTTPSConnection object at 0x000002191F6C1070>: Failed to resolve 'query1.finance.yahoo.com' ([Errno 11001] getaddrinfo failed)"))
2026-06-03 22:36:18,853 [WARNING] services.market_data_service: OHLCV history failed for NKE: HTTPSConnectionPool(host='query1.finance.yahoo.com', port=443): Max retries exceeded with url: /v8/finance/chart/NKE?interval=1wk&range=5y&includeAdjustedClose=true (Caused by NameResolutionError("<urllib3.connection.HTTPSConnection object at 0x000002191F6C2B40>: Failed to resolve 'query1.finance.yahoo.com' ([Errno 11001] getaddrinfo failed)"))
2026-06-03 22:36:18,853 [WARNING] services.market_data_service: OHLCV history failed for CEG: HTTPSConnectionPool(host='query1.finance.yahoo.com', port=443): Max retries exceeded with url: /v8/finance/chart/CEG?interval=1wk&range=5y&includeAdjustedClose=true (Caused by NameResolutionError("<urllib3.connection.HTTPSConnection object at 0x000002191F8F9FD0>: Failed to resolve 'query1.finance.yahoo.com' ([Errno 11001] getaddrinfo failed)"))
2026-06-03 22:36:18,854 [WARNING] services.market_data_service: OHLCV history failed for TJX: HTTPSConnectionPool(host='query1.finance.yahoo.com', port=443): Max retries exceeded with url: /v8/finance/chart/TJX?interval=1wk&range=5y&includeAdjustedClose=true (Caused by NameResolutionError("<urllib3.connection.HTTPSConnection object at 0x000002191F951040>: Failed to resolve 'query1.finance.yahoo.com' ([Errno 11001] getaddrinfo failed)"))
2026-06-03 22:36:18,855 [WARNING] services.market_data_service: OHLCV history failed for FI: HTTPSConnectionPool(host='query1.finance.yahoo.com', port=443): Max retries exceeded with url: /v8/finance/chart/FI?interval=1d&range=1y&includeAdjustedClose=true (Caused by NameResolutionError("<urllib3.connection.HTTPSConnection object at 0x000002191F9533B0>: Failed to resolve 'query1.finance.yahoo.com' ([Errno 11001] getaddrinfo failed)"))
2026-06-03 22:36:18,872 [WARNING] services.market_data_service: OHLCV history failed for SO: HTTPSConnectionPool(host='query1.finance.yahoo.com', port=443): Max retries exceeded with url: /v8/finance/chart/SO?interval=1wk&range=5y&includeAdjustedClose=true (Caused by NameResolutionError("<urllib3.connection.HTTPSConnection object at 0x000002191F8F7E90>: Failed to resolve 'query1.finance.yahoo.com' ([Errno 11001] getaddrinfo failed)"))
2026-06-03 22:36:18,874 [WARNING] services.market_data_service: OHLCV history failed for WM: HTTPSConnectionPool(host='query1.finance.yahoo.com', port=443): Max retries exceeded with url: /v8/finance/chart/WM?interval=1wk&range=5y&includeAdjustedClose=true (Caused by NameResolutionError("<urllib3.connection.HTTPSConnection object at 0x000002191F8F5AC0>: Failed to resolve 'query1.finance.yahoo.com' ([Errno 11001] getaddrinfo failed)"))
2026-06-03 22:36:18,874 [WARNING] services.market_data_service: OHLCV history failed for UPS: HTTPSConnectionPool(host='query1.finance.yahoo.com', port=443): Max retries exceeded with url: /v8/finance/chart/UPS?interval=1wk&range=5y&includeAdjustedClose=true (Caused by NameResolutionError("<urllib3.connection.HTTPSConnection object at 0x000002191F8F95E0>: Failed to resolve 'query1.finance.yahoo.com' ([Errno 11001] getaddrinfo failed)"))
2026-06-03 22:36:18,914 [WARNING] services.market_data_service: OHLCV history failed for MO: HTTPSConnectionPool(host='query1.finance.yahoo.com', port=443): Max retries exceeded with url: /v8/finance/chart/MO?interval=1wk&range=5y&includeAdjustedClose=true (Caused by NameResolutionError("<urllib3.connection.HTTPSConnection object at 0x000002191F8F4500>: Failed to resolve 'query1.finance.yahoo.com' ([Errno 11001] getaddrinfo failed)"))
2026-06-03 22:36:18,919 [WARNING] services.market_data_service: OHLCV history failed for CB: HTTPSConnectionPool(host='query1.finance.yahoo.com', port=443): Max retries exceeded with url: /v8/finance/chart/CB?interval=1mo&range=max&includeAdjustedClose=true (Caused by NameResolutionError("<urllib3.connection.HTTPSConnection object at 0x000002191F8F6120>: Failed to resolve 'query1.finance.yahoo.com' ([Errno 11001] getaddrinfo failed)"))
2026-06-03 22:36:19,036 [WARNING] services.market_data_service: OHLCV history failed for BX: HTTPSConnectionPool(host='query1.finance.yahoo.com', port=443): Max retries exceeded with url: /v8/finance/chart/BX?interval=1mo&range=max&includeAdjustedClose=true (Caused by NameResolutionError("<urllib3.connection.HTTPSConnection object at 0x000002191F951940>: Failed to resolve 'query1.finance.yahoo.com' ([Errno 11001] getaddrinfo failed)"))
2026-06-03 22:36:19,036 [WARNING] services.market_data_service: OHLCV history failed for MDT: HTTPSConnectionPool(host='query1.finance.yahoo.com', port=443): Max retries exceeded with url: /v8/finance/chart/MDT?interval=1mo&range=max&includeAdjustedClose=true (Caused by NameResolutionError("<urllib3.connection.HTTPSConnection object at 0x000002191F8FB2F0>: Failed to resolve 'query1.finance.yahoo.com' ([Errno 11001] getaddrinfo failed)"))
2026-06-03 22:36:19,037 [WARNING] services.market_data_service: OHLCV history failed for LRCX: HTTPSConnectionPool(host='query1.finance.yahoo.com', port=443): Max retries exceeded with url: /v8/finance/chart/LRCX?interval=1mo&range=max&includeAdjustedClose=true (Caused by NameResolutionError("<urllib3.connection.HTTPSConnection object at 0x000002191F9521E0>: Failed to resolve 'query1.finance.yahoo.com' ([Errno 11001] getaddrinfo failed)"))
2026-06-03 22:36:19,038 [WARNING] services.market_data_service: OHLCV history failed for MMC: HTTPSConnectionPool(host='query1.finance.yahoo.com', port=443): Max retries exceeded with url: /v8/finance/chart/MMC?interval=1mo&range=max&includeAdjustedClose=true (Caused by NameResolutionError("<urllib3.connection.HTTPSConnection object at 0x000002191F319C70>: Failed to resolve 'query1.finance.yahoo.com' ([Errno 11001] getaddrinfo failed)"))
2026-06-03 22:36:19,038 [WARNING] services.market_data_service: OHLCV history failed for ADI: HTTPSConnectionPool(host='query1.finance.yahoo.com', port=443): Max retries exceeded with url: /v8/finance/chart/ADI?interval=1mo&range=max&includeAdjustedClose=true (Caused by NameResolutionError("<urllib3.connection.HTTPSConnection object at 0x000002191F31AC00>: Failed to resolve 'query1.finance.yahoo.com' ([Errno 11001] getaddrinfo failed)"))
2026-06-03 22:36:19,039 [WARNING] services.market_data_service: OHLCV history failed for KLAC: HTTPSConnectionPool(host='query1.finance.yahoo.com', port=443): Max retries exceeded with url: /v8/finance/chart/KLAC?interval=1mo&range=max&includeAdjustedClose=true (Caused by NameResolutionError("<urllib3.connection.HTTPSConnection object at 0x000002191F3185F0>: Failed to resolve 'query1.finance.yahoo.com' ([Errno 11001] getaddrinfo failed)"))
2026-06-03 22:36:19,040 [WARNING] services.market_data_service: OHLCV history failed for PLD: HTTPSConnectionPool(host='query1.finance.yahoo.com', port=443): Max retries exceeded with url: /v8/finance/chart/PLD?interval=1mo&range=max&includeAdjustedClose=true (Caused by NameResolutionError("<urllib3.connection.HTTPSConnection object at 0x000002191F319250>: Failed to resolve 'query1.finance.yahoo.com' ([Errno 11001] getaddrinfo failed)"))
2026-06-03 22:36:19,074 [WARNING] services.market_data_service: OHLCV history failed for CME: HTTPSConnectionPool(host='query1.finance.yahoo.com', port=443): Max retries exceeded with url: /v8/finance/chart/CME?interval=1mo&range=max&includeAdjustedClose=true (Caused by NameResolutionError("<urllib3.connection.HTTPSConnection object at 0x000002191F900230>: Failed to resolve 'query1.finance.yahoo.com' ([Errno 11001] getaddrinfo failed)"))
2026-06-03 22:36:19,087 [WARNING] services.market_data_service: OHLCV history failed for DUK: HTTPSConnectionPool(host='query1.finance.yahoo.com', port=443): Max retries exceeded with url: /v8/finance/chart/DUK?interval=1d&range=1y&includeAdjustedClose=true (Caused by NameResolutionError("<urllib3.connection.HTTPSConnection object at 0x000002191F97B770>: Failed to resolve 'query1.finance.yahoo.com' ([Errno 11001] getaddrinfo failed)"))
2026-06-03 22:36:19,088 [WARNING] services.market_data_service: OHLCV history failed for GILD: HTTPSConnectionPool(host='query1.finance.yahoo.com', port=443): Max retries exceeded with url: /v8/finance/chart/GILD?interval=1mo&range=max&includeAdjustedClose=true (Caused by NameResolutionError("<urllib3.connection.HTTPSConnection object at 0x000002191F97B560>: Failed to resolve 'query1.finance.yahoo.com' ([Errno 11001] getaddrinfo failed)"))
2026-06-03 22:36:19,089 [WARNING] services.market_data_service: OHLCV history failed for SHW: HTTPSConnectionPool(host='query1.finance.yahoo.com', port=443): Max retries exceeded with url: /v8/finance/chart/SHW?interval=1mo&range=max&includeAdjustedClose=true (Caused by NameResolutionError("<urllib3.connection.HTTPSConnection object at 0x000002191F97BE60>: Failed to resolve 'query1.finance.yahoo.com' ([Errno 11001] getaddrinfo failed)"))
2026-06-03 22:36:19,251 [WARNING] services.market_data_service: OHLCV history failed for ELV: HTTPSConnectionPool(host='query1.finance.yahoo.com', port=443): Max retries exceeded with url: /v8/finance/chart/ELV?interval=1mo&range=max&includeAdjustedClose=true (Caused by NameResolutionError("<urllib3.connection.HTTPSConnection object at 0x000002191F9788F0>: Failed to resolve 'query1.finance.yahoo.com' ([Errno 11001] getaddrinfo failed)"))
2026-06-03 22:36:19,302 [WARNING] services.market_data_service: OHLCV history failed for ICE: HTTPSConnectionPool(host='query1.finance.yahoo.com', port=443): Max retries exceeded with url: /v8/finance/chart/ICE?interval=1mo&range=max&includeAdjustedClose=true (Caused by NameResolutionError("<urllib3.connection.HTTPSConnection object at 0x000002191F97A0F0>: Failed to resolve 'query1.finance.yahoo.com' ([Errno 11001] getaddrinfo failed)"))
2026-06-03 22:36:19,303 [WARNING] services.market_data_service: OHLCV history failed for SBUX: HTTPSConnectionPool(host='query1.finance.yahoo.com', port=443): Max retries exceeded with url: /v8/finance/chart/SBUX?interval=1mo&range=max&includeAdjustedClose=true (Caused by NameResolutionError("<urllib3.connection.HTTPSConnection object at 0x000002191F979AC0>: Failed to resolve 'query1.finance.yahoo.com' ([Errno 11001] getaddrinfo failed)"))
2026-06-03 22:36:19,309 [WARNING] services.market_data_service: OHLCV history failed for HCA: HTTPSConnectionPool(host='query1.finance.yahoo.com', port=443): Max retries exceeded with url: /v8/finance/chart/HCA?interval=1mo&range=max&includeAdjustedClose=true (Caused by NameResolutionError("<urllib3.connection.HTTPSConnection object at 0x000002191F97A270>: Failed to resolve 'query1.finance.yahoo.com' ([Errno 11001] getaddrinfo failed)"))
2026-06-03 22:36:19,320 [WARNING] services.market_data_service: OHLCV history failed for NKE: HTTPSConnectionPool(host='query1.finance.yahoo.com', port=443): Max retries exceeded with url: /v8/finance/chart/NKE?interval=1mo&range=max&includeAdjustedClose=true (Caused by NameResolutionError("<urllib3.connection.HTTPSConnection object at 0x000002191F244E00>: Failed to resolve 'query1.finance.yahoo.com' ([Errno 11001] getaddrinfo failed)"))
2026-06-03 22:36:19,347 [WARNING] services.market_data_service: OHLCV history failed for CEG: HTTPSConnectionPool(host='query1.finance.yahoo.com', port=443): Max retries exceeded with url: /v8/finance/chart/CEG?interval=1mo&range=max&includeAdjustedClose=true (Caused by NameResolutionError("<urllib3.connection.HTTPSConnection object at 0x000002191F246A50>: Failed to resolve 'query1.finance.yahoo.com' ([Errno 11001] getaddrinfo failed)"))
2026-06-03 22:36:19,347 [WARNING] services.market_data_service: OHLCV history failed for SO: HTTPSConnectionPool(host='query1.finance.yahoo.com', port=443): Max retries exceeded with url: /v8/finance/chart/SO?interval=1mo&range=max&includeAdjustedClose=true (Caused by NameResolutionError("<urllib3.connection.HTTPSConnection object at 0x000002191F2FF440>: Failed to resolve 'query1.finance.yahoo.com' ([Errno 11001] getaddrinfo failed)"))
2026-06-03 22:36:19,349 [WARNING] services.market_data_service: OHLCV history failed for TJX: HTTPSConnectionPool(host='query1.finance.yahoo.com', port=443): Max retries exceeded with url: /v8/finance/chart/TJX?interval=1mo&range=max&includeAdjustedClose=true (Caused by NameResolutionError("<urllib3.connection.HTTPSConnection object at 0x000002191F247590>: Failed to resolve 'query1.finance.yahoo.com' ([Errno 11001] getaddrinfo failed)"))
2026-06-03 22:36:19,358 [WARNING] services.market_data_service: OHLCV history failed for UPS: HTTPSConnectionPool(host='query1.finance.yahoo.com', port=443): Max retries exceeded with url: /v8/finance/chart/UPS?interval=1mo&range=max&includeAdjustedClose=true (Caused by NameResolutionError("<urllib3.connection.HTTPSConnection object at 0x000002191F30EB10>: Failed to resolve 'query1.finance.yahoo.com' ([Errno 11001] getaddrinfo failed)"))
2026-06-03 22:36:19,378 [WARNING] services.market_data_service: OHLCV history failed for WM: HTTPSConnectionPool(host='query1.finance.yahoo.com', port=443): Max retries exceeded with url: /v8/finance/chart/WM?interval=1mo&range=max&includeAdjustedClose=true (Caused by NameResolutionError("<urllib3.connection.HTTPSConnection object at 0x000002191F30E390>: Failed to resolve 'query1.finance.yahoo.com' ([Errno 11001] getaddrinfo failed)"))
2026-06-03 22:36:19,379 [WARNING] services.market_data_service: OHLCV history failed for MO: HTTPSConnectionPool(host='query1.finance.yahoo.com', port=443): Max retries exceeded with url: /v8/finance/chart/MO?interval=1mo&range=max&includeAdjustedClose=true (Caused by NameResolutionError("<urllib3.connection.HTTPSConnection object at 0x000002191F30F680>: Failed to resolve 'query1.finance.yahoo.com' ([Errno 11001] getaddrinfo failed)"))
2026-06-03 22:36:19,379 [WARNING] services.market_data_service: OHLCV history failed for FI: HTTPSConnectionPool(host='query1.finance.yahoo.com', port=443): Max retries exceeded with url: /v8/finance/chart/FI?interval=1wk&range=5y&includeAdjustedClose=true (Caused by NameResolutionError("<urllib3.connection.HTTPSConnection object at 0x000002191F30EE10>: Failed to resolve 'query1.finance.yahoo.com' ([Errno 11001] getaddrinfo failed)"))
2026-06-03 22:36:19,385 [WARNING] services.market_data_service: OHLCV history failed for WELL: HTTPSConnectionPool(host='query1.finance.yahoo.com', port=443): Max retries exceeded with url: /v8/finance/chart/WELL?interval=1d&range=1y&includeAdjustedClose=true (Caused by NameResolutionError("<urllib3.connection.HTTPSConnection object at 0x000002191F30CFE0>: Failed to resolve 'query1.finance.yahoo.com' ([Errno 11001] getaddrinfo failed)"))
2026-06-03 22:36:19,502 [WARNING] services.market_data_service: OHLCV history failed for DUK: HTTPSConnectionPool(host='query1.finance.yahoo.com', port=443): Max retries exceeded with url: /v8/finance/chart/DUK?interval=1wk&range=5y&includeAdjustedClose=true (Caused by NameResolutionError("<urllib3.connection.HTTPSConnection object at 0x000002191F95C260>: Failed to resolve 'query1.finance.yahoo.com' ([Errno 11001] getaddrinfo failed)"))
2026-06-03 22:36:19,503 [WARNING] services.market_data_service: OHLCV history failed for WELL: HTTPSConnectionPool(host='query1.finance.yahoo.com', port=443): Max retries exceeded with url: /v8/finance/chart/WELL?interval=1wk&range=5y&includeAdjustedClose=true (Caused by NameResolutionError("<urllib3.connection.HTTPSConnection object at 0x000002191F95DE20>: Failed to resolve 'query1.finance.yahoo.com' ([Errno 11001] getaddrinfo failed)"))
2026-06-03 22:36:19,503 [WARNING] services.market_data_service: OHLCV history failed for MCO: HTTPSConnectionPool(host='query1.finance.yahoo.com', port=443): Max retries exceeded with url: /v8/finance/chart/MCO?interval=1d&range=1y&includeAdjustedClose=true (Caused by NameResolutionError("<urllib3.connection.HTTPSConnection object at 0x000002191F95EF30>: Failed to resolve 'query1.finance.yahoo.com' ([Errno 11001] getaddrinfo failed)"))
2026-06-03 22:36:19,503 [WARNING] services.market_data_service: OHLCV history failed for FI: HTTPSConnectionPool(host='query1.finance.yahoo.com', port=443): Max retries exceeded with url: /v8/finance/chart/FI?interval=1mo&range=max&includeAdjustedClose=true (Caused by NameResolutionError("<urllib3.connection.HTTPSConnection object at 0x000002191F95D790>: Failed to resolve 'query1.finance.yahoo.com' ([Errno 11001] getaddrinfo failed)"))
2026-06-03 22:36:19,504 [WARNING] services.market_data_service: OHLCV history failed for FCX: HTTPSConnectionPool(host='query1.finance.yahoo.com', port=443): Max retries exceeded with url: /v8/finance/chart/FCX?interval=1d&range=1y&includeAdjustedClose=true (Caused by NameResolutionError("<urllib3.connection.HTTPSConnection object at 0x000002191F95F770>: Failed to resolve 'query1.finance.yahoo.com' ([Errno 11001] getaddrinfo failed)"))
2026-06-03 22:36:19,525 [WARNING] services.market_data_service: OHLCV history failed for DUK: HTTPSConnectionPool(host='query1.finance.yahoo.com', port=443): Max retries exceeded with url: /v8/finance/chart/DUK?interval=1mo&range=max&includeAdjustedClose=true (Caused by NameResolutionError("<urllib3.connection.HTTPSConnection object at 0x000002191F247020>: Failed to resolve 'query1.finance.yahoo.com' ([Errno 11001] getaddrinfo failed)"))
2026-06-03 22:36:19,557 [WARNING] services.market_data_service: OHLCV history failed for MCO: HTTPSConnectionPool(host='query1.finance.yahoo.com', port=443): Max retries exceeded with url: /v8/finance/chart/MCO?interval=1wk&range=5y&includeAdjustedClose=true (Caused by NameResolutionError("<urllib3.connection.HTTPSConnection object at 0x000002191F2FF890>: Failed to resolve 'query1.finance.yahoo.com' ([Errno 11001] getaddrinfo failed)"))
2026-06-03 22:36:19,585 [WARNING] services.market_data_service: OHLCV history failed for FCX: HTTPSConnectionPool(host='query1.finance.yahoo.com', port=443): Max retries exceeded with url: /v8/finance/chart/FCX?interval=1wk&range=5y&includeAdjustedClose=true (Caused by NameResolutionError("<urllib3.connection.HTTPSConnection object at 0x000002191F269C70>: Failed to resolve 'query1.finance.yahoo.com' ([Errno 11001] getaddrinfo failed)"))
2026-06-03 22:36:19,594 [WARNING] services.market_data_service: OHLCV history failed for MCO: HTTPSConnectionPool(host='query1.finance.yahoo.com', port=443): Max retries exceeded with url: /v8/finance/chart/MCO?interval=1mo&range=max&includeAdjustedClose=true (Caused by NameResolutionError("<urllib3.connection.HTTPSConnection object at 0x000002191F30D490>: Failed to resolve 'query1.finance.yahoo.com' ([Errno 11001] getaddrinfo failed)"))
2026-06-03 22:36:19,604 [WARNING] services.market_data_service: OHLCV history failed for WELL: HTTPSConnectionPool(host='query1.finance.yahoo.com', port=443): Max retries exceeded with url: /v8/finance/chart/WELL?interval=1mo&range=max&includeAdjustedClose=true (Caused by NameResolutionError("<urllib3.connection.HTTPSConnection object at 0x000002191F30DDC0>: Failed to resolve 'query1.finance.yahoo.com' ([Errno 11001] getaddrinfo failed)"))
2026-06-03 22:36:19,606 [WARNING] services.market_data_service: OHLCV history failed for FCX: HTTPSConnectionPool(host='query1.finance.yahoo.com', port=443): Max retries exceeded with url: /v8/finance/chart/FCX?interval=1mo&range=max&includeAdjustedClose=true (Caused by NameResolutionError("<urllib3.connection.HTTPSConnection object at 0x000002191F30C9E0>: Failed to resolve 'query1.finance.yahoo.com' ([Errno 11001] getaddrinfo failed)"))
2026-06-03 22:36:34,321 [INFO] backend: Backend shutting down
2026-06-03 22:36:49,922 [INFO] backend: Stock Intelligence Platform backend v2.0.0 starting (log: C:\Users\mohan\Stock App\stock-intelligence-platform\storage\logs\backend.log)
2026-06-03 22:38:03,319 [WARNING] services.market_data_service: OHLCV history failed for MMC: 404 Client Error: Not Found for url: https://query1.finance.yahoo.com/v8/finance/chart/MMC?interval=1d&range=1y&includeAdjustedClose=true
2026-06-03 22:38:03,788 [WARNING] services.market_data_service: OHLCV history failed for MMC: 404 Client Error: Not Found for url: https://query1.finance.yahoo.com/v8/finance/chart/MMC?interval=1wk&range=5y&includeAdjustedClose=true
2026-06-03 22:38:04,068 [WARNING] services.market_data_service: OHLCV history failed for MMC: 404 Client Error: Not Found for url: https://query1.finance.yahoo.com/v8/finance/chart/MMC?interval=1mo&range=max&includeAdjustedClose=true
2026-06-03 22:38:04,326 [WARNING] services.market_data_service: OHLCV history failed for FI: 404 Client Error: Not Found for url: https://query1.finance.yahoo.com/v8/finance/chart/FI?interval=1d&range=1y&includeAdjustedClose=true
2026-06-03 22:38:04,688 [WARNING] services.market_data_service: OHLCV history failed for FI: 404 Client Error: Not Found for url: https://query1.finance.yahoo.com/v8/finance/chart/FI?interval=1wk&range=5y&includeAdjustedClose=true
2026-06-03 22:38:04,893 [WARNING] services.market_data_service: OHLCV history failed for FI: 404 Client Error: Not Found for url: https://query1.finance.yahoo.com/v8/finance/chart/FI?interval=1mo&range=max&includeAdjustedClose=true
2026-06-03 22:38:20,215 [WARNING] services.market_data_service: OHLCV history failed for MMC: 404 Client Error: Not Found for url: https://query1.finance.yahoo.com/v8/finance/chart/MMC?interval=1d&range=1y&includeAdjustedClose=true
2026-06-03 22:38:20,704 [WARNING] services.market_data_service: OHLCV history failed for MMC: 404 Client Error: Not Found for url: https://query1.finance.yahoo.com/v8/finance/chart/MMC?interval=1wk&range=5y&includeAdjustedClose=true
2026-06-03 22:38:21,240 [WARNING] services.market_data_service: OHLCV history failed for MMC: 404 Client Error: Not Found for url: https://query1.finance.yahoo.com/v8/finance/chart/MMC?interval=1mo&range=max&includeAdjustedClose=true
2026-06-03 22:38:21,392 [WARNING] services.market_data_service: OHLCV history failed for FI: 404 Client Error: Not Found for url: https://query1.finance.yahoo.com/v8/finance/chart/FI?interval=1d&range=1y&includeAdjustedClose=true
2026-06-03 22:38:21,825 [WARNING] services.market_data_service: OHLCV history failed for FI: 404 Client Error: Not Found for url: https://query1.finance.yahoo.com/v8/finance/chart/FI?interval=1wk&range=5y&includeAdjustedClose=true
2026-06-03 22:38:22,245 [WARNING] services.market_data_service: OHLCV history failed for FI: 404 Client Error: Not Found for url: https://query1.finance.yahoo.com/v8/finance/chart/FI?interval=1mo&range=max&includeAdjustedClose=true
2026-06-03 22:38:31,329 [WARNING] services.market_data_service: OHLCV history failed for MMC: 404 Client Error: Not Found for url: https://query1.finance.yahoo.com/v8/finance/chart/MMC?interval=1d&range=1y&includeAdjustedClose=true
2026-06-03 22:38:31,725 [WARNING] services.market_data_service: OHLCV history failed for MMC: 404 Client Error: Not Found for url: https://query1.finance.yahoo.com/v8/finance/chart/MMC?interval=1wk&range=5y&includeAdjustedClose=true
2026-06-03 22:38:32,014 [WARNING] services.market_data_service: OHLCV history failed for FI: 404 Client Error: Not Found for url: https://query1.finance.yahoo.com/v8/finance/chart/FI?interval=1d&range=1y&includeAdjustedClose=true
2026-06-03 22:38:32,035 [WARNING] services.market_data_service: OHLCV history failed for MMC: 404 Client Error: Not Found for url: https://query1.finance.yahoo.com/v8/finance/chart/MMC?interval=1mo&range=max&includeAdjustedClose=true
2026-06-03 22:38:32,395 [WARNING] services.market_data_service: OHLCV history failed for FI: 404 Client Error: Not Found for url: https://query1.finance.yahoo.com/v8/finance/chart/FI?interval=1wk&range=5y&includeAdjustedClose=true
2026-06-03 22:38:32,851 [WARNING] services.market_data_service: OHLCV history failed for FI: 404 Client Error: Not Found for url: https://query1.finance.yahoo.com/v8/finance/chart/FI?interval=1mo&range=max&includeAdjustedClose=true
2026-06-03 22:38:55,747 [WARNING] services.market_data_service: OHLCV history failed for MMC: 404 Client Error: Not Found for url: https://query1.finance.yahoo.com/v8/finance/chart/MMC?interval=1d&range=1y&includeAdjustedClose=true
2026-06-03 22:38:56,072 [WARNING] services.market_data_service: OHLCV history failed for MMC: 404 Client Error: Not Found for url: https://query1.finance.yahoo.com/v8/finance/chart/MMC?interval=1wk&range=5y&includeAdjustedClose=true
2026-06-03 22:38:56,358 [WARNING] services.market_data_service: OHLCV history failed for MMC: 404 Client Error: Not Found for url: https://query1.finance.yahoo.com/v8/finance/chart/MMC?interval=1mo&range=max&includeAdjustedClose=true
2026-06-03 22:38:56,668 [WARNING] services.market_data_service: OHLCV history failed for FI: 404 Client Error: Not Found for url: https://query1.finance.yahoo.com/v8/finance/chart/FI?interval=1d&range=1y&includeAdjustedClose=true
2026-06-03 22:38:57,105 [WARNING] services.market_data_service: OHLCV history failed for FI: 404 Client Error: Not Found for url: https://query1.finance.yahoo.com/v8/finance/chart/FI?interval=1wk&range=5y&includeAdjustedClose=true
2026-06-03 22:38:57,382 [WARNING] services.market_data_service: OHLCV history failed for FI: 404 Client Error: Not Found for url: https://query1.finance.yahoo.com/v8/finance/chart/FI?interval=1mo&range=max&includeAdjustedClose=true
2026-06-03 22:44:42,716 [INFO] backend: Backend shutting down
2026-06-03 22:44:51,021 [INFO] backend: Stock Intelligence Platform backend v2.0.0 starting (log: C:\Users\mohan\Stock App\stock-intelligence-platform\storage\logs\backend.log)
2026-06-03 22:54:53,754 [WARNING] services.market_data_service: OHLCV history failed for DUMMYVEDL1: 404 Client Error: Not Found for url: https://query1.finance.yahoo.com/v8/finance/chart/DUMMYVEDL1.NS?interval=1d&range=1y&includeAdjustedClose=true
2026-06-03 22:54:53,815 [WARNING] services.market_data_service: OHLCV history failed for DUMMYVEDL3: 404 Client Error: Not Found for url: https://query1.finance.yahoo.com/v8/finance/chart/DUMMYVEDL3.NS?interval=1d&range=1y&includeAdjustedClose=true
2026-06-03 22:54:53,842 [WARNING] services.market_data_service: OHLCV history failed for DUMMYVEDL2: 404 Client Error: Not Found for url: https://query1.finance.yahoo.com/v8/finance/chart/DUMMYVEDL2.NS?interval=1d&range=1y&includeAdjustedClose=true
2026-06-03 22:54:53,897 [WARNING] services.market_data_service: OHLCV history failed for DUMMYVEDL4: 404 Client Error: Not Found for url: https://query1.finance.yahoo.com/v8/finance/chart/DUMMYVEDL4.NS?interval=1d&range=1y&includeAdjustedClose=true
2026-06-03 22:54:54,015 [WARNING] services.market_data_service: OHLCV history failed for DUMMYVEDL3: 404 Client Error: Not Found for url: https://query1.finance.yahoo.com/v8/finance/chart/DUMMYVEDL3.NS?interval=1wk&range=5y&includeAdjustedClose=true
2026-06-03 22:54:54,060 [WARNING] services.market_data_service: OHLCV history failed for DUMMYVEDL1: 404 Client Error: Not Found for url: https://query1.finance.yahoo.com/v8/finance/chart/DUMMYVEDL1.NS?interval=1wk&range=5y&includeAdjustedClose=true
2026-06-03 22:54:54,140 [WARNING] services.market_data_service: OHLCV history failed for DUMMYVEDL2: 404 Client Error: Not Found for url: https://query1.finance.yahoo.com/v8/finance/chart/DUMMYVEDL2.NS?interval=1wk&range=5y&includeAdjustedClose=true
2026-06-03 22:54:54,208 [WARNING] services.market_data_service: OHLCV history failed for DUMMYVEDL4: 404 Client Error: Not Found for url: https://query1.finance.yahoo.com/v8/finance/chart/DUMMYVEDL4.NS?interval=1wk&range=5y&includeAdjustedClose=true
2026-06-03 22:54:54,356 [WARNING] services.market_data_service: OHLCV history failed for DUMMYVEDL3: 404 Client Error: Not Found for url: https://query1.finance.yahoo.com/v8/finance/chart/DUMMYVEDL3.NS?interval=1mo&range=max&includeAdjustedClose=true
2026-06-03 22:54:54,380 [WARNING] services.market_data_service: OHLCV history failed for DUMMYVEDL1: 404 Client Error: Not Found for url: https://query1.finance.yahoo.com/v8/finance/chart/DUMMYVEDL1.NS?interval=1mo&range=max&includeAdjustedClose=true
2026-06-03 22:54:54,440 [WARNING] services.market_data_service: OHLCV history failed for DUMMYVEDL2: 404 Client Error: Not Found for url: https://query1.finance.yahoo.com/v8/finance/chart/DUMMYVEDL2.NS?interval=1mo&range=max&includeAdjustedClose=true
2026-06-03 22:54:54,563 [WARNING] services.market_data_service: OHLCV history failed for DUMMYVEDL4: 404 Client Error: Not Found for url: https://query1.finance.yahoo.com/v8/finance/chart/DUMMYVEDL4.NS?interval=1mo&range=max&includeAdjustedClose=true
2026-06-03 23:29:09,085 [INFO] backend: Backend shutting down
2026-06-06 00:39:54,100 [INFO] backend: Stock Intelligence Platform backend v2.0.0 starting (log: C:\Users\mohan\Stock App\stock-intelligence-platform\storage\logs\backend.log)
2026-06-06 00:40:02,930 [WARNING] services.universe_sync: Failed to fetch NIFTY 200 from NSE: HTTPSConnectionPool(host='archives.nseindia.com', port=443): Max retries exceeded with url: /content/indices/ind_nifty200list.csv (Caused by NameResolutionError("<urllib3.connection.HTTPSConnection object at 0x00000213B4AACF20>: Failed to resolve 'archives.nseindia.com' ([Errno 11001] getaddrinfo failed)")). Using fallback.
2026-06-06 00:40:02,931 [WARNING] services.universe_sync: Failed to fetch NIFTY 100 from NSE: HTTPSConnectionPool(host='archives.nseindia.com', port=443): Max retries exceeded with url: /content/indices/ind_nifty100list.csv (Caused by NameResolutionError("<urllib3.connection.HTTPSConnection object at 0x00000213B4AACC20>: Failed to resolve 'archives.nseindia.com' ([Errno 11001] getaddrinfo failed)")). Using fallback.
2026-06-06 00:40:02,931 [WARNING] services.universe_sync: Failed to fetch NIFTY NEXT 50 from NSE: HTTPSConnectionPool(host='archives.nseindia.com', port=443): Max retries exceeded with url: /content/indices/ind_niftynext50list.csv (Caused by NameResolutionError("<urllib3.connection.HTTPSConnection object at 0x00000213B4A0BC20>: Failed to resolve 'archives.nseindia.com' ([Errno 11001] getaddrinfo failed)")). Using fallback.
2026-06-06 00:40:02,932 [WARNING] services.universe_sync: Failed to fetch NIFTY 50 from NSE: HTTPSConnectionPool(host='archives.nseindia.com', port=443): Max retries exceeded with url: /content/indices/ind_nifty50list.csv (Caused by NameResolutionError("<urllib3.connection.HTTPSConnection object at 0x00000213B3591D30>: Failed to resolve 'archives.nseindia.com' ([Errno 11001] getaddrinfo failed)")). Using fallback.
2026-06-06 00:40:02,947 [WARNING] services.universe_sync: Failed to fetch NIFTY 500 from NSE: HTTPSConnectionPool(host='archives.nseindia.com', port=443): Max retries exceeded with url: /content/indices/ind_nifty500list.csv (Caused by NameResolutionError("<urllib3.connection.HTTPSConnection object at 0x00000213B4AAE8A0>: Failed to resolve 'archives.nseindia.com' ([Errno 11001] getaddrinfo failed)")). Using fallback.
2026-06-06 00:40:02,951 [WARNING] services.universe_sync: Failed to fetch NIFTY MIDCAP 150 from NSE: HTTPSConnectionPool(host='archives.nseindia.com', port=443): Max retries exceeded with url: /content/indices/ind_niftymidcap150list.csv (Caused by NameResolutionError("<urllib3.connection.HTTPSConnection object at 0x00000213B35C4E00>: Failed to resolve 'archives.nseindia.com' ([Errno 11001] getaddrinfo failed)")). Using fallback.
2026-06-06 00:40:02,959 [WARNING] services.universe_sync: Failed to fetch NIFTY SMALLCAP 250 from NSE: HTTPSConnectionPool(host='archives.nseindia.com', port=443): Max retries exceeded with url: /content/indices/ind_niftysmallcap250list.csv (Caused by NameResolutionError("<urllib3.connection.HTTPSConnection object at 0x00000213B4AAD130>: Failed to resolve 'archives.nseindia.com' ([Errno 11001] getaddrinfo failed)")). Using fallback.
2026-06-06 00:40:02,961 [WARNING] services.universe_sync: Failed to fetch NIFTY BANK from NSE: HTTPSConnectionPool(host='archives.nseindia.com', port=443): Max retries exceeded with url: /content/indices/ind_niftybanklist.csv (Caused by NameResolutionError("<urllib3.connection.HTTPSConnection object at 0x00000213B4AAD6D0>: Failed to resolve 'archives.nseindia.com' ([Errno 11001] getaddrinfo failed)")). Using fallback.
2026-06-06 00:40:02,965 [WARNING] services.universe_sync: Failed to fetch NIFTY IT from NSE: HTTPSConnectionPool(host='archives.nseindia.com', port=443): Max retries exceeded with url: /content/indices/ind_niftyitlist.csv (Caused by NameResolutionError("<urllib3.connection.HTTPSConnection object at 0x00000213B4AACA40>: Failed to resolve 'archives.nseindia.com' ([Errno 11001] getaddrinfo failed)")). Using fallback.
2026-06-06 00:40:02,972 [WARNING] services.universe_sync: Failed to fetch NIFTY PHARMA from NSE: HTTPSConnectionPool(host='archives.nseindia.com', port=443): Max retries exceeded with url: /content/indices/ind_niftypharmalist.csv (Caused by NameResolutionError("<urllib3.connection.HTTPSConnection object at 0x00000213B4AAEFF0>: Failed to resolve 'archives.nseindia.com' ([Errno 11001] getaddrinfo failed)")). Using fallback.
2026-06-06 00:40:03,003 [WARNING] services.universe_sync: Failed to fetch NIFTY AUTO from NSE: HTTPSConnectionPool(host='archives.nseindia.com', port=443): Max retries exceeded with url: /content/indices/ind_niftyautolist.csv (Caused by NameResolutionError("<urllib3.connection.HTTPSConnection object at 0x00000213B4AAD3D0>: Failed to resolve 'archives.nseindia.com' ([Errno 11001] getaddrinfo failed)")). Using fallback.
2026-06-06 00:40:03,003 [WARNING] services.universe_sync: Failed to fetch NIFTY FMCG from NSE: HTTPSConnectionPool(host='archives.nseindia.com', port=443): Max retries exceeded with url: /content/indices/ind_niftyfmcglist.csv (Caused by NameResolutionError("<urllib3.connection.HTTPSConnection object at 0x00000213B4AAE4B0>: Failed to resolve 'archives.nseindia.com' ([Errno 11001] getaddrinfo failed)")). Using fallback.
2026-06-06 00:40:03,004 [WARNING] services.universe_sync: Failed to fetch NIFTY PSU BANK from NSE: HTTPSConnectionPool(host='archives.nseindia.com', port=443): Max retries exceeded with url: /content/indices/ind_niftypsubanklist.csv (Caused by NameResolutionError("<urllib3.connection.HTTPSConnection object at 0x00000213B4AAF890>: Failed to resolve 'archives.nseindia.com' ([Errno 11001] getaddrinfo failed)")). Using fallback.
2026-06-06 00:40:03,007 [WARNING] services.universe_sync: Failed to fetch NIFTY ENERGY from NSE: HTTPSConnectionPool(host='archives.nseindia.com', port=443): Max retries exceeded with url: /content/indices/ind_niftyenergylist.csv (Caused by NameResolutionError("<urllib3.connection.HTTPSConnection object at 0x00000213B4AAFC20>: Failed to resolve 'archives.nseindia.com' ([Errno 11001] getaddrinfo failed)")). Using fallback.
2026-06-06 00:40:03,030 [WARNING] services.universe_sync: Failed to fetch NIFTY REALTY from NSE: HTTPSConnectionPool(host='archives.nseindia.com', port=443): Max retries exceeded with url: /content/indices/ind_niftyrealtylist.csv (Caused by NameResolutionError("<urllib3.connection.HTTPSConnection object at 0x00000213B4A0AF60>: Failed to resolve 'archives.nseindia.com' ([Errno 11001] getaddrinfo failed)")). Using fallback.
2026-06-06 00:40:03,035 [WARNING] services.universe_sync: Failed to fetch NIFTY INFRA from NSE: HTTPSConnectionPool(host='archives.nseindia.com', port=443): Max retries exceeded with url: /content/indices/ind_niftyinfralist.csv (Caused by NameResolutionError("<urllib3.connection.HTTPSConnection object at 0x00000213B4A0BAA0>: Failed to resolve 'archives.nseindia.com' ([Errno 11001] getaddrinfo failed)")). Using fallback.
2026-06-06 00:40:03,036 [WARNING] services.universe_sync: Failed to fetch NIFTY METAL from NSE: HTTPSConnectionPool(host='archives.nseindia.com', port=443): Max retries exceeded with url: /content/indices/ind_niftymetallist.csv (Caused by NameResolutionError("<urllib3.connection.HTTPSConnection object at 0x00000213B4AAF170>: Failed to resolve 'archives.nseindia.com' ([Errno 11001] getaddrinfo failed)")). Using fallback.
2026-06-06 00:40:03,044 [WARNING] services.universe_sync: Failed to fetch NIFTY MEDIA from NSE: HTTPSConnectionPool(host='archives.nseindia.com', port=443): Max retries exceeded with url: /content/indices/ind_niftymedialist.csv (Caused by NameResolutionError("<urllib3.connection.HTTPSConnection object at 0x00000213B4AAF830>: Failed to resolve 'archives.nseindia.com' ([Errno 11001] getaddrinfo failed)")). Using fallback.
2026-06-06 00:41:23,264 [WARNING] services.market_data_service: OHLCV history failed for TATAMOTORS: 404 Client Error: Not Found for url: https://query1.finance.yahoo.com/v8/finance/chart/TATAMOTORS.NS?interval=1d&range=1y&includeAdjustedClose=true
2026-06-06 00:41:24,074 [WARNING] services.market_data_service: OHLCV history failed for TATAMOTORS: 404 Client Error: Not Found for url: https://query1.finance.yahoo.com/v8/finance/chart/TATAMOTORS.NS?interval=1wk&range=5y&includeAdjustedClose=true
2026-06-06 00:41:24,823 [WARNING] services.market_data_service: OHLCV history failed for TATAMOTORS: 404 Client Error: Not Found for url: https://query1.finance.yahoo.com/v8/finance/chart/TATAMOTORS.NS?interval=1mo&range=max&includeAdjustedClose=true
2026-06-06 00:41:46,512 [WARNING] services.market_data_service: OHLCV history failed for TATAMOTORS: 404 Client Error: Not Found for url: https://query1.finance.yahoo.com/v8/finance/chart/TATAMOTORS.NS?interval=1d&range=1y&includeAdjustedClose=true
2026-06-06 00:41:47,518 [WARNING] services.market_data_service: OHLCV history failed for TATAMOTORS: 404 Client Error: Not Found for url: https://query1.finance.yahoo.com/v8/finance/chart/TATAMOTORS.NS?interval=1wk&range=5y&includeAdjustedClose=true
2026-06-06 00:41:48,410 [WARNING] services.market_data_service: OHLCV history failed for TATAMOTORS: 404 Client Error: Not Found for url: https://query1.finance.yahoo.com/v8/finance/chart/TATAMOTORS.NS?interval=1mo&range=max&includeAdjustedClose=true
2026-06-06 00:42:54,918 [WARNING] services.market_data_service: OHLCV history failed for TATAMOTORS: 404 Client Error: Not Found for url: https://query1.finance.yahoo.com/v8/finance/chart/TATAMOTORS.NS?interval=1d&range=1y&includeAdjustedClose=true
2026-06-06 00:42:55,351 [WARNING] services.market_data_service: OHLCV history failed for TATAMOTORS: 404 Client Error: Not Found for url: https://query1.finance.yahoo.com/v8/finance/chart/TATAMOTORS.NS?interval=1wk&range=5y&includeAdjustedClose=true
2026-06-06 00:42:56,488 [WARNING] services.market_data_service: OHLCV history failed for TATAMOTORS: 404 Client Error: Not Found for url: https://query1.finance.yahoo.com/v8/finance/chart/TATAMOTORS.NS?interval=1mo&range=max&includeAdjustedClose=true
2026-06-06 00:48:40,176 [INFO] backend: Backend shutting down
2026-06-06 00:48:45,713 [INFO] backend: Stock Intelligence Platform backend v2.0.0 starting (log: C:\Users\mohan\Stock App\stock-intelligence-platform\storage\logs\backend.log)
2026-06-06 00:49:51,773 [INFO] backend: Stock Intelligence Platform backend v2.0.0 starting (log: C:\Users\mohan\Stock App\stock-intelligence-platform\storage\logs\backend.log)
2026-06-06 00:50:27,259 [WARNING] services.market_data_service: OHLCV history failed for DUMMYVEDL1: 404 Client Error: Not Found for url: https://query1.finance.yahoo.com/v8/finance/chart/DUMMYVEDL1.NS?interval=1d&range=1y&includeAdjustedClose=true
2026-06-06 00:50:27,266 [WARNING] services.market_data_service: OHLCV history failed for DUMMYVEDL2: 404 Client Error: Not Found for url: https://query1.finance.yahoo.com/v8/finance/chart/DUMMYVEDL2.NS?interval=1d&range=1y&includeAdjustedClose=true
2026-06-06 00:50:27,620 [WARNING] services.market_data_service: OHLCV history failed for DUMMYVEDL4: 404 Client Error: Not Found for url: https://query1.finance.yahoo.com/v8/finance/chart/DUMMYVEDL4.NS?interval=1d&range=1y&includeAdjustedClose=true
2026-06-06 00:50:27,652 [WARNING] services.market_data_service: OHLCV history failed for DUMMYVEDL3: 404 Client Error: Not Found for url: https://query1.finance.yahoo.com/v8/finance/chart/DUMMYVEDL3.NS?interval=1d&range=1y&includeAdjustedClose=true
2026-06-06 00:50:28,103 [WARNING] services.market_data_service: OHLCV history failed for DUMMYVEDL1: 404 Client Error: Not Found for url: https://query1.finance.yahoo.com/v8/finance/chart/DUMMYVEDL1.NS?interval=1wk&range=5y&includeAdjustedClose=true
2026-06-06 00:50:28,160 [WARNING] services.market_data_service: OHLCV history failed for DUMMYVEDL2: 404 Client Error: Not Found for url: https://query1.finance.yahoo.com/v8/finance/chart/DUMMYVEDL2.NS?interval=1wk&range=5y&includeAdjustedClose=true
2026-06-06 00:50:28,728 [WARNING] services.market_data_service: OHLCV history failed for DUMMYVEDL4: 404 Client Error: Not Found for url: https://query1.finance.yahoo.com/v8/finance/chart/DUMMYVEDL4.NS?interval=1wk&range=5y&includeAdjustedClose=true
2026-06-06 00:50:28,821 [WARNING] services.market_data_service: OHLCV history failed for DUMMYVEDL3: 404 Client Error: Not Found for url: https://query1.finance.yahoo.com/v8/finance/chart/DUMMYVEDL3.NS?interval=1wk&range=5y&includeAdjustedClose=true
2026-06-06 00:50:28,985 [WARNING] services.market_data_service: OHLCV history failed for DUMMYVEDL1: 404 Client Error: Not Found for url: https://query1.finance.yahoo.com/v8/finance/chart/DUMMYVEDL1.NS?interval=1mo&range=max&includeAdjustedClose=true
2026-06-06 00:50:28,989 [WARNING] services.market_data_service: OHLCV history failed for DUMMYVEDL2: 404 Client Error: Not Found for url: https://query1.finance.yahoo.com/v8/finance/chart/DUMMYVEDL2.NS?interval=1mo&range=max&includeAdjustedClose=true
2026-06-06 00:50:29,648 [WARNING] services.market_data_service: OHLCV history failed for DUMMYVEDL3: 404 Client Error: Not Found for url: https://query1.finance.yahoo.com/v8/finance/chart/DUMMYVEDL3.NS?interval=1mo&range=max&includeAdjustedClose=true
2026-06-06 00:50:29,655 [WARNING] services.market_data_service: OHLCV history failed for DUMMYVEDL4: 404 Client Error: Not Found for url: https://query1.finance.yahoo.com/v8/finance/chart/DUMMYVEDL4.NS?interval=1mo&range=max&includeAdjustedClose=true
2026-06-06 00:50:43,264 [WARNING] services.market_data_service: OHLCV history failed for HONAUT: 500 Server Error: INKApi Error for url: https://query1.finance.yahoo.com/v8/finance/chart/HONAUT.NS?interval=1d&range=1y&includeAdjustedClose=true
2026-06-06 00:50:56,082 [WARNING] services.market_data_service: OHLCV history failed for DUMMYVEDL3: 404 Client Error: Not Found for url: https://query1.finance.yahoo.com/v8/finance/chart/DUMMYVEDL3.NS?interval=1d&range=1y&includeAdjustedClose=true
2026-06-06 00:50:56,099 [WARNING] services.market_data_service: OHLCV history failed for DUMMYVEDL1: 404 Client Error: Not Found for url: https://query1.finance.yahoo.com/v8/finance/chart/DUMMYVEDL1.NS?interval=1d&range=1y&includeAdjustedClose=true
2026-06-06 00:50:56,100 [WARNING] services.market_data_service: OHLCV history failed for DUMMYVEDL2: 404 Client Error: Not Found for url: https://query1.finance.yahoo.com/v8/finance/chart/DUMMYVEDL2.NS?interval=1d&range=1y&includeAdjustedClose=true
2026-06-06 00:50:56,176 [WARNING] services.market_data_service: OHLCV history failed for DUMMYVEDL4: 404 Client Error: Not Found for url: https://query1.finance.yahoo.com/v8/finance/chart/DUMMYVEDL4.NS?interval=1d&range=1y&includeAdjustedClose=true
2026-06-06 00:50:56,779 [WARNING] services.market_data_service: OHLCV history failed for DUMMYVEDL3: 404 Client Error: Not Found for url: https://query1.finance.yahoo.com/v8/finance/chart/DUMMYVEDL3.NS?interval=1wk&range=5y&includeAdjustedClose=true
2026-06-06 00:50:56,816 [WARNING] services.market_data_service: OHLCV history failed for DUMMYVEDL2: 404 Client Error: Not Found for url: https://query1.finance.yahoo.com/v8/finance/chart/DUMMYVEDL2.NS?interval=1wk&range=5y&includeAdjustedClose=true
2026-06-06 00:50:57,153 [WARNING] services.market_data_service: OHLCV history failed for DUMMYVEDL1: 404 Client Error: Not Found for url: https://query1.finance.yahoo.com/v8/finance/chart/DUMMYVEDL1.NS?interval=1wk&range=5y&includeAdjustedClose=true
2026-06-06 00:50:57,473 [WARNING] services.market_data_service: OHLCV history failed for DUMMYVEDL4: 404 Client Error: Not Found for url: https://query1.finance.yahoo.com/v8/finance/chart/DUMMYVEDL4.NS?interval=1wk&range=5y&includeAdjustedClose=true
2026-06-06 00:50:57,570 [WARNING] services.market_data_service: OHLCV history failed for DUMMYVEDL3: 404 Client Error: Not Found for url: https://query1.finance.yahoo.com/v8/finance/chart/DUMMYVEDL3.NS?interval=1mo&range=max&includeAdjustedClose=true
2026-06-06 00:50:57,629 [WARNING] services.market_data_service: OHLCV history failed for DUMMYVEDL2: 404 Client Error: Not Found for url: https://query1.finance.yahoo.com/v8/finance/chart/DUMMYVEDL2.NS?interval=1mo&range=max&includeAdjustedClose=true
2026-06-06 00:50:57,914 [WARNING] services.market_data_service: OHLCV history failed for DUMMYVEDL1: 404 Client Error: Not Found for url: https://query1.finance.yahoo.com/v8/finance/chart/DUMMYVEDL1.NS?interval=1mo&range=max&includeAdjustedClose=true
2026-06-06 00:50:58,230 [WARNING] services.market_data_service: OHLCV history failed for DUMMYVEDL4: 404 Client Error: Not Found for url: https://query1.finance.yahoo.com/v8/finance/chart/DUMMYVEDL4.NS?interval=1mo&range=max&includeAdjustedClose=true
2026-06-06 00:53:18,922 [INFO] backend: Backend shutting down
